recording_file,word,phoneme,phoneme_index,start_time,end_time,duration,duration_ratio,gop_score,gop_gap,max_posterior_phoneme,energy_mean,error_type,label_confidence,label_source
00a91b1d135d4f6fb148a7b1afecc716.wav,Good,ɡ,0,0.271,0.331,0.06,1.2,-6.6996,4.3068,<pad>,0.137871,substitution,0.931,rule_based_v1
00a91b1d135d4f6fb148a7b1afecc716.wav,Good,ʊ,1,0.331,0.391,0.06,0.75,-8.9909,6.9248,<pad>,0.162748,substitution,0.95,rule_based_v1
00a91b1d135d4f6fb148a7b1afecc716.wav,Good,d,2,0.391,0.451,0.06,1.2,-4.5823,2.0943,<pad>,0.050514,distortion,0.509,rule_based_v1
00a91b1d135d4f6fb148a7b1afecc716.wav,morning,m,0,0.531,0.5797,0.0487,0.696,-0.0097,0.0,m,0.171842,correct,0.95,rule_based_v1
00a91b1d135d4f6fb148a7b1afecc716.wav,morning,ɔ,1,0.5797,0.6284,0.0487,0.609,-11.4094,5.8069,<pad>,0.131286,substitution,0.95,rule_based_v1
00a91b1d135d4f6fb148a7b1afecc716.wav,morning,ː,2,0.6284,0.6771,0.0487,0.609,-0.0,0.0,<pad>,0.113147,correct,0.95,rule_based_v1
00a91b1d135d4f6fb148a7b1afecc716.wav,morning,ɹ,3,0.6771,0.7259,0.0487,0.609,-7.3643,7.3619,<pad>,0.050955,substitution,0.95,rule_based_v1
00a91b1d135d4f6fb148a7b1afecc716.wav,morning,n,4,0.7259,0.7746,0.0487,0.812,-7.0923,7.0907,<pad>,0.073048,substitution,0.95,rule_based_v1
00a91b1d135d4f6fb148a7b1afecc716.wav,morning,ɪ,5,0.7746,0.8233,0.0487,0.609,-9.5569,5.7573,n,0.061614,substitution,0.95,rule_based_v1
00a91b1d135d4f6fb148a7b1afecc716.wav,morning,ŋ,6,0.8233,0.872,0.0487,0.696,-10.1982,7.1098,<pad>,0.032624,substitution,0.95,rule_based_v1
00a91b1d135d4f6fb148a7b1afecc716.wav,everyone.,ɛ,0,1.032,1.1006,0.0686,0.857,-13.7067,13.7064,<pad>,0.065108,substitution,0.95,rule_based_v1
00a91b1d135d4f6fb148a7b1afecc716.wav,everyone.,v,1,1.1006,1.1691,0.0686,0.98,-3.0117,0.0,v,0.103979,correct,0.95,rule_based_v1
00a91b1d135d4f6fb148a7b1afecc716.wav,everyone.,ɹ,2,1.1691,1.2377,0.0686,0.857,-8.0789,4.4873,<pad>,0.154306,substitution,0.949,rule_based_v1
00a91b1d135d4f6fb148a7b1afecc716.wav,everyone.,ɪ,3,1.2377,1.3063,0.0686,0.857,-13.3412,13.341,<pad>,0.067642,substitution,0.95,rule_based_v1
00a91b1d135d4f6fb148a7b1afecc716.wav,everyone.,w,4,1.3063,1.3749,0.0686,1.371,-4.4101,2.5265,<pad>,0.103528,distortion,0.553,rule_based_v1
00a91b1d135d4f6fb148a7b1afecc716.wav,everyone.,ʌ,5,1.3749,1.4434,0.0686,0.98,-9.2994,6.7634,<pad>,0.057924,substitution,0.95,rule_based_v1
00a91b1d135d4f6fb148a7b1afecc716.wav,everyone.,n,6,1.4434,1.512,0.0686,1.143,-10.7141,10.714,<pad>,0.036013,substitution,0.95,rule_based_v1
00a91b1d135d4f6fb148a7b1afecc716.wav,Today,t,0,2.553,2.617,0.064,1.067,-6.0228,3.9545,<pad>,0.098138,substitution,0.895,rule_based_v1
00a91b1d135d4f6fb148a7b1afecc716.wav,Today,ə,1,2.617,2.681,0.064,1.067,-6.9321,4.9524,<pad>,0.134164,substitution,0.95,rule_based_v1
00a91b1d135d4f6fb148a7b1afecc716.wav,Today,d,2,2.681,2.745,0.064,1.28,-6.6443,3.443,<pad>,0.139485,substitution,0.844,rule_based_v1
00a91b1d135d4f6fb148a7b1afecc716.wav,Today,e,3,2.745,2.809,0.064,0.8,-11.7957,9.3015,<pad>,0.139638,substitution,0.95,rule_based_v1
00a91b1d135d4f6fb148a7b1afecc716.wav,Today,ɪ,4,2.809,2.873,0.064,0.8,-12.5115,12.5112,<pad>,0.071637,substitution,0.95,rule_based_v1
00a91b1d135d4f6fb148a7b1afecc716.wav,I,a,0,2.993,3.033,0.04,0.5,-13.4733,13.4733,<pad>,0.121071,substitution,0.95,rule_based_v1
00a91b1d135d4f6fb148a7b1afecc716.wav,I,ɪ,1,3.033,3.073,0.04,0.5,-8.3688,8.3662,<pad>,0.084207,substitution,0.95,rule_based_v1
00a91b1d135d4f6fb148a7b1afecc716.wav,want,w,0,3.113,3.1732,0.0603,1.205,-3.6163,1.9756,<pad>,0.080237,distortion,0.55,rule_based_v1
00a91b1d135d4f6fb148a7b1afecc716.wav,want,ɔ,1,3.1732,3.2335,0.0603,0.753,-9.526,6.4926,<pad>,0.124981,substitution,0.95,rule_based_v1
00a91b1d135d4f6fb148a7b1afecc716.wav,want,n,2,3.2335,3.2938,0.0603,1.004,-4.6749,4.5787,<pad>,0.097947,substitution,0.95,rule_based_v1
00a91b1d135d4f6fb148a7b1afecc716.wav,want,t,3,3.2938,3.354,0.0603,1.004,-2.1116,0.0,t,0.02864,correct,0.95,rule_based_v1
00a91b1d135d4f6fb148a7b1afecc716.wav,to,t,0,3.394,3.4207,0.0267,0.444,-4.7342,4.7176,<pad>,0.087343,substitution,0.95,rule_based_v1
00a91b1d135d4f6fb148a7b1afecc716.wav,to,u,1,3.4207,3.4473,0.0267,0.333,-8.0979,8.0305,ə,0.080572,substitution,0.95,rule_based_v1
00a91b1d135d4f6fb148a7b1afecc716.wav,to,ː,2,3.4473,3.474,0.0267,0.333,-0.0008,0.0,<pad>,0.043787,correct,0.95,rule_based_v1
00a91b1d135d4f6fb148a7b1afecc716.wav,talk,t,0,3.534,3.589,0.055,0.917,-3.976,0.1666,<pad>,0.156358,correct,0.908,rule_based_v1
00a91b1d135d4f6fb148a7b1afecc716.wav,talk,ɔ,1,3.589,3.644,0.055,0.688,-6.5958,0.825,<pad>,0.157642,correct,0.744,rule_based_v1
00a91b1d135d4f6fb148a7b1afecc716.wav,talk,ː,2,3.644,3.699,0.055,0.688,-0.0,0.0,<pad>,0.075546,correct,0.95,rule_based_v1
00a91b1d135d4f6fb148a7b1afecc716.wav,talk,k,3,3.699,3.754,0.055,0.786,-9.4715,9.4696,<pad>,0.010133,substitution,0.95,rule_based_v1
00a91b1d135d4f6fb148a7b1afecc716.wav,about,ɐ,0,3.814,3.874,0.06,0.75,-12.7516,12.7513,<pad>,0.057681,substitution,0.95,rule_based_v1
00a91b1d135d4f6fb148a7b1afecc716.wav,about,b,1,3.874,3.934,0.06,1.2,-7.0702,1.6258,<pad>,0.164136,distortion,0.55,rule_based_v1
00a91b1d135d4f6fb148a7b1afecc716.wav,about,a,2,3.934,3.994,0.06,0.75,-13.3478,13.3478,<pad>,0.137562,substitution,0.95,rule_based_v1
00a91b1d135d4f6fb148a7b1afecc716.wav,about,ʊ,3,3.994,4.054,0.06,0.75,-12.9133,12.9114,<pad>,0.102733,substitution,0.95,rule_based_v1
00a91b1d135d4f6fb148a7b1afecc716.wav,about,t,4,4.054,4.114,0.06,1.0,-7.4758,7.4672,<pad>,0.051701,substitution,0.95,rule_based_v1
00a91b1d135d4f6fb148a7b1afecc716.wav,healthy,h,0,4.214,4.2902,0.0762,1.27,-3.1938,1.4296,<pad>,0.077741,distortion,0.55,rule_based_v1
00a91b1d135d4f6fb148a7b1afecc716.wav,healthy,ɛ,1,4.2902,4.3664,0.0762,0.952,-8.7604,5.3096,<pad>,0.102381,substitution,0.95,rule_based_v1
00a91b1d135d4f6fb148a7b1afecc716.wav,healthy,l,2,4.3664,4.4426,0.0762,1.27,-1.4778,0.6018,<pad>,0.05873,correct,0.8,rule_based_v1
00a91b1d135d4f6fb148a7b1afecc716.wav,healthy,θ,3,4.4426,4.5188,0.0762,0.847,-7.8571,4.5744,<pad>,0.142888,substitution,0.95,rule_based_v1
00a91b1d135d4f6fb148a7b1afecc716.wav,healthy,i,4,4.5188,4.595,0.0762,0.952,-6.6863,4.5396,<pad>,0.106037,substitution,0.95,rule_based_v1
00a91b1d135d4f6fb148a7b1afecc716.wav,lifestyle.,l,0,4.655,4.7306,0.0756,1.259,-4.1639,1.0256,<pad>,0.132076,distortion,0.55,rule_based_v1
00a91b1d135d4f6fb148a7b1afecc716.wav,lifestyle.,a,1,4.7306,4.8061,0.0756,0.944,-11.3315,7.513,<pad>,0.096969,substitution,0.95,rule_based_v1
00a91b1d135d4f6fb148a7b1afecc716.wav,lifestyle.,ɪ,2,4.8061,4.8817,0.0756,0.944,-8.778,8.776,<pad>,0.028193,substitution,0.95,rule_based_v1
00a91b1d135d4f6fb148a7b1afecc716.wav,lifestyle.,f,3,4.8817,4.9572,0.0756,0.84,-6.7574,4.7036,<pad>,0.031259,substitution,0.95,rule_based_v1
00a91b1d135d4f6fb148a7b1afecc716.wav,lifestyle.,s,4,4.9572,5.0328,0.0756,0.756,-4.8057,1.4826,<pad>,0.032273,distortion,0.55,rule_based_v1
00a91b1d135d4f6fb148a7b1afecc716.wav,lifestyle.,t,5,5.0328,5.1083,0.0756,1.259,-8.8194,8.8191,<pad>,0.107384,substitution,0.95,rule_based_v1
00a91b1d135d4f6fb148a7b1afecc716.wav,lifestyle.,a,6,5.1083,5.1839,0.0756,0.944,-11.0543,8.6173,<pad>,0.038008,substitution,0.95,rule_based_v1
00a91b1d135d4f6fb148a7b1afecc716.wav,lifestyle.,ɪ,7,5.1839,5.2594,0.0756,0.944,-14.2571,10.3224,<pad>,0.023127,substitution,0.95,rule_based_v1
00a91b1d135d4f6fb148a7b1afecc716.wav,lifestyle.,l,8,5.2594,5.335,0.0756,1.259,-12.7389,12.7388,<pad>,0.016308,substitution,0.95,rule_based_v1
00a91b1d135d4f6fb148a7b1afecc716.wav,People,p,0,6.376,6.4327,0.0567,0.944,-0.7742,0.0,p,0.146666,correct,0.95,rule_based_v1
00a91b1d135d4f6fb148a7b1afecc716.wav,People,i,1,6.4327,6.4893,0.0567,0.708,-6.461,2.5082,<pad>,0.161367,distortion,0.551,rule_based_v1
00a91b1d135d4f6fb148a7b1afecc716.wav,People,ː,2,6.4893,6.546,0.0567,0.708,-0.0,0.0,<pad>,0.123186,correct,0.95,rule_based_v1
00a91b1d135d4f6fb148a7b1afecc716.wav,People,p,3,6.546,6.6027,0.0567,0.944,-12.1275,12.1272,<pad>,0.001796,substitution,0.95,rule_based_v1
00a91b1d135d4f6fb148a7b1afecc716.wav,People,ə,4,6.6027,6.6593,0.0567,0.944,-12.6478,12.6478,<pad>,0.167864,substitution,0.95,rule_based_v1
00a91b1d135d4f6fb148a7b1afecc716.wav,People,l,5,6.6593,6.716,0.0567,0.944,-11.5217,7.0753,<pad>,0.190953,substitution,0.95,rule_based_v1
00a91b1d135d4f6fb148a7b1afecc716.wav,should,ʃ,0,6.796,6.856,0.06,0.6,-4.7433,1.2964,<pad>,0.062248,distortion,0.55,rule_based_v1
00a91b1d135d4f6fb148a7b1afecc716.wav,should,ʊ,1,6.856,6.916,0.06,0.75,-7.0989,4.7052,<pad>,0.126855,substitution,0.95,rule_based_v1
00a91b1d135d4f6fb148a7b1afecc716.wav,should,d,2,6.916,6.976,0.06,1.2,-5.3967,2.7804,<pad>,0.025751,distortion,0.578,rule_based_v1
00a91b1d135d4f6fb148a7b1afecc716.wav,exercise,ɛ,0,7.097,7.1695,0.0725,0.906,-13.3706,11.1537,<pad>,0.015251,substitution,0.95,rule_based_v1
00a91b1d135d4f6fb148a7b1afecc716.wav,exercise,k,1,7.1695,7.242,0.0725,1.036,-7.5323,3.267,<pad>,0.03168,substitution,0.827,rule_based_v1
00a91b1d135d4f6fb148a7b1afecc716.wav,exercise,s,2,7.242,7.3145,0.0725,0.725,-6.0633,6.0549,<pad>,0.127641,substitution,0.95,rule_based_v1
00a91b1d135d4f6fb148a7b1afecc716.wav,exercise,ɚ,3,7.3145,7.387,0.0725,0.906,-6.4367,3.9644,<pad>,0.028961,substitution,0.896,rule_based_v1
00a91b1d135d4f6fb148a7b1afecc716.wav,exercise,s,4,7.387,7.4595,0.0725,0.725,-5.5558,2.5105,<pad>,0.130954,distortion,0.551,rule_based_v1
00a91b1d135d4f6fb148a7b1afecc716.wav,exercise,a,5,7.4595,7.532,0.0725,0.906,-12.3406,12.3403,<pad>,0.154556,substitution,0.95,rule_based_v1
00a91b1d135d4f6fb148a7b1afecc716.wav,exercise,ɪ,6,7.532,7.6045,0.0725,0.906,-14.263,11.1214,<pad>,0.105834,substitution,0.95,rule_based_v1
00a91b1d135d4f6fb148a7b1afecc716.wav,exercise,z,7,7.6045,7.677,0.0725,0.906,-16.5708,16.5708,<pad>,0.034304,substitution,0.95,rule_based_v1
00a91b1d135d4f6fb148a7b1afecc716.wav,every,ɛ,0,7.877,7.942,0.065,0.813,-13.718,13.7179,<pad>,0.051398,substitution,0.95,rule_based_v1
00a91b1d135d4f6fb148a7b1afecc716.wav,every,v,1,7.942,8.007,0.065,0.929,-3.6227,0.8126,<pad>,0.025577,correct,0.747,rule_based_v1
00a91b1d135d4f6fb148a7b1afecc716.wav,every,ɹ,2,8.007,8.072,0.065,0.813,-3.0678,0.5803,<pad>,0.17791,correct,0.805,rule_based_v1
00a91b1d135d4f6fb148a7b1afecc716.wav,every,i,3,8.072,8.137,0.065,0.813,-8.4204,6.0315,<pad>,0.156074,substitution,0.95,rule_based_v1
00a91b1d135d4f6fb148a7b1afecc716.wav,day,d,0,8.197,8.2573,0.0603,1.207,-6.3962,3.5911,<pad>,0.155842,substitution,0.859,rule_based_v1
00a91b1d135d4f6fb148a7b1afecc716.wav,day,e,1,8.2573,8.3177,0.0603,0.754,-11.1676,8.6088,<pad>,0.138104,substitution,0.95,rule_based_v1
00a91b1d135d4f6fb148a7b1afecc716.wav,day,ɪ,2,8.3177,8.378,0.0603,0.754,-15.3085,15.3085,<pad>,0.061045,substitution,0.95,rule_based_v1
00a91b1d135d4f6fb148a7b1afecc716.wav,and,æ,0,8.658,8.6847,0.0267,0.296,-13.9881,13.9879,<pad>,0.096532,substitution,0.95,rule_based_v1
00a91b1d135d4f6fb148a7b1afecc716.wav,and,n,1,8.6847,8.7113,0.0267,0.444,-5.0576,5.0508,<pad>,0.069979,substitution,0.95,rule_based_v1
00a91b1d135d4f6fb148a7b1afecc716.wav,and,d,2,8.7113,8.738,0.0267,0.533,-9.69,9.5793,<pad>,0.072306,substitution,0.95,rule_based_v1
00a91b1d135d4f6fb148a7b1afecc716.wav,eat,i,0,8.818,8.8647,0.0467,0.583,-9.0124,5.8554,<pad>,0.106756,substitution,0.95,rule_based_v1
00a91b1d135d4f6fb148a7b1afecc716.wav,eat,ː,1,8.8647,8.9113,0.0467,0.583,-0.0002,0.0,<pad>,0.070627,correct,0.95,rule_based_v1
00a91b1d135d4f6fb148a7b1afecc716.wav,eat,t,2,8.9113,8.958,0.0467,0.778,-6.7109,6.7089,<pad>,0.005169,substitution,0.95,rule_based_v1
00a91b1d135d4f6fb148a7b1afecc716.wav,vegetables,v,0,9.038,9.0926,0.0546,0.781,-0.0999,0.0,v,0.174187,correct,0.95,rule_based_v1
00a91b1d135d4f6fb148a7b1afecc716.wav,vegetables,ɛ,1,9.0926,9.1473,0.0546,0.683,-5.2645,5.1889,<pad>,0.133632,substitution,0.95,rule_based_v1
00a91b1d135d4f6fb148a7b1afecc716.wav,vegetables,d,2,9.1473,9.2019,0.0546,1.093,-9.6079,9.6061,<pad>,0.0372,substitution,0.95,rule_based_v1
00a91b1d135d4f6fb148a7b1afecc716.wav,vegetables,ʒ,3,9.2019,9.2565,0.0546,0.683,-10.2566,5.8946,<pad>,0.070464,substitution,0.95,rule_based_v1
00a91b1d135d4f6fb148a7b1afecc716.wav,vegetables,ɪ,4,9.2565,9.3112,0.0546,0.683,-4.9395,3.0506,<pad>,0.045748,substitution,0.805,rule_based_v1
00a91b1d135d4f6fb148a7b1afecc716.wav,vegetables,ɾ,5,9.3112,9.3658,0.0546,0.683,-10.7938,10.7933,<pad>,0.115251,substitution,0.95,rule_based_v1
00a91b1d135d4f6fb148a7b1afecc716.wav,vegetables,ə,6,9.3658,9.4205,0.0546,0.911,-8.5497,5.1704,<pad>,0.085519,substitution,0.95,rule_based_v1
00a91b1d135d4f6fb148a7b1afecc716.wav,vegetables,b,7,9.4205,9.4751,0.0546,1.093,-11.0044,8.9724,<pad>,0.078195,substitution,0.95,rule_based_v1
00a91b1d135d4f6fb148a7b1afecc716.wav,vegetables,ə,8,9.4751,9.5297,0.0546,0.911,-15.5088,15.5087,<pad>,0.110197,substitution,0.95,rule_based_v1
00a91b1d135d4f6fb148a7b1afecc716.wav,vegetables,l,9,9.5297,9.5844,0.0546,0.911,-12.8695,12.8695,<pad>,0.061423,substitution,0.95,rule_based_v1
00a91b1d135d4f6fb148a7b1afecc716.wav,vegetables,z,10,9.5844,9.639,0.0546,0.683,-14.0528,8.875,<pad>,0.03167,substitution,0.95,rule_based_v1
00a91b1d135d4f6fb148a7b1afecc716.wav,regularly.,ɹ,0,9.759,9.8212,0.0622,0.778,-8.5874,3.3495,<pad>,0.179778,substitution,0.835,rule_based_v1
00a91b1d135d4f6fb148a7b1afecc716.wav,regularly.,ɛ,1,9.8212,9.8834,0.0622,0.778,-14.6879,14.6878,<pad>,0.06299,substitution,0.95,rule_based_v1
00a91b1d135d4f6fb148a7b1afecc716.wav,regularly.,ɡ,2,9.8834,9.9457,0.0622,1.244,-7.278,3.9714,<pad>,0.095214,substitution,0.897,rule_based_v1
00a91b1d135d4f6fb148a7b1afecc716.wav,regularly.,j,3,9.9457,10.0079,0.0622,1.244,-6.1764,4.3442,<pad>,0.118073,substitution,0.934,rule_based_v1
00a91b1d135d4f6fb148a7b1afecc716.wav,regularly.,ʊ,4,10.0079,10.0701,0.0622,0.778,-14.6075,12.553,<pad>,0.11355,substitution,0.95,rule_based_v1
00a91b1d135d4f6fb148a7b1afecc716.wav,regularly.,l,5,10.0701,10.1323,0.0622,1.037,-10.7928,8.2336,<pad>,0.073864,substitution,0.95,rule_based_v1
00a91b1d135d4f6fb148a7b1afecc716.wav,regularly.,ɚ,6,10.1323,10.1946,0.0622,0.778,-11.149,11.0593,<pad>,0.05515,substitution,0.95,rule_based_v1
00a91b1d135d4f6fb148a7b1afecc716.wav,regularly.,l,7,10.1946,10.2568,0.0622,1.037,-7.992,4.6791,<pad>,0.0587,substitution,0.95,rule_based_v1
00a91b1d135d4f6fb148a7b1afecc716.wav,regularly.,i,8,10.2568,10.319,0.0622,0.778,-12.251,12.251,<pad>,0.018396,substitution,0.95,rule_based_v1
00a91b1d135d4f6fb148a7b1afecc716.wav,Many,m,0,11.44,11.5,0.06,0.857,-8.4314,1.9908,<pad>,0.176351,distortion,0.55,rule_based_v1
00a91b1d135d4f6fb148a7b1afecc716.wav,Many,ɛ,1,11.5,11.56,0.06,0.75,-12.7489,12.7478,<pad>,0.093818,substitution,0.95,rule_based_v1
00a91b1d135d4f6fb148a7b1afecc716.wav,Many,n,2,11.56,11.62,0.06,1.0,-5.9523,1.3346,<pad>,0.086008,distortion,0.55,rule_based_v1
00a91b1d135d4f6fb148a7b1afecc716.wav,Many,i,3,11.62,11.68,0.06,0.75,-11.9446,11.9446,<pad>,0.118351,substitution,0.95,rule_based_v1
00a91b1d135d4f6fb148a7b1afecc716.wav,people's,p,0,11.74,11.7943,0.0543,0.905,-5.3788,0.6115,<pad>,0.186027,correct,0.797,rule_based_v1
00a91b1d135d4f6fb148a7b1afecc716.wav,people's,i,1,11.7943,11.8486,0.0543,0.679,-9.1256,4.8649,<pad>,0.172552,substitution,0.95,rule_based_v1
00a91b1d135d4f6fb148a7b1afecc716.wav,people's,ː,2,11.8486,11.9029,0.0543,0.679,-0.0001,0.0,<pad>,0.01352,correct,0.95,rule_based_v1
00a91b1d135d4f6fb148a7b1afecc716.wav,people's,p,3,11.9029,11.9571,0.0543,0.905,-10.9299,10.9298,<pad>,0.072445,substitution,0.95,rule_based_v1
00a91b1d135d4f6fb148a7b1afecc716.wav,people's,ə,4,11.9571,12.0114,0.0543,0.905,-8.9139,5.1343,<pad>,0.105831,substitution,0.95,rule_based_v1
00a91b1d135d4f6fb148a7b1afecc716.wav,people's,l,5,12.0114,12.0657,0.0543,0.905,-7.1308,3.9496,<pad>,0.08269,substitution,0.895,rule_based_v1
00a91b1d135d4f6fb148a7b1afecc716.wav,people's,z,6,12.0657,12.12,0.0543,0.679,-11.9392,11.8985,<pad>,0.025123,substitution,0.95,rule_based_v1
00a91b1d135d4f6fb148a7b1afecc716.wav,thinks,θ,0,12.201,12.257,0.056,0.622,-6.8444,3.6938,<pad>,0.056335,substitution,0.869,rule_based_v1
00a91b1d135d4f6fb148a7b1afecc716.wav,thinks,ɪ,1,12.257,12.313,0.056,0.7,-6.1046,1.9152,<pad>,0.124224,distortion,0.55,rule_based_v1
00a91b1d135d4f6fb148a7b1afecc716.wav,thinks,ŋ,2,12.313,12.369,0.056,0.8,-14.0546,14.0546,<pad>,0.06339,substitution,0.95,rule_based_v1
00a91b1d135d4f6fb148a7b1afecc716.wav,thinks,k,3,12.369,12.425,0.056,0.8,-12.1577,12.1576,<pad>,0.050068,substitution,0.95,rule_based_v1
00a91b1d135d4f6fb148a7b1afecc716.wav,thinks,s,4,12.425,12.481,0.056,0.56,-8.9517,7.8424,ŋ,0.021023,substitution,0.95,rule_based_v1
00a91b1d135d4f6fb148a7b1afecc716.wav,that,ð,0,12.561,12.621,0.06,1.0,-6.2218,1.0811,<pad>,0.167931,distortion,0.55,rule_based_v1
00a91b1d135d4f6fb148a7b1afecc716.wav,that,æ,1,12.621,12.681,0.06,0.667,-12.2769,12.2729,<pad>,0.095536,substitution,0.95,rule_based_v1
00a91b1d135d4f6fb148a7b1afecc716.wav,that,t,2,12.681,12.741,0.06,1.0,-2.8253,1.0411,<pad>,0.003361,distortion,0.55,rule_based_v1
00a91b1d135d4f6fb148a7b1afecc716.wav,sleeping,s,0,12.821,12.8753,0.0543,0.543,-8.912,8.9109,<pad>,0.022069,substitution,0.95,rule_based_v1
00a91b1d135d4f6fb148a7b1afecc716.wav,sleeping,l,1,12.8753,12.9296,0.0543,0.905,-3.5786,0.3289,<pad>,0.08416,correct,0.868,rule_based_v1
00a91b1d135d4f6fb148a7b1afecc716.wav,sleeping,i,2,12.9296,12.9839,0.0543,0.679,-8.1181,3.3611,<pad>,0.117174,substitution,0.836,rule_based_v1
00a91b1d135d4f6fb148a7b1afecc716.wav,sleeping,ː,3,12.9839,13.0381,0.0543,0.679,-0.0001,0.0,<pad>,0.013988,correct,0.95,rule_based_v1
00a91b1d135d4f6fb148a7b1afecc716.wav,sleeping,p,4,13.0381,13.0924,0.0543,0.905,-10.6493,10.6492,<pad>,0.083104,substitution,0.95,rule_based_v1
00a91b1d135d4f6fb148a7b1afecc716.wav,sleeping,ɪ,5,13.0924,13.1467,0.0543,0.679,-13.7612,8.47,<pad>,0.067598,substitution,0.95,rule_based_v1
00a91b1d135d4f6fb148a7b1afecc716.wav,sleeping,ŋ,6,13.1467,13.201,0.0543,0.776,-10.5723,7.0356,ɪ,0.040777,substitution,0.95,rule_based_v1
00a91b1d135d4f6fb148a7b1afecc716.wav,5,f,0,13.281,13.3262,0.0452,0.503,-5.6738,2.772,<pad>,0.024136,distortion,0.577,rule_based_v1
00a91b1d135d4f6fb148a7b1afecc716.wav,5,a,1,13.3262,13.3715,0.0452,0.566,-12.1494,12.1493,<pad>,0.178188,substitution,0.95,rule_based_v1
00a91b1d135d4f6fb148a7b1afecc716.wav,5,ɪ,2,13.3715,13.4168,0.0452,0.566,-13.1919,8.3376,<pad>,0.137479,substitution,0.95,rule_based_v1
00a91b1d135d4f6fb148a7b1afecc716.wav,5,v,3,13.4168,13.462,0.0452,0.646,-16.8186,16.8186,<pad>,0.109468,substitution,0.95,rule_based_v1
00a91b1d135d4f6fb148a7b1afecc716.wav,hours,a,0,13.542,13.607,0.065,0.812,-12.574,10.0825,<pad>,0.009029,substitution,0.95,rule_based_v1
00a91b1d135d4f6fb148a7b1afecc716.wav,hours,ʊ,1,13.607,13.672,0.065,0.812,-14.1612,14.1608,<pad>,0.021314,substitution,0.95,rule_based_v1
00a91b1d135d4f6fb148a7b1afecc716.wav,hours,ɚ,2,13.672,13.737,0.065,0.812,-9.1691,6.4127,<pad>,0.148941,substitution,0.95,rule_based_v1
00a91b1d135d4f6fb148a7b1afecc716.wav,hours,z,3,13.737,13.802,0.065,0.812,-11.9691,11.9093,<pad>,0.096175,substitution,0.95,rule_based_v1
00a91b1d135d4f6fb148a7b1afecc716.wav,is,ɪ,0,13.862,13.912,0.05,0.625,-10.093,10.0921,<pad>,0.070311,substitution,0.95,rule_based_v1
00a91b1d135d4f6fb148a7b1afecc716.wav,is,z,1,13.912,13.962,0.05,0.625,-0.0541,0.0,z,0.044984,correct,0.95,rule_based_v1
00a91b1d135d4f6fb148a7b1afecc716.wav,enough,ɪ,0,14.042,14.112,0.07,0.875,-13.5582,10.5617,<pad>,0.085066,substitution,0.95,rule_based_v1
00a91b1d135d4f6fb148a7b1afecc716.wav,enough,n,1,14.112,14.182,0.07,1.167,-10.6787,8.519,<pad>,0.066106,substitution,0.95,rule_based_v1
00a91b1d135d4f6fb148a7b1afecc716.wav,enough,ʌ,2,14.182,14.252,0.07,1.0,-14.5795,14.5795,<pad>,0.055581,substitution,0.95,rule_based_v1
00a91b1d135d4f6fb148a7b1afecc716.wav,enough,f,3,14.252,14.322,0.07,0.778,-11.4029,11.4028,<pad>,0.009247,substitution,0.95,rule_based_v1
00a91b1d135d4f6fb148a7b1afecc716.wav,but,b,0,14.662,14.7157,0.0537,1.073,-0.2191,0.0,b,0.165309,correct,0.95,rule_based_v1
00a91b1d135d4f6fb148a7b1afecc716.wav,but,ʌ,1,14.7157,14.7693,0.0537,0.767,-6.1709,2.1967,<pad>,0.122721,distortion,0.52,rule_based_v1
00a91b1d135d4f6fb148a7b1afecc716.wav,but,t,2,14.7693,14.823,0.0537,0.894,-4.9123,4.8967,<pad>,0.052507,substitution,0.95,rule_based_v1
00a91b1d135d4f6fb148a7b1afecc716.wav,it,ɪ,0,14.863,14.893,0.03,0.375,-9.1224,9.1196,<pad>,0.031021,substitution,0.95,rule_based_v1
00a91b1d135d4f6fb148a7b1afecc716.wav,it,t,1,14.893,14.923,0.03,0.5,-4.9976,4.9886,<pad>,0.014805,substitution,0.95,rule_based_v1
00a91b1d135d4f6fb148a7b1afecc716.wav,is,ɪ,0,15.003,15.053,0.05,0.625,-9.9137,9.2122,<pad>,0.050746,substitution,0.95,rule_based_v1
00a91b1d135d4f6fb148a7b1afecc716.wav,is,z,1,15.053,15.103,0.05,0.625,-4.3542,1.1759,<pad>,0.035831,distortion,0.55,rule_based_v1
00a91b1d135d4f6fb148a7b1afecc716.wav,not.,n,0,15.163,15.218,0.055,0.917,-9.6404,4.9446,<pad>,0.097375,substitution,0.95,rule_based_v1
00a91b1d135d4f6fb148a7b1afecc716.wav,not.,ɑ,1,15.218,15.273,0.055,0.687,-17.4068,17.4068,<pad>,0.051697,substitution,0.95,rule_based_v1
00a91b1d135d4f6fb148a7b1afecc716.wav,not.,ː,2,15.273,15.328,0.055,0.687,-0.0,0.0,<pad>,0.014364,correct,0.95,rule_based_v1
00a91b1d135d4f6fb148a7b1afecc716.wav,not.,t,3,15.328,15.383,0.055,0.917,-7.0401,7.0381,<pad>,0.001375,substitution,0.95,rule_based_v1
00a91b1d135d4f6fb148a7b1afecc716.wav,If,ɪ,0,16.544,16.584,0.04,0.5,-11.5467,11.5465,<pad>,0.018817,substitution,0.95,rule_based_v1
00a91b1d135d4f6fb148a7b1afecc716.wav,If,f,1,16.584,16.624,0.04,0.444,-6.1894,1.2096,<pad>,0.007857,distortion,0.55,rule_based_v1
00a91b1d135d4f6fb148a7b1afecc716.wav,you,j,0,16.664,16.7173,0.0533,1.067,-0.4115,0.0,j,0.211258,correct,0.95,rule_based_v1
00a91b1d135d4f6fb148a7b1afecc716.wav,you,u,1,16.7173,16.7707,0.0533,0.667,-8.0478,4.1067,<pad>,0.227312,substitution,0.911,rule_based_v1
00a91b1d135d4f6fb148a7b1afecc716.wav,you,ː,2,16.7707,16.824,0.0533,0.667,-0.0013,0.0,<pad>,0.087583,correct,0.95,rule_based_v1
00a91b1d135d4f6fb148a7b1afecc716.wav,take,t,0,16.884,16.934,0.05,0.833,-10.6953,10.6949,<pad>,0.129616,substitution,0.95,rule_based_v1
00a91b1d135d4f6fb148a7b1afecc716.wav,take,e,1,16.934,16.984,0.05,0.625,-10.9198,6.5921,<pad>,0.119597,substitution,0.95,rule_based_v1
00a91b1d135d4f6fb148a7b1afecc716.wav,take,ɪ,2,16.984,17.034,0.05,0.625,-11.4529,11.4524,<pad>,0.072274,substitution,0.95,rule_based_v1
00a91b1d135d4f6fb148a7b1afecc716.wav,take,k,3,17.034,17.084,0.05,0.714,-6.4786,6.4766,<pad>,0.000382,substitution,0.95,rule_based_v1
00a91b1d135d4f6fb148a7b1afecc716.wav,care,k,0,17.144,17.231,0.087,1.243,-12.2782,10.012,<pad>,0.158822,substitution,0.95,rule_based_v1
00a91b1d135d4f6fb148a7b1afecc716.wav,care,ɛ,1,17.231,17.318,0.087,1.088,-13.81,13.8099,<pad>,0.108605,substitution,0.95,rule_based_v1
00a91b1d135d4f6fb148a7b1afecc716.wav,care,ɹ,2,17.318,17.405,0.087,1.088,-5.7379,5.6817,<pad>,0.067705,substitution,0.95,rule_based_v1
00a91b1d135d4f6fb148a7b1afecc716.wav,of,ʌ,0,17.485,17.525,0.04,0.571,-8.6021,8.5994,<pad>,0.020015,substitution,0.95,rule_based_v1
00a91b1d135d4f6fb148a7b1afecc716.wav,of,v,1,17.525,17.565,0.04,0.571,-4.3634,1.3565,<pad>,0.009933,distortion,0.55,rule_based_v1
00a91b1d135d4f6fb148a7b1afecc716.wav,your,j,0,17.605,17.6583,0.0533,1.067,-0.4404,0.0,j,0.156663,correct,0.95,rule_based_v1
00a91b1d135d4f6fb148a7b1afecc716.wav,your,ʊ,1,17.6583,17.7117,0.0533,0.667,-11.232,4.9677,<pad>,0.148772,substitution,0.95,rule_based_v1
00a91b1d135d4f6fb148a7b1afecc716.wav,your,ɹ,2,17.7117,17.765,0.0533,0.667,-6.4908,6.4848,<pad>,0.073796,substitution,0.95,rule_based_v1
00a91b1d135d4f6fb148a7b1afecc716.wav,"body,",b,0,17.805,17.873,0.068,1.36,-6.1946,0.0,b,0.135988,correct,0.95,rule_based_v1
00a91b1d135d4f6fb148a7b1afecc716.wav,"body,",ɑ,1,17.873,17.941,0.068,0.85,-17.6322,17.6322,<pad>,0.115844,substitution,0.95,rule_based_v1
00a91b1d135d4f6fb148a7b1afecc716.wav,"body,",ː,2,17.941,18.009,0.068,0.85,-0.0002,0.0,<pad>,0.03158,correct,0.95,rule_based_v1
00a91b1d135d4f6fb148a7b1afecc716.wav,"body,",d,3,18.009,18.077,0.068,1.36,-7.4043,2.6442,<pad>,0.07753,distortion,0.564,rule_based_v1
00a91b1d135d4f6fb148a7b1afecc716.wav,"body,",i,4,18.077,18.145,0.068,0.85,-8.393,8.1944,<pad>,0.054115,substitution,0.95,rule_based_v1
00a91b1d135d4f6fb148a7b1afecc716.wav,your,j,0,18.525,18.5853,0.0603,1.207,-2.2254,0.0555,<pad>,0.131399,correct,0.936,rule_based_v1
00a91b1d135d4f6fb148a7b1afecc716.wav,your,ʊ,1,18.5853,18.6457,0.0603,0.754,-12.8076,8.4552,<pad>,0.188855,substitution,0.95,rule_based_v1
00a91b1d135d4f6fb148a7b1afecc716.wav,your,ɹ,2,18.6457,18.706,0.0603,0.754,-6.4962,6.4751,<pad>,0.092888,substitution,0.95,rule_based_v1
00a91b1d135d4f6fb148a7b1afecc716.wav,life,l,0,18.786,18.851,0.065,1.083,-8.3577,7.8006,<pad>,0.154696,substitution,0.95,rule_based_v1
00a91b1d135d4f6fb148a7b1afecc716.wav,life,a,1,18.851,18.916,0.065,0.812,-13.4394,13.4394,<pad>,0.074187,substitution,0.95,rule_based_v1
00a91b1d135d4f6fb148a7b1afecc716.wav,life,ɪ,2,18.916,18.981,0.065,0.812,-8.3522,8.3494,<pad>,0.059381,substitution,0.95,rule_based_v1
00a91b1d135d4f6fb148a7b1afecc716.wav,life,f,3,18.981,19.046,0.065,0.722,-11.703,11.7029,<pad>,0.005276,substitution,0.95,rule_based_v1
00a91b1d135d4f6fb148a7b1afecc716.wav,become,b,0,19.146,19.21,0.064,1.28,-11.7245,8.8436,<pad>,0.181881,substitution,0.95,rule_based_v1
00a91b1d135d4f6fb148a7b1afecc716.wav,become,ɪ,1,19.21,19.274,0.064,0.8,-12.5842,12.5838,<pad>,0.008458,substitution,0.95,rule_based_v1
00a91b1d135d4f6fb148a7b1afecc716.wav,become,k,2,19.274,19.338,0.064,0.914,-8.1763,5.0016,<pad>,0.150011,substitution,0.95,rule_based_v1
00a91b1d135d4f6fb148a7b1afecc716.wav,become,ʌ,3,19.338,19.402,0.064,0.914,-7.4714,5.0837,<pad>,0.143318,substitution,0.95,rule_based_v1
00a91b1d135d4f6fb148a7b1afecc716.wav,become,m,4,19.402,19.466,0.064,0.914,-3.714,1.4353,<pad>,0.076095,distortion,0.55,rule_based_v1
00a91b1d135d4f6fb148a7b1afecc716.wav,much,m,0,19.526,19.576,0.05,0.714,-7.6331,3.7829,<pad>,0.119918,substitution,0.878,rule_based_v1
00a91b1d135d4f6fb148a7b1afecc716.wav,much,ʌ,1,19.576,19.626,0.05,0.714,-13.8587,13.8586,<pad>,0.085198,substitution,0.95,rule_based_v1
00a91b1d135d4f6fb148a7b1afecc716.wav,much,t,2,19.626,19.676,0.05,0.833,-6.5985,6.5957,<pad>,0.006262,substitution,0.95,rule_based_v1
00a91b1d135d4f6fb148a7b1afecc716.wav,much,ʃ,3,19.676,19.726,0.05,0.5,-10.6899,10.4106,<pad>,0.042692,substitution,0.95,rule_based_v1
00a91b1d135d4f6fb148a7b1afecc716.wav,better.,b,0,19.826,19.8963,0.0702,1.405,-13.4103,9.7533,<pad>,0.116461,substitution,0.95,rule_based_v1
00a91b1d135d4f6fb148a7b1afecc716.wav,better.,ɛ,1,19.8963,19.9665,0.0702,0.878,-12.2311,12.2305,<pad>,0.016759,substitution,0.95,rule_based_v1
00a91b1d135d4f6fb148a7b1afecc716.wav,better.,ɾ,2,19.9665,20.0367,0.0702,0.878,-4.1137,2.7608,<pad>,0.074891,distortion,0.576,rule_based_v1
00a91b1d135d4f6fb148a7b1afecc716.wav,better.,ɚ,3,20.0367,20.107,0.0702,0.878,-6.5272,3.5621,<pad>,0.03742,substitution,0.856,rule_based_v1
06e8d1497418467d95880a5d4625132b.wav,The,ð,0,0.191,0.251,0.06,1.0,-7.4688,5.1899,<pad>,0.121917,substitution,0.95,rule_based_v1
06e8d1497418467d95880a5d4625132b.wav,The,ə,1,0.251,0.311,0.06,1.0,-6.4945,3.8478,<pad>,0.117444,substitution,0.885,rule_based_v1
06e8d1497418467d95880a5d4625132b.wav,squirrel,s,0,0.351,0.4077,0.0567,0.567,-10.8116,10.8115,<pad>,0.013495,substitution,0.95,rule_based_v1
06e8d1497418467d95880a5d4625132b.wav,squirrel,k,1,0.4077,0.4643,0.0567,0.81,-5.809,2.3266,<pad>,0.051041,distortion,0.533,rule_based_v1
06e8d1497418467d95880a5d4625132b.wav,squirrel,w,2,0.4643,0.521,0.0567,1.133,-2.254,1.2736,<pad>,0.156526,distortion,0.55,rule_based_v1
06e8d1497418467d95880a5d4625132b.wav,squirrel,ɜ,3,0.521,0.5777,0.0567,0.708,-14.1672,9.8401,<pad>,0.166941,substitution,0.95,rule_based_v1
06e8d1497418467d95880a5d4625132b.wav,squirrel,ː,4,0.5777,0.6343,0.0567,0.708,-0.0172,0.0,<pad>,0.165371,correct,0.95,rule_based_v1
06e8d1497418467d95880a5d4625132b.wav,squirrel,l,5,0.6343,0.691,0.0567,0.944,-6.1173,5.8607,<pad>,0.02994,substitution,0.95,rule_based_v1
06e8d1497418467d95880a5d4625132b.wav,quietly,k,0,0.731,0.7835,0.0525,0.75,-5.064,0.0603,<pad>,0.009225,correct,0.935,rule_based_v1
06e8d1497418467d95880a5d4625132b.wav,quietly,w,1,0.7835,0.836,0.0525,1.05,-1.1036,0.0,w,0.150805,correct,0.95,rule_based_v1
06e8d1497418467d95880a5d4625132b.wav,quietly,a,2,0.836,0.8885,0.0525,0.656,-7.5834,2.7598,w,0.160082,distortion,0.576,rule_based_v1
06e8d1497418467d95880a5d4625132b.wav,quietly,ɪ,3,0.8885,0.941,0.0525,0.656,-16.2642,16.2642,<pad>,0.151516,substitution,0.95,rule_based_v1
06e8d1497418467d95880a5d4625132b.wav,quietly,ə,4,0.941,0.9935,0.0525,0.875,-12.9611,12.9546,<pad>,0.12917,substitution,0.95,rule_based_v1
06e8d1497418467d95880a5d4625132b.wav,quietly,t,5,0.9935,1.046,0.0525,0.875,-6.9461,4.4661,<pad>,0.04055,substitution,0.947,rule_based_v1
06e8d1497418467d95880a5d4625132b.wav,quietly,l,6,1.046,1.0985,0.0525,0.875,-7.2551,6.904,<pad>,0.09279,substitution,0.95,rule_based_v1
06e8d1497418467d95880a5d4625132b.wav,quietly,i,7,1.0985,1.151,0.0525,0.656,-9.2569,8.8974,t,0.064955,substitution,0.95,rule_based_v1
06e8d1497418467d95880a5d4625132b.wav,climbed,k,0,1.231,1.2845,0.0535,0.764,-10.5033,10.5026,<pad>,0.008102,substitution,0.95,rule_based_v1
06e8d1497418467d95880a5d4625132b.wav,climbed,l,1,1.2845,1.338,0.0535,0.892,-0.5808,0.0,l,0.092373,correct,0.95,rule_based_v1
06e8d1497418467d95880a5d4625132b.wav,climbed,a,2,1.338,1.3915,0.0535,0.669,-8.3945,3.4678,<pad>,0.113576,substitution,0.847,rule_based_v1
06e8d1497418467d95880a5d4625132b.wav,climbed,ɪ,3,1.3915,1.445,0.0535,0.669,-15.3399,15.3397,<pad>,0.100731,substitution,0.95,rule_based_v1
06e8d1497418467d95880a5d4625132b.wav,climbed,m,4,1.445,1.4985,0.0535,0.764,-13.7987,13.7987,<pad>,0.073926,substitution,0.95,rule_based_v1
06e8d1497418467d95880a5d4625132b.wav,climbed,d,5,1.4985,1.552,0.0535,1.07,-15.5331,15.533,<pad>,0.050658,substitution,0.95,rule_based_v1
06e8d1497418467d95880a5d4625132b.wav,through,θ,0,1.592,1.637,0.045,0.5,-15.1961,15.196,<pad>,0.009863,substitution,0.95,rule_based_v1
06e8d1497418467d95880a5d4625132b.wav,through,ɹ,1,1.637,1.682,0.045,0.562,-5.7642,1.0676,<pad>,0.010973,distortion,0.55,rule_based_v1
06e8d1497418467d95880a5d4625132b.wav,through,u,2,1.682,1.727,0.045,0.562,-7.4498,4.8826,ɹ,0.100827,substitution,0.95,rule_based_v1
06e8d1497418467d95880a5d4625132b.wav,through,ː,3,1.727,1.772,0.045,0.562,-0.0013,0.0,<pad>,0.051373,correct,0.95,rule_based_v1
06e8d1497418467d95880a5d4625132b.wav,the,ð,0,1.792,1.832,0.04,0.667,-5.8362,2.8262,<pad>,0.122349,distortion,0.583,rule_based_v1
06e8d1497418467d95880a5d4625132b.wav,the,ə,1,1.832,1.872,0.04,0.667,-9.5586,9.5577,<pad>,0.07767,substitution,0.95,rule_based_v1
06e8d1497418467d95880a5d4625132b.wav,rural,ɹ,0,1.912,1.952,0.04,0.5,-1.5377,0.0,ɹ,0.081618,correct,0.95,rule_based_v1
06e8d1497418467d95880a5d4625132b.wav,rural,ʊ,1,1.952,1.992,0.04,0.5,-11.1091,6.6282,<pad>,0.106415,substitution,0.95,rule_based_v1
06e8d1497418467d95880a5d4625132b.wav,rural,ɹ,2,1.992,2.032,0.04,0.5,-8.5434,8.5405,<pad>,0.108442,substitution,0.95,rule_based_v1
06e8d1497418467d95880a5d4625132b.wav,rural,ɹ,3,2.032,2.072,0.04,0.5,-3.3228,0.1922,<pad>,0.098517,correct,0.902,rule_based_v1
06e8d1497418467d95880a5d4625132b.wav,rural,ə,4,2.072,2.112,0.04,0.667,-8.022,7.9611,<pad>,0.085794,substitution,0.95,rule_based_v1
06e8d1497418467d95880a5d4625132b.wav,rural,l,5,2.112,2.152,0.04,0.667,-8.737,8.736,<pad>,0.076196,substitution,0.95,rule_based_v1
06e8d1497418467d95880a5d4625132b.wav,neighborhood.,n,0,2.172,2.2295,0.0575,0.958,-5.542,0.7956,<pad>,0.092443,correct,0.751,rule_based_v1
06e8d1497418467d95880a5d4625132b.wav,neighborhood.,e,1,2.2295,2.287,0.0575,0.719,-9.9731,4.8731,<pad>,0.084149,substitution,0.95,rule_based_v1
06e8d1497418467d95880a5d4625132b.wav,neighborhood.,ɪ,2,2.287,2.3445,0.0575,0.719,-11.7782,11.7781,<pad>,0.035248,substitution,0.95,rule_based_v1
06e8d1497418467d95880a5d4625132b.wav,neighborhood.,b,3,2.3445,2.402,0.0575,1.15,-12.6613,12.6613,<pad>,0.083984,substitution,0.95,rule_based_v1
06e8d1497418467d95880a5d4625132b.wav,neighborhood.,ɚ,4,2.402,2.4595,0.0575,0.719,-5.2193,0.0,ɚ,0.032213,correct,0.95,rule_based_v1
06e8d1497418467d95880a5d4625132b.wav,neighborhood.,h,5,2.4595,2.517,0.0575,0.958,-13.1418,13.1417,<pad>,0.077416,substitution,0.95,rule_based_v1
06e8d1497418467d95880a5d4625132b.wav,neighborhood.,ʊ,6,2.517,2.5745,0.0575,0.719,-13.0726,12.0454,<pad>,0.06674,substitution,0.95,rule_based_v1
06e8d1497418467d95880a5d4625132b.wav,neighborhood.,d,7,2.5745,2.632,0.0575,1.15,-11.0111,8.7213,<pad>,0.031531,substitution,0.95,rule_based_v1
06e8d1497418467d95880a5d4625132b.wav,She,ʃ,0,3.672,3.7057,0.0337,0.337,-0.2029,0.0,ʃ,0.074642,correct,0.95,rule_based_v1
06e8d1497418467d95880a5d4625132b.wav,She,i,1,3.7057,3.7393,0.0337,0.421,-12.4897,12.4896,<pad>,0.122775,substitution,0.95,rule_based_v1
06e8d1497418467d95880a5d4625132b.wav,She,ː,2,3.7393,3.773,0.0337,0.421,-0.0001,0.0,<pad>,0.154985,correct,0.95,rule_based_v1
06e8d1497418467d95880a5d4625132b.wav,bought,b,0,3.813,3.858,0.045,0.9,-4.3619,0.0,b,0.148077,correct,0.95,rule_based_v1
06e8d1497418467d95880a5d4625132b.wav,bought,ɔ,1,3.858,3.903,0.045,0.562,-7.0295,2.9989,<pad>,0.277959,distortion,0.6,rule_based_v1
06e8d1497418467d95880a5d4625132b.wav,bought,ː,2,3.903,3.948,0.045,0.562,-0.0001,0.0,<pad>,0.174654,correct,0.95,rule_based_v1
06e8d1497418467d95880a5d4625132b.wav,bought,t,3,3.948,3.993,0.045,0.75,-4.2009,1.3123,<pad>,0.148052,distortion,0.55,rule_based_v1
06e8d1497418467d95880a5d4625132b.wav,a,e,0,4.013,4.033,0.02,0.25,-10.8554,10.8377,<pad>,0.018447,substitution,0.95,rule_based_v1
06e8d1497418467d95880a5d4625132b.wav,a,ɪ,1,4.033,4.053,0.02,0.25,-11.9167,11.9162,<pad>,0.001683,substitution,0.95,rule_based_v1
06e8d1497418467d95880a5d4625132b.wav,comfortable,k,0,4.113,4.1641,0.0511,0.73,-11.2743,11.274,<pad>,0.042606,substitution,0.95,rule_based_v1
06e8d1497418467d95880a5d4625132b.wav,comfortable,ʌ,1,4.1641,4.2152,0.0511,0.73,-4.8743,0.8233,<pad>,0.147336,correct,0.744,rule_based_v1
06e8d1497418467d95880a5d4625132b.wav,comfortable,m,2,4.2152,4.2663,0.0511,0.73,-5.0684,5.021,<pad>,0.072668,substitution,0.95,rule_based_v1
06e8d1497418467d95880a5d4625132b.wav,comfortable,f,3,4.2663,4.3174,0.0511,0.568,-9.5734,7.7119,m,0.005933,substitution,0.95,rule_based_v1
06e8d1497418467d95880a5d4625132b.wav,comfortable,t,4,4.3174,4.3686,0.0511,0.852,-7.8832,6.5002,f,0.021665,substitution,0.95,rule_based_v1
06e8d1497418467d95880a5d4625132b.wav,comfortable,ə,5,4.3686,4.4197,0.0511,0.852,-8.3882,8.3844,<pad>,0.11017,substitution,0.95,rule_based_v1
06e8d1497418467d95880a5d4625132b.wav,comfortable,b,6,4.4197,4.4708,0.0511,1.022,-10.0651,6.8292,t,0.042118,substitution,0.95,rule_based_v1
06e8d1497418467d95880a5d4625132b.wav,comfortable,ə,7,4.4708,4.5219,0.0511,0.852,-4.459,3.0122,<pad>,0.132611,substitution,0.801,rule_based_v1
06e8d1497418467d95880a5d4625132b.wav,comfortable,l,8,4.5219,4.573,0.0511,0.852,-10.425,6.6655,b,0.041619,substitution,0.95,rule_based_v1
06e8d1497418467d95880a5d4625132b.wav,pair,p,0,4.613,4.6797,0.0667,1.111,-9.0976,5.2689,<pad>,0.012097,substitution,0.95,rule_based_v1
06e8d1497418467d95880a5d4625132b.wav,pair,ɛ,1,4.6797,4.7463,0.0667,0.833,-8.2018,4.733,<pad>,0.11163,substitution,0.95,rule_based_v1
06e8d1497418467d95880a5d4625132b.wav,pair,ɹ,2,4.7463,4.813,0.0667,0.833,-12.3076,12.3076,<pad>,0.112292,substitution,0.95,rule_based_v1
06e8d1497418467d95880a5d4625132b.wav,of,ʌ,0,4.833,4.863,0.03,0.429,-5.1166,5.1087,<pad>,0.028983,substitution,0.95,rule_based_v1
06e8d1497418467d95880a5d4625132b.wav,of,v,1,4.863,4.893,0.03,0.429,-14.3354,14.3354,<pad>,0.002149,substitution,0.95,rule_based_v1
06e8d1497418467d95880a5d4625132b.wav,clothes,k,0,4.973,5.0363,0.0633,0.905,-10.4909,10.4905,<pad>,0.008202,substitution,0.95,rule_based_v1
06e8d1497418467d95880a5d4625132b.wav,clothes,l,1,5.0363,5.0997,0.0633,1.056,-1.5083,0.0,l,0.123252,correct,0.95,rule_based_v1
06e8d1497418467d95880a5d4625132b.wav,clothes,o,2,5.0997,5.163,0.0633,0.792,-12.1753,9.0132,<pad>,0.178299,substitution,0.95,rule_based_v1
06e8d1497418467d95880a5d4625132b.wav,clothes,ʊ,3,5.163,5.2263,0.0633,0.792,-15.2159,15.2159,<pad>,0.097497,substitution,0.95,rule_based_v1
06e8d1497418467d95880a5d4625132b.wav,clothes,ð,4,5.2263,5.2897,0.0633,1.056,-14.3226,14.3224,<pad>,0.058644,substitution,0.95,rule_based_v1
06e8d1497418467d95880a5d4625132b.wav,clothes,z,5,5.2897,5.353,0.0633,0.792,-6.3888,5.504,<pad>,0.016121,substitution,0.95,rule_based_v1
06e8d1497418467d95880a5d4625132b.wav,at,æ,0,5.413,5.453,0.04,0.444,-6.4115,2.5662,<pad>,0.092073,distortion,0.557,rule_based_v1
06e8d1497418467d95880a5d4625132b.wav,at,t,1,5.453,5.493,0.04,0.667,-1.8171,0.4411,<pad>,0.0043,correct,0.84,rule_based_v1
06e8d1497418467d95880a5d4625132b.wav,the,ð,0,5.513,5.553,0.04,0.667,-3.4441,0.0,ð,0.082551,correct,0.95,rule_based_v1
06e8d1497418467d95880a5d4625132b.wav,the,ə,1,5.553,5.593,0.04,0.667,-4.4993,1.4281,<pad>,0.060419,distortion,0.55,rule_based_v1
06e8d1497418467d95880a5d4625132b.wav,jewelry,d,0,5.633,5.678,0.045,0.9,-6.7975,1.7541,dʒ,0.065421,distortion,0.55,rule_based_v1
06e8d1497418467d95880a5d4625132b.wav,jewelry,ʒ,1,5.678,5.723,0.045,0.563,-10.9107,10.8914,<pad>,0.140659,substitution,0.95,rule_based_v1
06e8d1497418467d95880a5d4625132b.wav,jewelry,u,2,5.723,5.768,0.045,0.563,-9.3473,5.8813,<pad>,0.122301,substitution,0.95,rule_based_v1
06e8d1497418467d95880a5d4625132b.wav,jewelry,ː,3,5.768,5.813,0.045,0.563,-0.0004,0.0,<pad>,0.100636,correct,0.95,rule_based_v1
06e8d1497418467d95880a5d4625132b.wav,jewelry,ə,4,5.813,5.858,0.045,0.75,-5.4049,4.6991,<pad>,0.076528,substitution,0.95,rule_based_v1
06e8d1497418467d95880a5d4625132b.wav,jewelry,l,5,5.858,5.903,0.045,0.75,-6.6894,6.6778,<pad>,0.071771,substitution,0.95,rule_based_v1
06e8d1497418467d95880a5d4625132b.wav,jewelry,ɹ,6,5.903,5.948,0.045,0.563,-0.1513,0.0,ɹ,0.080746,correct,0.95,rule_based_v1
06e8d1497418467d95880a5d4625132b.wav,jewelry,i,7,5.948,5.993,0.045,0.563,-5.5158,1.2291,<pad>,0.039242,distortion,0.55,rule_based_v1
06e8d1497418467d95880a5d4625132b.wav,store.,s,0,6.053,6.1172,0.0642,0.642,-12.3697,12.3693,<pad>,0.022195,substitution,0.95,rule_based_v1
06e8d1497418467d95880a5d4625132b.wav,store.,t,1,6.1172,6.1814,0.0642,1.07,-6.7162,2.2558,<pad>,0.09423,distortion,0.526,rule_based_v1
06e8d1497418467d95880a5d4625132b.wav,store.,ɔ,2,6.1814,6.2456,0.0642,0.802,-16.5833,16.5833,<pad>,0.074036,substitution,0.95,rule_based_v1
06e8d1497418467d95880a5d4625132b.wav,store.,ː,3,6.2456,6.3098,0.0642,0.802,-0.0,0.0,<pad>,0.060842,correct,0.95,rule_based_v1
06e8d1497418467d95880a5d4625132b.wav,store.,ɹ,4,6.3098,6.374,0.0642,0.802,-7.8926,7.8917,<pad>,0.039979,substitution,0.95,rule_based_v1
06e8d1497418467d95880a5d4625132b.wav,The,ð,0,7.394,7.444,0.05,0.833,-0.3812,0.0,ð,0.166241,correct,0.95,rule_based_v1
06e8d1497418467d95880a5d4625132b.wav,The,ə,1,7.444,7.494,0.05,0.833,-5.3572,1.4581,<pad>,0.117698,distortion,0.55,rule_based_v1
06e8d1497418467d95880a5d4625132b.wav,sixth,s,0,7.534,7.582,0.048,0.48,-2.6371,0.0,s,0.034737,correct,0.95,rule_based_v1
06e8d1497418467d95880a5d4625132b.wav,sixth,ɪ,1,7.582,7.63,0.048,0.6,-9.9101,9.9095,<pad>,0.178668,substitution,0.95,rule_based_v1
06e8d1497418467d95880a5d4625132b.wav,sixth,k,2,7.63,7.678,0.048,0.686,-10.9553,6.7201,<pad>,0.027479,substitution,0.95,rule_based_v1
06e8d1497418467d95880a5d4625132b.wav,sixth,s,3,7.678,7.726,0.048,0.48,-13.7696,13.7696,<pad>,0.029393,substitution,0.95,rule_based_v1
06e8d1497418467d95880a5d4625132b.wav,sixth,θ,4,7.726,7.774,0.048,0.533,-11.4336,7.2966,<pad>,0.024376,substitution,0.95,rule_based_v1
06e8d1497418467d95880a5d4625132b.wav,athlete,æ,0,7.914,7.974,0.06,0.667,-13.9207,13.9206,<pad>,0.115007,substitution,0.95,rule_based_v1
06e8d1497418467d95880a5d4625132b.wav,athlete,θ,1,7.974,8.034,0.06,0.667,-15.749,15.749,<pad>,0.003914,substitution,0.95,rule_based_v1
06e8d1497418467d95880a5d4625132b.wav,athlete,l,2,8.034,8.094,0.06,1.0,-4.6791,0.5125,<pad>,0.061036,correct,0.822,rule_based_v1
06e8d1497418467d95880a5d4625132b.wav,athlete,i,3,8.094,8.154,0.06,0.75,-6.3902,3.2867,<pad>,0.123544,substitution,0.829,rule_based_v1
06e8d1497418467d95880a5d4625132b.wav,athlete,ː,4,8.154,8.214,0.06,0.75,-0.0001,0.0,<pad>,0.073478,correct,0.95,rule_based_v1
06e8d1497418467d95880a5d4625132b.wav,athlete,t,5,8.214,8.274,0.06,1.0,-3.6574,1.846,<pad>,0.005154,distortion,0.585,rule_based_v1
06e8d1497418467d95880a5d4625132b.wav,successfully,s,0,8.334,8.3961,0.0621,0.621,-3.4634,0.92,<pad>,0.093001,correct,0.72,rule_based_v1
06e8d1497418467d95880a5d4625132b.wav,successfully,ə,1,8.3961,8.4582,0.0621,1.035,-12.2975,12.2974,<pad>,0.011786,substitution,0.95,rule_based_v1
06e8d1497418467d95880a5d4625132b.wav,successfully,k,2,8.4582,8.5203,0.0621,0.887,-5.4797,2.2835,<pad>,0.030322,distortion,0.528,rule_based_v1
06e8d1497418467d95880a5d4625132b.wav,successfully,s,3,8.5203,8.5824,0.0621,0.621,-3.8154,0.0,s,0.100931,correct,0.95,rule_based_v1
06e8d1497418467d95880a5d4625132b.wav,successfully,ɛ,4,8.5824,8.6445,0.0621,0.776,-9.4298,6.2203,<pad>,0.142359,substitution,0.95,rule_based_v1
06e8d1497418467d95880a5d4625132b.wav,successfully,s,5,8.6445,8.7066,0.0621,0.621,-6.5915,3.0164,<pad>,0.034965,substitution,0.802,rule_based_v1
06e8d1497418467d95880a5d4625132b.wav,successfully,f,6,8.7066,8.7687,0.0621,0.69,-10.8878,10.8611,<pad>,0.004023,substitution,0.95,rule_based_v1
06e8d1497418467d95880a5d4625132b.wav,successfully,ə,7,8.7687,8.8308,0.0621,1.035,-7.5402,2.7542,<pad>,0.091655,distortion,0.575,rule_based_v1
06e8d1497418467d95880a5d4625132b.wav,successfully,l,8,8.8308,8.8929,0.0621,1.035,-5.9349,4.0957,<pad>,0.098562,substitution,0.91,rule_based_v1
06e8d1497418467d95880a5d4625132b.wav,successfully,i,9,8.8929,8.955,0.0621,0.776,-8.1282,5.3547,<pad>,0.080869,substitution,0.95,rule_based_v1
06e8d1497418467d95880a5d4625132b.wav,solved,s,0,9.015,9.055,0.04,0.4,-2.4225,0.0,s,0.031545,correct,0.95,rule_based_v1
06e8d1497418467d95880a5d4625132b.wav,solved,ɑ,1,9.055,9.095,0.04,0.5,-14.2465,14.2455,<pad>,0.109599,substitution,0.95,rule_based_v1
06e8d1497418467d95880a5d4625132b.wav,solved,ː,2,9.095,9.135,0.04,0.5,-0.6902,-2.6941,<pad>,0.167962,correct,0.95,rule_based_v1
06e8d1497418467d95880a5d4625132b.wav,solved,l,3,9.135,9.175,0.04,0.667,-7.0488,7.0438,<pad>,0.138167,substitution,0.95,rule_based_v1
06e8d1497418467d95880a5d4625132b.wav,solved,v,4,9.175,9.215,0.04,0.571,-6.3471,6.1464,<pad>,0.052865,substitution,0.95,rule_based_v1
06e8d1497418467d95880a5d4625132b.wav,solved,d,5,9.215,9.255,0.04,0.8,-1.7672,0.0,d,0.001985,correct,0.95,rule_based_v1
06e8d1497418467d95880a5d4625132b.wav,the,ð,0,9.295,9.335,0.04,0.667,-5.7644,2.6817,ə,0.077846,distortion,0.568,rule_based_v1
06e8d1497418467d95880a5d4625132b.wav,the,ə,1,9.335,9.375,0.04,0.667,-11.6525,11.6523,<pad>,0.046661,substitution,0.95,rule_based_v1
06e8d1497418467d95880a5d4625132b.wav,statistical,s,0,9.395,9.4495,0.0545,0.545,-7.2776,7.2747,<pad>,0.011679,substitution,0.95,rule_based_v1
06e8d1497418467d95880a5d4625132b.wav,statistical,t,1,9.4495,9.5041,0.0545,0.909,-2.9909,0.0,t,0.08259,correct,0.95,rule_based_v1
06e8d1497418467d95880a5d4625132b.wav,statistical,ɐ,2,9.5041,9.5586,0.0545,0.682,-6.6784,2.9665,<pad>,0.022277,distortion,0.597,rule_based_v1
06e8d1497418467d95880a5d4625132b.wav,statistical,t,3,9.5586,9.6132,0.0545,0.909,-8.8931,8.8928,<pad>,0.051422,substitution,0.95,rule_based_v1
06e8d1497418467d95880a5d4625132b.wav,statistical,ɪ,4,9.6132,9.6677,0.0545,0.682,-11.1284,8.0795,t,0.082893,substitution,0.95,rule_based_v1
06e8d1497418467d95880a5d4625132b.wav,statistical,s,5,9.6677,9.7223,0.0545,0.545,-10.6159,10.6154,<pad>,0.040663,substitution,0.95,rule_based_v1
06e8d1497418467d95880a5d4625132b.wav,statistical,t,6,9.7223,9.7768,0.0545,0.909,-10.229,5.7076,<pad>,0.019766,substitution,0.95,rule_based_v1
06e8d1497418467d95880a5d4625132b.wav,statistical,ɪ,7,9.7768,9.8314,0.0545,0.682,-12.6938,12.642,<pad>,0.079555,substitution,0.95,rule_based_v1
06e8d1497418467d95880a5d4625132b.wav,statistical,k,8,9.8314,9.8859,0.0545,0.779,-10.8919,6.5171,s,0.005541,substitution,0.95,rule_based_v1
06e8d1497418467d95880a5d4625132b.wav,statistical,ə,9,9.8859,9.9405,0.0545,0.909,-10.9169,6.9066,<pad>,0.096739,substitution,0.95,rule_based_v1
06e8d1497418467d95880a5d4625132b.wav,statistical,l,10,9.9405,9.995,0.0545,0.909,-11.0282,7.4427,<pad>,0.044657,substitution,0.95,rule_based_v1
06e8d1497418467d95880a5d4625132b.wav,problem.,p,0,10.035,10.085,0.05,0.833,-4.3453,0.0,p,0.009222,correct,0.95,rule_based_v1
06e8d1497418467d95880a5d4625132b.wav,problem.,ɹ,1,10.085,10.135,0.05,0.625,-0.2224,0.0,ɹ,0.152931,correct,0.95,rule_based_v1
06e8d1497418467d95880a5d4625132b.wav,problem.,ɑ,2,10.135,10.185,0.05,0.625,-9.3572,5.4189,<pad>,0.140478,substitution,0.95,rule_based_v1
06e8d1497418467d95880a5d4625132b.wav,problem.,ː,3,10.185,10.235,0.05,0.625,-0.0,0.0,<pad>,0.053617,correct,0.95,rule_based_v1
06e8d1497418467d95880a5d4625132b.wav,problem.,b,4,10.235,10.285,0.05,1.0,-12.5847,12.5847,<pad>,0.057204,substitution,0.95,rule_based_v1
06e8d1497418467d95880a5d4625132b.wav,problem.,l,5,10.285,10.335,0.05,0.833,-7.196,3.1793,b,0.06804,substitution,0.818,rule_based_v1
06e8d1497418467d95880a5d4625132b.wav,problem.,ə,6,10.335,10.385,0.05,0.833,-8.1168,8.0725,l,0.049184,substitution,0.95,rule_based_v1
06e8d1497418467d95880a5d4625132b.wav,problem.,m,7,10.385,10.435,0.05,0.714,-12.2684,8.8972,<pad>,0.039778,substitution,0.95,rule_based_v1
06e8d1497418467d95880a5d4625132b.wav,The,ð,0,11.436,11.486,0.05,0.833,-6.2846,2.1673,<pad>,0.124159,distortion,0.517,rule_based_v1
06e8d1497418467d95880a5d4625132b.wav,The,ə,1,11.486,11.536,0.05,0.833,-4.813,0.9469,<pad>,0.151081,correct,0.713,rule_based_v1
06e8d1497418467d95880a5d4625132b.wav,brewery,b,0,11.576,11.6274,0.0514,1.029,-5.7662,1.0426,<pad>,0.067018,distortion,0.55,rule_based_v1
06e8d1497418467d95880a5d4625132b.wav,brewery,ɹ,1,11.6274,11.6789,0.0514,0.643,-0.7657,0.0,ɹ,0.202727,correct,0.95,rule_based_v1
06e8d1497418467d95880a5d4625132b.wav,brewery,u,2,11.6789,11.7303,0.0514,0.643,-7.5997,4.3349,ɹ,0.164715,substitution,0.933,rule_based_v1
06e8d1497418467d95880a5d4625132b.wav,brewery,ː,3,11.7303,11.7817,0.0514,0.643,-0.0,0.0,<pad>,0.163339,correct,0.95,rule_based_v1
06e8d1497418467d95880a5d4625132b.wav,brewery,ɚ,4,11.7817,11.8331,0.0514,0.643,-13.6157,13.6151,<pad>,0.185785,substitution,0.95,rule_based_v1
06e8d1497418467d95880a5d4625132b.wav,brewery,ɹ,5,11.8331,11.8846,0.0514,0.643,-4.3865,3.9082,<pad>,0.147877,substitution,0.891,rule_based_v1
06e8d1497418467d95880a5d4625132b.wav,brewery,i,6,11.8846,11.936,0.0514,0.643,-10.0605,8.1517,ɹ,0.077383,substitution,0.95,rule_based_v1
06e8d1497418467d95880a5d4625132b.wav,produced,p,0,11.996,12.041,0.045,0.75,-9.2466,9.0499,ɹ,0.086561,substitution,0.95,rule_based_v1
06e8d1497418467d95880a5d4625132b.wav,produced,ɹ,1,12.041,12.086,0.045,0.562,-8.0049,4.3777,<pad>,0.115329,substitution,0.938,rule_based_v1
06e8d1497418467d95880a5d4625132b.wav,produced,ə,2,12.086,12.131,0.045,0.75,-9.2805,9.2788,<pad>,0.025255,substitution,0.95,rule_based_v1
06e8d1497418467d95880a5d4625132b.wav,produced,d,3,12.131,12.176,0.045,0.9,-5.8918,0.5353,<pad>,0.155818,correct,0.816,rule_based_v1
06e8d1497418467d95880a5d4625132b.wav,produced,u,4,12.176,12.221,0.045,0.562,-6.6074,3.8119,uː,0.138315,substitution,0.881,rule_based_v1
06e8d1497418467d95880a5d4625132b.wav,produced,ː,5,12.221,12.266,0.045,0.562,-0.0001,0.0,<pad>,0.059372,correct,0.95,rule_based_v1
06e8d1497418467d95880a5d4625132b.wav,produced,s,6,12.266,12.311,0.045,0.45,-11.5427,11.5426,<pad>,0.041086,substitution,0.95,rule_based_v1
06e8d1497418467d95880a5d4625132b.wav,produced,t,7,12.311,12.356,0.045,0.75,-8.3488,4.6071,s,0.00662,substitution,0.95,rule_based_v1
06e8d1497418467d95880a5d4625132b.wav,300,θ,0,12.436,12.4851,0.0491,0.545,-7.813,3.335,<pad>,0.009415,substitution,0.834,rule_based_v1
06e8d1497418467d95880a5d4625132b.wav,300,ɹ,1,12.4851,12.5342,0.0491,0.614,-7.1711,7.1687,<pad>,0.084202,substitution,0.95,rule_based_v1
06e8d1497418467d95880a5d4625132b.wav,300,i,2,12.5342,12.5833,0.0491,0.614,-10.9035,10.8762,ɹ,0.140671,substitution,0.95,rule_based_v1
06e8d1497418467d95880a5d4625132b.wav,300,ː,3,12.5833,12.6324,0.0491,0.614,-0.093,-4.3655,<pad>,0.10369,correct,0.95,rule_based_v1
06e8d1497418467d95880a5d4625132b.wav,300,h,4,12.6324,12.6815,0.0491,0.818,-14.3661,14.366,<pad>,0.035323,substitution,0.95,rule_based_v1
06e8d1497418467d95880a5d4625132b.wav,300,ʌ,5,12.6815,12.7305,0.0491,0.701,-15.6791,15.679,<pad>,0.047229,substitution,0.95,rule_based_v1
06e8d1497418467d95880a5d4625132b.wav,300,n,6,12.7305,12.7796,0.0491,0.818,-8.9806,8.16,h,0.121705,substitution,0.95,rule_based_v1
06e8d1497418467d95880a5d4625132b.wav,300,d,7,12.7796,12.8287,0.0491,0.982,-12.3337,8.8496,<pad>,0.055517,substitution,0.95,rule_based_v1
06e8d1497418467d95880a5d4625132b.wav,300,ɹ,8,12.8287,12.8778,0.0491,0.614,-16.0146,15.9854,<pad>,0.101643,substitution,0.95,rule_based_v1
06e8d1497418467d95880a5d4625132b.wav,300,ɪ,9,12.8778,12.9269,0.0491,0.614,-11.098,10.0508,n,0.070819,substitution,0.95,rule_based_v1
06e8d1497418467d95880a5d4625132b.wav,300,d,10,12.9269,12.976,0.0491,0.982,-3.9316,0.0602,ɹ,0.012572,correct,0.935,rule_based_v1
06e8d1497418467d95880a5d4625132b.wav,fresh,f,0,13.016,13.081,0.065,0.722,-6.4553,3.5141,<pad>,0.03441,substitution,0.851,rule_based_v1
06e8d1497418467d95880a5d4625132b.wav,fresh,ɹ,1,13.081,13.146,0.065,0.812,-2.915,0.0,ɹ,0.163441,correct,0.95,rule_based_v1
06e8d1497418467d95880a5d4625132b.wav,fresh,ɛ,2,13.146,13.211,0.065,0.812,-11.1667,11.1664,<pad>,0.062035,substitution,0.95,rule_based_v1
06e8d1497418467d95880a5d4625132b.wav,fresh,ʃ,3,13.211,13.276,0.065,0.65,-4.2694,1.7923,<pad>,0.054852,distortion,0.55,rule_based_v1
06e8d1497418467d95880a5d4625132b.wav,beverages.,b,0,13.316,13.3701,0.0541,1.082,-5.2849,0.959,<pad>,0.135077,correct,0.71,rule_based_v1
06e8d1497418467d95880a5d4625132b.wav,beverages.,ɛ,1,13.3701,13.4242,0.0541,0.676,-5.9952,1.3028,<pad>,0.155682,distortion,0.55,rule_based_v1
06e8d1497418467d95880a5d4625132b.wav,beverages.,v,2,13.4242,13.4783,0.0541,0.773,-14.2965,14.2963,<pad>,0.041697,substitution,0.95,rule_based_v1
06e8d1497418467d95880a5d4625132b.wav,beverages.,ɚ,3,13.4783,13.5324,0.0541,0.676,-16.5539,16.5539,<pad>,0.11274,substitution,0.95,rule_based_v1
06e8d1497418467d95880a5d4625132b.wav,beverages.,ɹ,4,13.5324,13.5865,0.0541,0.676,-2.7293,0.0,ɹ,0.054101,correct,0.95,rule_based_v1
06e8d1497418467d95880a5d4625132b.wav,beverages.,ɪ,5,13.5865,13.6406,0.0541,0.676,-4.5484,1.4569,<pad>,0.045159,distortion,0.55,rule_based_v1
06e8d1497418467d95880a5d4625132b.wav,beverages.,d,6,13.6406,13.6947,0.0541,1.082,-8.7187,8.7183,<pad>,0.095117,substitution,0.95,rule_based_v1
06e8d1497418467d95880a5d4625132b.wav,beverages.,ʒ,7,13.6947,13.7488,0.0541,0.676,-11.0082,5.9327,<pad>,0.062179,substitution,0.95,rule_based_v1
06e8d1497418467d95880a5d4625132b.wav,beverages.,ᵻ,8,13.7488,13.8029,0.0541,0.676,-10.5874,10.5849,<pad>,0.038949,substitution,0.95,rule_based_v1
06e8d1497418467d95880a5d4625132b.wav,beverages.,z,9,13.8029,13.857,0.0541,0.676,-12.0329,8.3351,<pad>,0.027866,substitution,0.95,rule_based_v1
06e8d1497418467d95880a5d4625132b.wav,The,ð,0,14.977,15.017,0.04,0.667,-4.7811,0.8076,<pad>,0.199809,correct,0.748,rule_based_v1
06e8d1497418467d95880a5d4625132b.wav,The,ə,1,15.017,15.057,0.04,0.667,-8.824,5.1978,<pad>,0.204847,substitution,0.95,rule_based_v1
06e8d1497418467d95880a5d4625132b.wav,architecture,ɑ,0,15.157,15.2079,0.0509,0.636,-16.1587,16.1584,<pad>,0.148371,substitution,0.95,rule_based_v1
06e8d1497418467d95880a5d4625132b.wav,architecture,ː,1,15.2079,15.2588,0.0509,0.636,-0.0028,0.0,<pad>,0.004173,correct,0.95,rule_based_v1
06e8d1497418467d95880a5d4625132b.wav,architecture,ɹ,2,15.2588,15.3097,0.0509,0.636,-14.7707,14.77,<pad>,0.10087,substitution,0.95,rule_based_v1
06e8d1497418467d95880a5d4625132b.wav,architecture,k,3,15.3097,15.3606,0.0509,0.727,-4.3638,0.0,k,0.082558,correct,0.95,rule_based_v1
06e8d1497418467d95880a5d4625132b.wav,architecture,ɪ,4,15.3606,15.4115,0.0509,0.636,-6.338,2.984,<pad>,0.060521,distortion,0.598,rule_based_v1
06e8d1497418467d95880a5d4625132b.wav,architecture,t,5,15.4115,15.4625,0.0509,0.848,-4.6768,4.0685,<pad>,0.132301,substitution,0.907,rule_based_v1
06e8d1497418467d95880a5d4625132b.wav,architecture,ɛ,6,15.4625,15.5134,0.0509,0.636,-9.2918,6.2715,<pad>,0.139277,substitution,0.95,rule_based_v1
06e8d1497418467d95880a5d4625132b.wav,architecture,k,7,15.5134,15.5643,0.0509,0.727,-11.2961,6.2513,ɛ,0.012415,substitution,0.95,rule_based_v1
06e8d1497418467d95880a5d4625132b.wav,architecture,t,8,15.5643,15.6152,0.0509,0.848,-12.5118,12.5118,<pad>,0.090418,substitution,0.95,rule_based_v1
06e8d1497418467d95880a5d4625132b.wav,architecture,ʃ,9,15.6152,15.6661,0.0509,0.509,-17.5334,17.5334,<pad>,0.077176,substitution,0.95,rule_based_v1
06e8d1497418467d95880a5d4625132b.wav,architecture,ɚ,10,15.6661,15.717,0.0509,0.636,-14.6573,10.2578,<pad>,0.154652,substitution,0.95,rule_based_v1
06e8d1497418467d95880a5d4625132b.wav,of,ʌ,0,15.757,15.777,0.02,0.286,-11.8205,11.8205,<pad>,0.032624,substitution,0.95,rule_based_v1
06e8d1497418467d95880a5d4625132b.wav,of,v,1,15.777,15.797,0.02,0.286,-2.7765,2.7103,<pad>,0.012804,deletion,0.786,rule_based_v1
06e8d1497418467d95880a5d4625132b.wav,the,ð,0,15.837,15.877,0.04,0.667,-4.151,0.1138,ə,0.146247,correct,0.922,rule_based_v1
06e8d1497418467d95880a5d4625132b.wav,the,ə,1,15.877,15.917,0.04,0.667,-7.4801,7.4746,<pad>,0.096318,substitution,0.95,rule_based_v1
06e8d1497418467d95880a5d4625132b.wav,library,l,0,15.957,16.0121,0.0551,0.919,-3.1772,0.0,l,0.157681,correct,0.95,rule_based_v1
06e8d1497418467d95880a5d4625132b.wav,library,a,1,16.0121,16.0672,0.0551,0.689,-9.3636,4.1269,<pad>,0.170048,substitution,0.913,rule_based_v1
06e8d1497418467d95880a5d4625132b.wav,library,ɪ,2,16.0672,16.1224,0.0551,0.689,-16.2425,16.2425,<pad>,0.096507,substitution,0.95,rule_based_v1
06e8d1497418467d95880a5d4625132b.wav,library,b,3,16.1224,16.1775,0.0551,1.102,-14.1086,14.1083,<pad>,0.008359,substitution,0.95,rule_based_v1
06e8d1497418467d95880a5d4625132b.wav,library,ɹ,4,16.1775,16.2326,0.0551,0.689,-13.0146,13.0144,<pad>,0.125045,substitution,0.95,rule_based_v1
06e8d1497418467d95880a5d4625132b.wav,library,ɛ,5,16.2326,16.2878,0.0551,0.689,-10.5623,7.0784,b,0.101567,substitution,0.95,rule_based_v1
06e8d1497418467d95880a5d4625132b.wav,library,ɹ,6,16.2878,16.3429,0.0551,0.689,-2.4572,0.0,ɹ,0.09136,correct,0.95,rule_based_v1
06e8d1497418467d95880a5d4625132b.wav,library,i,7,16.3429,16.398,0.0551,0.689,-16.5659,16.5658,<pad>,0.11291,substitution,0.95,rule_based_v1
06e8d1497418467d95880a5d4625132b.wav,is,ɪ,0,16.498,16.538,0.04,0.5,-11.1177,11.1172,<pad>,0.053363,substitution,0.95,rule_based_v1
06e8d1497418467d95880a5d4625132b.wav,is,z,1,16.538,16.578,0.04,0.5,-0.0701,0.0,z,0.039111,correct,0.95,rule_based_v1
06e8d1497418467d95880a5d4625132b.wav,extraordinary.,ɛ,0,16.658,16.6994,0.0414,0.518,-13.5901,9.2991,<pad>,0.033375,substitution,0.95,rule_based_v1
06e8d1497418467d95880a5d4625132b.wav,extraordinary.,k,1,16.6994,16.7409,0.0414,0.592,-10.7445,7.3474,s,0.076631,substitution,0.95,rule_based_v1
06e8d1497418467d95880a5d4625132b.wav,extraordinary.,s,2,16.7409,16.7823,0.0414,0.414,-10.7681,10.768,<pad>,0.011241,substitution,0.95,rule_based_v1
06e8d1497418467d95880a5d4625132b.wav,extraordinary.,t,3,16.7823,16.8237,0.0414,0.69,-3.7531,0.0,t,0.076013,correct,0.95,rule_based_v1
06e8d1497418467d95880a5d4625132b.wav,extraordinary.,ɹ,4,16.8237,16.8651,0.0414,0.518,-1.8037,0.357,<pad>,0.112983,correct,0.861,rule_based_v1
06e8d1497418467d95880a5d4625132b.wav,extraordinary.,ɔ,5,16.8651,16.9066,0.0414,0.518,-11.325,4.6909,<pad>,0.099296,substitution,0.95,rule_based_v1
06e8d1497418467d95880a5d4625132b.wav,extraordinary.,ː,6,16.9066,16.948,0.0414,0.518,-0.0002,0.0,<pad>,0.069602,correct,0.95,rule_based_v1
06e8d1497418467d95880a5d4625132b.wav,extraordinary.,ɹ,7,16.948,16.9894,0.0414,0.518,-11.5322,8.2268,<pad>,0.082522,substitution,0.95,rule_based_v1
06e8d1497418467d95880a5d4625132b.wav,extraordinary.,d,8,16.9894,17.0309,0.0414,0.829,-9.5759,9.5252,<pad>,0.082577,substitution,0.95,rule_based_v1
06e8d1497418467d95880a5d4625132b.wav,extraordinary.,ɪ,9,17.0309,17.0723,0.0414,0.518,-12.2447,8.0469,<pad>,0.078488,substitution,0.95,rule_based_v1
06e8d1497418467d95880a5d4625132b.wav,extraordinary.,n,10,17.0723,17.1137,0.0414,0.69,-11.393,6.8189,<pad>,0.07216,substitution,0.95,rule_based_v1
06e8d1497418467d95880a5d4625132b.wav,extraordinary.,ɛ,11,17.1137,17.1551,0.0414,0.518,-16.6187,16.6187,<pad>,0.061114,substitution,0.95,rule_based_v1
06e8d1497418467d95880a5d4625132b.wav,extraordinary.,ɹ,12,17.1551,17.1966,0.0414,0.518,-0.0908,0.0,ɹ,0.056989,correct,0.95,rule_based_v1
06e8d1497418467d95880a5d4625132b.wav,extraordinary.,i,13,17.1966,17.238,0.0414,0.518,-5.9382,2.965,<pad>,0.052425,distortion,0.597,rule_based_v1
1015880776754870a73c212fe7d5f346.wav,Artificial,ɑ,0,0.263,0.319,0.056,0.7,-15.9976,15.9975,<pad>,0.241497,substitution,0.95,rule_based_v1
1015880776754870a73c212fe7d5f346.wav,Artificial,ː,1,0.319,0.375,0.056,0.7,-0.0016,0.0,<pad>,0.126847,correct,0.95,rule_based_v1
1015880776754870a73c212fe7d5f346.wav,Artificial,ɹ,2,0.375,0.431,0.056,0.7,-6.6197,3.4495,<pad>,0.183146,substitution,0.845,rule_based_v1
1015880776754870a73c212fe7d5f346.wav,Artificial,ɾ,3,0.431,0.487,0.056,0.7,-6.4607,2.8236,<pad>,0.101662,distortion,0.582,rule_based_v1
1015880776754870a73c212fe7d5f346.wav,Artificial,ɪ,4,0.487,0.543,0.056,0.7,-8.7284,8.7276,<pad>,0.00511,substitution,0.95,rule_based_v1
1015880776754870a73c212fe7d5f346.wav,Artificial,f,5,0.543,0.599,0.056,0.622,-8.5258,8.5242,<pad>,0.178918,substitution,0.95,rule_based_v1
1015880776754870a73c212fe7d5f346.wav,Artificial,ɪ,6,0.599,0.655,0.056,0.7,-14.0262,9.8346,<pad>,0.102016,substitution,0.95,rule_based_v1
1015880776754870a73c212fe7d5f346.wav,Artificial,ʃ,7,0.655,0.711,0.056,0.56,-11.3077,6.1108,<pad>,0.061372,substitution,0.95,rule_based_v1
1015880776754870a73c212fe7d5f346.wav,Artificial,ə,8,0.711,0.767,0.056,0.933,-14.3495,14.3494,<pad>,0.11931,substitution,0.95,rule_based_v1
1015880776754870a73c212fe7d5f346.wav,Artificial,l,9,0.767,0.823,0.056,0.933,-12.351,12.3509,<pad>,0.130515,substitution,0.95,rule_based_v1
1015880776754870a73c212fe7d5f346.wav,intelligence,ɪ,0,0.883,0.9375,0.0545,0.682,-13.465,8.9068,<pad>,0.15554,substitution,0.95,rule_based_v1
1015880776754870a73c212fe7d5f346.wav,intelligence,n,1,0.9375,0.9921,0.0545,0.909,-8.9479,8.9452,<pad>,0.02789,substitution,0.95,rule_based_v1
1015880776754870a73c212fe7d5f346.wav,intelligence,t,2,0.9921,1.0466,0.0545,0.909,-5.1057,1.1773,<pad>,0.086164,distortion,0.55,rule_based_v1
1015880776754870a73c212fe7d5f346.wav,intelligence,ɛ,3,1.0466,1.1012,0.0545,0.682,-9.3012,9.2997,<pad>,0.176803,substitution,0.95,rule_based_v1
1015880776754870a73c212fe7d5f346.wav,intelligence,l,4,1.1012,1.1557,0.0545,0.909,-11.4998,5.6696,<pad>,0.097524,substitution,0.95,rule_based_v1
1015880776754870a73c212fe7d5f346.wav,intelligence,ɪ,5,1.1557,1.2103,0.0545,0.682,-13.0262,13.0254,<pad>,0.149864,substitution,0.95,rule_based_v1
1015880776754870a73c212fe7d5f346.wav,intelligence,d,6,1.2103,1.2648,0.0545,1.091,-11.4396,8.3859,l,0.046538,substitution,0.95,rule_based_v1
1015880776754870a73c212fe7d5f346.wav,intelligence,ʒ,7,1.2648,1.3194,0.0545,0.682,-13.0921,9.9803,<pad>,0.038781,substitution,0.95,rule_based_v1
1015880776754870a73c212fe7d5f346.wav,intelligence,ə,8,1.3194,1.3739,0.0545,0.909,-10.0391,10.0385,<pad>,0.073315,substitution,0.95,rule_based_v1
1015880776754870a73c212fe7d5f346.wav,intelligence,n,9,1.3739,1.4285,0.0545,0.909,-9.4318,4.8186,<pad>,0.055081,substitution,0.95,rule_based_v1
1015880776754870a73c212fe7d5f346.wav,intelligence,s,10,1.4285,1.483,0.0545,0.545,-13.29,13.2869,<pad>,0.035332,substitution,0.95,rule_based_v1
1015880776754870a73c212fe7d5f346.wav,is,ɪ,0,1.563,1.593,0.03,0.375,-7.8981,7.896,<pad>,0.046473,substitution,0.95,rule_based_v1
1015880776754870a73c212fe7d5f346.wav,is,z,1,1.593,1.623,0.03,0.375,-0.1675,0.0,z,0.035122,correct,0.95,rule_based_v1
1015880776754870a73c212fe7d5f346.wav,changing,t,0,1.683,1.7253,0.0423,0.706,-7.3887,2.2782,<pad>,0.057486,distortion,0.528,rule_based_v1
1015880776754870a73c212fe7d5f346.wav,changing,ʃ,1,1.7253,1.7677,0.0423,0.423,-10.9258,7.7154,<pad>,0.104516,substitution,0.95,rule_based_v1
1015880776754870a73c212fe7d5f346.wav,changing,e,2,1.7677,1.81,0.0423,0.529,-12.6122,12.6117,<pad>,0.099898,substitution,0.95,rule_based_v1
1015880776754870a73c212fe7d5f346.wav,changing,ɪ,3,1.81,1.8523,0.0423,0.529,-15.1538,15.1538,<pad>,0.111684,substitution,0.95,rule_based_v1
1015880776754870a73c212fe7d5f346.wav,changing,n,4,1.8523,1.8947,0.0423,0.706,-0.198,0.0,n,0.077969,correct,0.95,rule_based_v1
1015880776754870a73c212fe7d5f346.wav,changing,d,5,1.8947,1.937,0.0423,0.847,-5.5491,2.7099,dʒ,0.060135,distortion,0.571,rule_based_v1
1015880776754870a73c212fe7d5f346.wav,changing,ʒ,6,1.937,1.9793,0.0423,0.529,-12.5193,12.5059,<pad>,0.130336,substitution,0.95,rule_based_v1
1015880776754870a73c212fe7d5f346.wav,changing,ɪ,7,1.9793,2.0217,0.0423,0.529,-7.1678,3.4654,<pad>,0.114568,substitution,0.847,rule_based_v1
1015880776754870a73c212fe7d5f346.wav,changing,ŋ,8,2.0217,2.064,0.0423,0.605,-6.3302,2.2326,<pad>,0.115992,distortion,0.523,rule_based_v1
1015880776754870a73c212fe7d5f346.wav,the,ð,0,2.104,2.154,0.05,0.833,-3.9872,0.0,ð,0.127558,correct,0.95,rule_based_v1
1015880776754870a73c212fe7d5f346.wav,the,ə,1,2.154,2.204,0.05,0.833,-8.7493,8.7487,<pad>,0.082455,substitution,0.95,rule_based_v1
1015880776754870a73c212fe7d5f346.wav,world,w,0,2.244,2.296,0.052,1.04,-4.5949,3.731,<pad>,0.145292,substitution,0.873,rule_based_v1
1015880776754870a73c212fe7d5f346.wav,world,ɜ,1,2.296,2.348,0.052,0.65,-13.6503,7.8884,<pad>,0.19365,substitution,0.95,rule_based_v1
1015880776754870a73c212fe7d5f346.wav,world,ː,2,2.348,2.4,0.052,0.65,-0.0002,0.0,<pad>,0.175552,correct,0.95,rule_based_v1
1015880776754870a73c212fe7d5f346.wav,world,l,3,2.4,2.452,0.052,0.867,-7.2955,7.0766,<pad>,0.124325,substitution,0.95,rule_based_v1
1015880776754870a73c212fe7d5f346.wav,world,d,4,2.452,2.504,0.052,1.04,-8.1579,7.2985,l,0.049555,substitution,0.95,rule_based_v1
1015880776754870a73c212fe7d5f346.wav,very,v,0,2.564,2.624,0.06,0.857,-7.486,2.6092,<pad>,0.114967,distortion,0.561,rule_based_v1
1015880776754870a73c212fe7d5f346.wav,very,ɛ,1,2.624,2.684,0.06,0.75,-14.0302,14.0301,<pad>,0.145268,substitution,0.95,rule_based_v1
1015880776754870a73c212fe7d5f346.wav,very,ɹ,2,2.684,2.744,0.06,0.75,-6.829,4.7335,<pad>,0.141908,substitution,0.95,rule_based_v1
1015880776754870a73c212fe7d5f346.wav,very,i,3,2.744,2.804,0.06,0.75,-7.2515,4.637,<pad>,0.108857,substitution,0.95,rule_based_v1
1015880776754870a73c212fe7d5f346.wav,fast.,f,0,2.864,2.964,0.1,1.111,-9.022,7.5279,<pad>,0.121106,substitution,0.95,rule_based_v1
1015880776754870a73c212fe7d5f346.wav,fast.,æ,1,2.964,3.064,0.1,1.111,-12.6293,10.8362,<pad>,0.130635,substitution,0.95,rule_based_v1
1015880776754870a73c212fe7d5f346.wav,fast.,s,2,3.064,3.164,0.1,1.0,-12.2432,12.2431,<pad>,0.048144,substitution,0.95,rule_based_v1
1015880776754870a73c212fe7d5f346.wav,fast.,t,3,3.164,3.264,0.1,1.667,-9.9667,8.0668,<pad>,0.033915,substitution,0.95,rule_based_v1
1015880776754870a73c212fe7d5f346.wav,Many,m,0,4.364,4.414,0.05,0.714,-7.4349,1.9552,<pad>,0.176115,distortion,0.55,rule_based_v1
1015880776754870a73c212fe7d5f346.wav,Many,ɛ,1,4.414,4.464,0.05,0.625,-5.2147,0.6215,<pad>,0.212402,correct,0.795,rule_based_v1
1015880776754870a73c212fe7d5f346.wav,Many,n,2,4.464,4.514,0.05,0.833,-4.0411,0.0,n,0.243667,correct,0.95,rule_based_v1
1015880776754870a73c212fe7d5f346.wav,Many,i,3,4.514,4.564,0.05,0.625,-4.1666,0.5358,<pad>,0.167895,correct,0.816,rule_based_v1
1015880776754870a73c212fe7d5f346.wav,companies,k,0,4.644,4.6991,0.0551,0.787,-11.3029,11.3026,<pad>,0.137668,substitution,0.95,rule_based_v1
1015880776754870a73c212fe7d5f346.wav,companies,ʌ,1,4.6991,4.7543,0.0551,0.787,-7.7816,3.6435,<pad>,0.175338,substitution,0.864,rule_based_v1
1015880776754870a73c212fe7d5f346.wav,companies,m,2,4.7542,4.8094,0.0551,0.787,-7.5441,7.5112,<pad>,0.068303,substitution,0.95,rule_based_v1
1015880776754870a73c212fe7d5f346.wav,companies,p,3,4.8094,4.8645,0.0551,0.919,-6.8262,3.9869,m,0.084692,substitution,0.899,rule_based_v1
1015880776754870a73c212fe7d5f346.wav,companies,ə,4,4.8645,4.9196,0.0551,0.919,-12.3308,8.039,<pad>,0.136377,substitution,0.95,rule_based_v1
1015880776754870a73c212fe7d5f346.wav,companies,n,5,4.9196,4.9748,0.0551,0.919,-10.4798,7.4711,ə,0.125897,substitution,0.95,rule_based_v1
1015880776754870a73c212fe7d5f346.wav,companies,i,6,4.9748,5.0299,0.0551,0.689,-12.3293,9.5165,n,0.117963,substitution,0.95,rule_based_v1
1015880776754870a73c212fe7d5f346.wav,companies,z,7,5.0299,5.085,0.0551,0.689,-12.1049,8.2326,<pad>,0.045672,substitution,0.95,rule_based_v1
1015880776754870a73c212fe7d5f346.wav,are,ɑ,0,5.145,5.1783,0.0333,0.417,-16.7386,16.7385,<pad>,0.158704,substitution,0.95,rule_based_v1
1015880776754870a73c212fe7d5f346.wav,are,ː,1,5.1783,5.2117,0.0333,0.417,-0.0009,0.0,<pad>,0.124616,correct,0.95,rule_based_v1
1015880776754870a73c212fe7d5f346.wav,are,ɹ,2,5.2117,5.245,0.0333,0.417,-6.7889,6.7875,<pad>,0.130719,substitution,0.95,rule_based_v1
1015880776754870a73c212fe7d5f346.wav,investing,ɪ,0,5.285,5.3425,0.0575,0.719,-13.9478,8.8206,<pad>,0.162685,substitution,0.95,rule_based_v1
1015880776754870a73c212fe7d5f346.wav,investing,n,1,5.3425,5.4,0.0575,0.958,-7.7328,7.7202,<pad>,0.035272,substitution,0.95,rule_based_v1
1015880776754870a73c212fe7d5f346.wav,investing,v,2,5.4,5.4575,0.0575,0.821,-7.051,1.2318,<pad>,0.177541,distortion,0.55,rule_based_v1
1015880776754870a73c212fe7d5f346.wav,investing,ɛ,3,5.4575,5.515,0.0575,0.719,-5.3558,0.0577,<pad>,0.105124,correct,0.936,rule_based_v1
1015880776754870a73c212fe7d5f346.wav,investing,s,4,5.515,5.5725,0.0575,0.575,-11.2797,11.2795,<pad>,0.040268,substitution,0.95,rule_based_v1
1015880776754870a73c212fe7d5f346.wav,investing,t,5,5.5725,5.63,0.0575,0.958,-10.0764,10.0751,<pad>,0.051276,substitution,0.95,rule_based_v1
1015880776754870a73c212fe7d5f346.wav,investing,ɪ,6,5.63,5.6875,0.0575,0.719,-12.1344,7.831,s,0.158185,substitution,0.95,rule_based_v1
1015880776754870a73c212fe7d5f346.wav,investing,ŋ,7,5.6875,5.745,0.0575,0.821,-16.1814,16.1799,<pad>,0.129725,substitution,0.95,rule_based_v1
1015880776754870a73c212fe7d5f346.wav,heavily,h,0,5.825,5.8917,0.0667,1.111,-10.7927,7.7539,<pad>,0.112999,substitution,0.95,rule_based_v1
1015880776754870a73c212fe7d5f346.wav,heavily,ɛ,1,5.8917,5.9583,0.0667,0.833,-10.7115,10.7106,<pad>,0.145638,substitution,0.95,rule_based_v1
1015880776754870a73c212fe7d5f346.wav,heavily,v,2,5.9583,6.025,0.0667,0.952,-7.7274,4.766,<pad>,0.078886,substitution,0.95,rule_based_v1
1015880776754870a73c212fe7d5f346.wav,heavily,i,3,6.025,6.0917,0.0667,0.833,-12.4714,10.6331,<pad>,0.114959,substitution,0.95,rule_based_v1
1015880776754870a73c212fe7d5f346.wav,heavily,l,4,6.0917,6.1583,0.0667,1.111,-6.7417,4.7956,<pad>,0.077506,substitution,0.95,rule_based_v1
1015880776754870a73c212fe7d5f346.wav,heavily,i,5,6.1583,6.225,0.0667,0.833,-7.0005,4.5616,<pad>,0.06477,substitution,0.95,rule_based_v1
1015880776754870a73c212fe7d5f346.wav,in,ɪ,0,6.285,6.325,0.04,0.5,-13.2792,13.2787,<pad>,0.122391,substitution,0.95,rule_based_v1
1015880776754870a73c212fe7d5f346.wav,in,n,1,6.325,6.365,0.04,0.667,-1.7182,0.0,n,0.143217,correct,0.95,rule_based_v1
1015880776754870a73c212fe7d5f346.wav,machine,m,0,6.405,6.4617,0.0567,0.81,-9.0074,5.567,<pad>,0.097188,substitution,0.95,rule_based_v1
1015880776754870a73c212fe7d5f346.wav,machine,ə,1,6.4617,6.5183,0.0567,0.944,-10.4256,10.4254,<pad>,0.057928,substitution,0.95,rule_based_v1
1015880776754870a73c212fe7d5f346.wav,machine,ʃ,2,6.5183,6.575,0.0567,0.567,-6.6211,1.6728,<pad>,0.054998,distortion,0.55,rule_based_v1
1015880776754870a73c212fe7d5f346.wav,machine,i,3,6.575,6.6317,0.0567,0.708,-13.5065,13.5064,<pad>,0.089084,substitution,0.95,rule_based_v1
1015880776754870a73c212fe7d5f346.wav,machine,ː,4,6.6317,6.6883,0.0567,0.708,-0.0002,0.0,<pad>,0.104021,correct,0.95,rule_based_v1
1015880776754870a73c212fe7d5f346.wav,machine,n,5,6.6883,6.745,0.0567,0.944,-12.0767,7.4358,<pad>,0.147621,substitution,0.95,rule_based_v1
1015880776754870a73c212fe7d5f346.wav,learning,l,0,6.785,6.8317,0.0467,0.778,-4.1771,0.6274,<pad>,0.166395,correct,0.793,rule_based_v1
1015880776754870a73c212fe7d5f346.wav,learning,ɜ,1,6.8317,6.8783,0.0467,0.583,-13.2854,7.9171,<pad>,0.141431,substitution,0.95,rule_based_v1
1015880776754870a73c212fe7d5f346.wav,learning,ː,2,6.8783,6.925,0.0467,0.583,-0.0001,0.0,<pad>,0.158059,correct,0.95,rule_based_v1
1015880776754870a73c212fe7d5f346.wav,learning,n,3,6.925,6.9717,0.0467,0.778,-5.2672,3.5001,<pad>,0.135327,substitution,0.85,rule_based_v1
1015880776754870a73c212fe7d5f346.wav,learning,ɪ,4,6.9717,7.0183,0.0467,0.583,-6.0175,1.8303,n,0.128757,distortion,0.55,rule_based_v1
1015880776754870a73c212fe7d5f346.wav,learning,ŋ,5,7.0183,7.065,0.0467,0.667,-14.7221,14.7221,<pad>,0.133548,substitution,0.95,rule_based_v1
1015880776754870a73c212fe7d5f346.wav,and,æ,0,7.165,7.1983,0.0333,0.37,-14.5016,14.5016,<pad>,0.108548,substitution,0.95,rule_based_v1
1015880776754870a73c212fe7d5f346.wav,and,n,1,7.1983,7.2317,0.0333,0.556,-5.5487,5.5446,<pad>,0.154295,substitution,0.95,rule_based_v1
1015880776754870a73c212fe7d5f346.wav,and,d,2,7.2317,7.265,0.0333,0.667,-8.1345,7.9739,n,0.110182,substitution,0.95,rule_based_v1
1015880776754870a73c212fe7d5f346.wav,automation.,ɔ,0,7.345,7.401,0.056,0.7,-17.0341,17.034,<pad>,0.148803,substitution,0.95,rule_based_v1
1015880776754870a73c212fe7d5f346.wav,automation.,ː,1,7.401,7.457,0.056,0.7,-0.0389,-3.4263,<pad>,0.125798,correct,0.95,rule_based_v1
1015880776754870a73c212fe7d5f346.wav,automation.,ɾ,2,7.457,7.513,0.056,0.7,-7.6584,4.5691,<pad>,0.117807,substitution,0.95,rule_based_v1
1015880776754870a73c212fe7d5f346.wav,automation.,ə,3,7.513,7.569,0.056,0.933,-9.1161,9.1156,<pad>,0.14518,substitution,0.95,rule_based_v1
1015880776754870a73c212fe7d5f346.wav,automation.,m,4,7.569,7.625,0.056,0.8,-6.1164,0.5446,<pad>,0.11206,correct,0.814,rule_based_v1
1015880776754870a73c212fe7d5f346.wav,automation.,e,5,7.625,7.681,0.056,0.7,-10.8509,6.5321,<pad>,0.095235,substitution,0.95,rule_based_v1
1015880776754870a73c212fe7d5f346.wav,automation.,ɪ,6,7.681,7.737,0.056,0.7,-13.8257,13.8257,<pad>,0.06872,substitution,0.95,rule_based_v1
1015880776754870a73c212fe7d5f346.wav,automation.,ʃ,7,7.737,7.793,0.056,0.56,-15.8458,15.8456,<pad>,0.052054,substitution,0.95,rule_based_v1
1015880776754870a73c212fe7d5f346.wav,automation.,ə,8,7.793,7.849,0.056,0.933,-14.0496,14.0495,<pad>,0.042826,substitution,0.95,rule_based_v1
1015880776754870a73c212fe7d5f346.wav,automation.,n,9,7.849,7.905,0.056,0.933,-11.7849,6.5466,<pad>,0.026409,substitution,0.95,rule_based_v1
1015880776754870a73c212fe7d5f346.wav,"However,",h,0,8.886,8.9527,0.0667,1.111,-6.9077,3.241,<pad>,0.139451,substitution,0.824,rule_based_v1
1015880776754870a73c212fe7d5f346.wav,"However,",a,1,8.9527,9.0193,0.0667,0.833,-13.8555,13.8555,<pad>,0.140835,substitution,0.95,rule_based_v1
1015880776754870a73c212fe7d5f346.wav,"However,",ʊ,2,9.0193,9.086,0.0667,0.833,-12.1218,11.965,<pad>,0.248121,substitution,0.95,rule_based_v1
1015880776754870a73c212fe7d5f346.wav,"However,",ɛ,3,9.086,9.1527,0.0667,0.833,-9.3315,6.0212,<pad>,0.166206,substitution,0.95,rule_based_v1
1015880776754870a73c212fe7d5f346.wav,"However,",v,4,9.1527,9.2193,0.0667,0.952,-8.826,5.313,<pad>,0.089024,substitution,0.95,rule_based_v1
1015880776754870a73c212fe7d5f346.wav,"However,",ɚ,5,9.2193,9.286,0.0667,0.833,-8.0474,5.4693,<pad>,0.11315,substitution,0.95,rule_based_v1
1015880776754870a73c212fe7d5f346.wav,it,ɪ,0,9.546,9.576,0.03,0.375,-10.866,10.8659,<pad>,0.13967,substitution,0.95,rule_based_v1
1015880776754870a73c212fe7d5f346.wav,it,t,1,9.576,9.606,0.03,0.5,-6.0892,6.0773,<pad>,0.044608,substitution,0.95,rule_based_v1
1015880776754870a73c212fe7d5f346.wav,is,ɪ,0,9.666,9.716,0.05,0.625,-9.2,9.1955,<pad>,0.095232,substitution,0.95,rule_based_v1
1015880776754870a73c212fe7d5f346.wav,is,z,1,9.716,9.766,0.05,0.625,-3.03,0.0,z,0.054759,correct,0.95,rule_based_v1
1015880776754870a73c212fe7d5f346.wav,important,ɪ,0,9.826,9.868,0.042,0.525,-9.9558,9.6387,m,0.120922,substitution,0.95,rule_based_v1
1015880776754870a73c212fe7d5f346.wav,important,m,1,9.868,9.91,0.042,0.6,-10.8969,10.8957,<pad>,0.00681,substitution,0.95,rule_based_v1
1015880776754870a73c212fe7d5f346.wav,important,p,2,9.91,9.952,0.042,0.7,-6.0784,1.1732,<pad>,0.014344,distortion,0.55,rule_based_v1
1015880776754870a73c212fe7d5f346.wav,important,ɔ,3,9.952,9.994,0.042,0.525,-8.8812,2.4608,<pad>,0.227263,distortion,0.546,rule_based_v1
1015880776754870a73c212fe7d5f346.wav,important,ː,4,9.994,10.036,0.042,0.525,-0.0,0.0,<pad>,0.270097,correct,0.95,rule_based_v1
1015880776754870a73c212fe7d5f346.wav,important,ɹ,5,10.036,10.078,0.042,0.525,-9.4954,9.4948,<pad>,0.086748,substitution,0.95,rule_based_v1
1015880776754870a73c212fe7d5f346.wav,important,t,6,10.078,10.12,0.042,0.7,-4.436,4.4045,<pad>,0.002776,substitution,0.94,rule_based_v1
1015880776754870a73c212fe7d5f346.wav,important,ə,7,10.12,10.162,0.042,0.7,-7.2805,5.2062,t,0.091535,substitution,0.95,rule_based_v1
1015880776754870a73c212fe7d5f346.wav,important,n,8,10.162,10.204,0.042,0.7,-3.7041,0.0412,<pad>,0.122133,correct,0.94,rule_based_v1
1015880776754870a73c212fe7d5f346.wav,important,t,9,10.204,10.246,0.042,0.7,-2.0775,0.1234,<pad>,0.048875,correct,0.919,rule_based_v1
1015880776754870a73c212fe7d5f346.wav,to,t,0,10.286,10.3193,0.0333,0.556,-6.7034,6.7006,<pad>,0.051488,substitution,0.95,rule_based_v1
1015880776754870a73c212fe7d5f346.wav,to,u,1,10.3193,10.3527,0.0333,0.417,-11.6893,11.6825,<pad>,0.14325,substitution,0.95,rule_based_v1
1015880776754870a73c212fe7d5f346.wav,to,ː,2,10.3527,10.386,0.0333,0.417,-0.118,0.0,ə,0.103398,correct,0.95,rule_based_v1
1015880776754870a73c212fe7d5f346.wav,use,j,0,10.526,10.556,0.03,0.6,-12.4733,12.4731,<pad>,0.094922,substitution,0.95,rule_based_v1
1015880776754870a73c212fe7d5f346.wav,use,u,1,10.556,10.586,0.03,0.375,-10.2878,10.2876,<pad>,0.096421,substitution,0.95,rule_based_v1
1015880776754870a73c212fe7d5f346.wav,use,ː,2,10.586,10.616,0.03,0.375,-0.0004,0.0,<pad>,0.054143,correct,0.95,rule_based_v1
1015880776754870a73c212fe7d5f346.wav,use,s,3,10.616,10.646,0.03,0.3,-10.9836,10.9829,<pad>,0.039119,substitution,0.95,rule_based_v1
1015880776754870a73c212fe7d5f346.wav,these,ð,0,10.706,10.746,0.04,0.667,-7.661,2.7531,<pad>,0.108858,distortion,0.575,rule_based_v1
1015880776754870a73c212fe7d5f346.wav,these,i,1,10.746,10.786,0.04,0.5,-7.1377,2.6424,<pad>,0.160188,distortion,0.564,rule_based_v1
1015880776754870a73c212fe7d5f346.wav,these,ː,2,10.786,10.826,0.04,0.5,-0.0021,0.0,<pad>,0.062128,correct,0.95,rule_based_v1
1015880776754870a73c212fe7d5f346.wav,these,z,3,10.826,10.866,0.04,0.5,-4.5072,0.0,z,0.033994,correct,0.95,rule_based_v1
1015880776754870a73c212fe7d5f346.wav,technologies,t,0,10.906,10.9628,0.0567,0.946,-4.2201,0.0,t,0.059596,correct,0.95,rule_based_v1
1015880776754870a73c212fe7d5f346.wav,technologies,ɛ,1,10.9628,11.0195,0.0567,0.709,-5.0997,0.0,ɛ,0.130888,correct,0.95,rule_based_v1
1015880776754870a73c212fe7d5f346.wav,technologies,k,2,11.0195,11.0762,0.0567,0.811,-11.9118,11.9118,<pad>,0.011478,substitution,0.95,rule_based_v1
1015880776754870a73c212fe7d5f346.wav,technologies,n,3,11.0762,11.133,0.0567,0.946,-12.8596,12.8595,<pad>,0.07234,substitution,0.95,rule_based_v1
1015880776754870a73c212fe7d5f346.wav,technologies,ɑ,4,11.133,11.1898,0.0567,0.709,-13.676,9.9654,<pad>,0.15033,substitution,0.95,rule_based_v1
1015880776754870a73c212fe7d5f346.wav,technologies,ː,5,11.1898,11.2465,0.0567,0.709,-0.0103,-2.4359,n,0.138472,correct,0.95,rule_based_v1
1015880776754870a73c212fe7d5f346.wav,technologies,l,6,11.2465,11.3032,0.0567,0.946,-8.4976,6.0668,<pad>,0.089583,substitution,0.95,rule_based_v1
1015880776754870a73c212fe7d5f346.wav,technologies,ə,7,11.3032,11.36,0.0567,0.946,-12.7837,12.7694,<pad>,0.127835,substitution,0.95,rule_based_v1
1015880776754870a73c212fe7d5f346.wav,technologies,d,8,11.36,11.4167,0.0567,1.135,-12.9324,12.9319,<pad>,0.038437,substitution,0.95,rule_based_v1
1015880776754870a73c212fe7d5f346.wav,technologies,ʒ,9,11.4168,11.4735,0.0567,0.709,-16.2618,12.1232,<pad>,0.067094,substitution,0.95,rule_based_v1
1015880776754870a73c212fe7d5f346.wav,technologies,i,10,11.4735,11.5302,0.0567,0.709,-10.9419,7.4224,<pad>,0.095362,substitution,0.95,rule_based_v1
1015880776754870a73c212fe7d5f346.wav,technologies,z,11,11.5302,11.587,0.0567,0.709,-13.6418,13.6412,<pad>,0.042963,substitution,0.95,rule_based_v1
1015880776754870a73c212fe7d5f346.wav,responsible.,ɹ,0,11.647,11.7003,0.0533,0.667,-3.8922,0.0,ɹ,0.128916,correct,0.95,rule_based_v1
1015880776754870a73c212fe7d5f346.wav,responsible.,ᵻ,1,11.7003,11.7537,0.0533,0.667,-14.5357,14.5356,<pad>,0.048671,substitution,0.95,rule_based_v1
1015880776754870a73c212fe7d5f346.wav,responsible.,s,2,11.7537,11.807,0.0533,0.533,-3.4007,0.0,s,0.02271,correct,0.95,rule_based_v1
1015880776754870a73c212fe7d5f346.wav,responsible.,p,3,11.807,11.8603,0.0533,0.889,-11.5526,11.5523,<pad>,0.125668,substitution,0.95,rule_based_v1
1015880776754870a73c212fe7d5f346.wav,responsible.,ɑ,4,11.8603,11.9137,0.0533,0.667,-15.6939,11.2409,<pad>,0.146606,substitution,0.95,rule_based_v1
1015880776754870a73c212fe7d5f346.wav,responsible.,ː,5,11.9137,11.967,0.0533,0.667,-0.3068,-4.0622,<pad>,0.103295,correct,0.95,rule_based_v1
1015880776754870a73c212fe7d5f346.wav,responsible.,n,6,11.967,12.0203,0.0533,0.889,-12.9814,12.9814,<pad>,0.050794,substitution,0.95,rule_based_v1
1015880776754870a73c212fe7d5f346.wav,responsible.,s,7,12.0203,12.0737,0.0533,0.533,-14.5177,14.5174,<pad>,0.045874,substitution,0.95,rule_based_v1
1015880776754870a73c212fe7d5f346.wav,responsible.,ᵻ,8,12.0737,12.127,0.0533,0.667,-15.1988,12.8888,n,0.083923,substitution,0.95,rule_based_v1
1015880776754870a73c212fe7d5f346.wav,responsible.,b,9,12.127,12.1803,0.0533,1.067,-13.1993,13.1631,s,0.028117,substitution,0.95,rule_based_v1
1015880776754870a73c212fe7d5f346.wav,responsible.,ə,10,12.1803,12.2337,0.0533,0.889,-8.7172,8.7161,<pad>,0.0416,substitution,0.95,rule_based_v1
1015880776754870a73c212fe7d5f346.wav,responsible.,l,11,12.2337,12.287,0.0533,0.889,-10.4537,6.7684,<pad>,0.020855,substitution,0.95,rule_based_v1
1015880776754870a73c212fe7d5f346.wav,Sometimes,s,0,13.367,13.422,0.055,0.55,-8.163,8.1627,<pad>,0.147753,substitution,0.95,rule_based_v1
1015880776754870a73c212fe7d5f346.wav,Sometimes,ʌ,1,13.422,13.477,0.055,0.786,-7.1227,2.9805,<pad>,0.205692,distortion,0.598,rule_based_v1
1015880776754870a73c212fe7d5f346.wav,Sometimes,m,2,13.477,13.532,0.055,0.786,-11.9274,11.9274,<pad>,0.254471,substitution,0.95,rule_based_v1
1015880776754870a73c212fe7d5f346.wav,Sometimes,t,3,13.532,13.587,0.055,0.917,-9.7405,8.0015,m,0.076245,substitution,0.95,rule_based_v1
1015880776754870a73c212fe7d5f346.wav,Sometimes,a,4,13.587,13.642,0.055,0.687,-9.8079,6.5504,t,0.24028,substitution,0.95,rule_based_v1
1015880776754870a73c212fe7d5f346.wav,Sometimes,ɪ,5,13.642,13.697,0.055,0.687,-12.853,12.8518,<pad>,0.169553,substitution,0.95,rule_based_v1
1015880776754870a73c212fe7d5f346.wav,Sometimes,m,6,13.697,13.752,0.055,0.786,-10.9633,6.0101,<pad>,0.136329,substitution,0.95,rule_based_v1
1015880776754870a73c212fe7d5f346.wav,Sometimes,z,7,13.752,13.807,0.055,0.687,-17.3522,17.3522,<pad>,0.045587,substitution,0.95,rule_based_v1
1015880776754870a73c212fe7d5f346.wav,people's,p,0,13.867,13.9127,0.0457,0.762,-2.7982,0.0,p,0.072567,correct,0.95,rule_based_v1
1015880776754870a73c212fe7d5f346.wav,people's,i,1,13.9127,13.9584,0.0457,0.571,-6.654,1.6625,<pad>,0.122954,distortion,0.55,rule_based_v1
1015880776754870a73c212fe7d5f346.wav,people's,ː,2,13.9584,14.0041,0.0457,0.571,-0.0,0.0,<pad>,0.06255,correct,0.95,rule_based_v1
1015880776754870a73c212fe7d5f346.wav,people's,p,3,14.0041,14.0499,0.0457,0.762,-12.2005,12.2005,<pad>,0.014001,substitution,0.95,rule_based_v1
1015880776754870a73c212fe7d5f346.wav,people's,ə,4,14.0499,14.0956,0.0457,0.762,-9.7042,5.2457,p,0.140937,substitution,0.95,rule_based_v1
1015880776754870a73c212fe7d5f346.wav,people's,l,5,14.0956,14.1413,0.0457,0.762,-5.9034,1.8162,<pad>,0.114585,distortion,0.55,rule_based_v1
1015880776754870a73c212fe7d5f346.wav,people's,z,6,14.1413,14.187,0.0457,0.571,-9.4581,9.4408,<pad>,0.03044,substitution,0.95,rule_based_v1
1015880776754870a73c212fe7d5f346.wav,depends,d,0,14.227,14.2757,0.0487,0.974,-3.6341,0.0,d,0.124953,correct,0.95,rule_based_v1
1015880776754870a73c212fe7d5f346.wav,depends,ᵻ,1,14.2757,14.3244,0.0487,0.609,-14.9954,14.9953,<pad>,0.072497,substitution,0.95,rule_based_v1
1015880776754870a73c212fe7d5f346.wav,depends,p,2,14.3244,14.3731,0.0487,0.812,-11.2283,11.2282,<pad>,0.01968,substitution,0.95,rule_based_v1
1015880776754870a73c212fe7d5f346.wav,depends,ɛ,3,14.3731,14.4219,0.0487,0.609,-11.6551,6.2728,<pad>,0.147845,substitution,0.95,rule_based_v1
1015880776754870a73c212fe7d5f346.wav,depends,n,4,14.4219,14.4706,0.0487,0.812,-10.2478,5.7896,ɛ,0.17088,substitution,0.95,rule_based_v1
1015880776754870a73c212fe7d5f346.wav,depends,d,5,14.4706,14.5193,0.0487,0.974,-14.004,14.0038,<pad>,0.155673,substitution,0.95,rule_based_v1
1015880776754870a73c212fe7d5f346.wav,depends,z,6,14.5193,14.568,0.0487,0.609,-10.5643,9.8924,n,0.036025,substitution,0.95,rule_based_v1
1015880776754870a73c212fe7d5f346.wav,too,t,0,14.628,14.6747,0.0467,0.778,-4.6668,0.0,t,0.039644,correct,0.95,rule_based_v1
1015880776754870a73c212fe7d5f346.wav,too,u,1,14.6747,14.7213,0.0467,0.583,-6.8609,2.5829,<pad>,0.139593,distortion,0.558,rule_based_v1
1015880776754870a73c212fe7d5f346.wav,too,ː,2,14.7213,14.768,0.0467,0.583,-0.0001,0.0,<pad>,0.158464,correct,0.95,rule_based_v1
1015880776754870a73c212fe7d5f346.wav,much,m,0,14.808,14.848,0.04,0.571,-4.895,0.0,m,0.160222,correct,0.95,rule_based_v1
1015880776754870a73c212fe7d5f346.wav,much,ʌ,1,14.848,14.888,0.04,0.571,-14.0204,14.0203,<pad>,0.133534,substitution,0.95,rule_based_v1
1015880776754870a73c212fe7d5f346.wav,much,t,2,14.888,14.928,0.04,0.667,-6.1395,6.1362,<pad>,0.024217,substitution,0.95,rule_based_v1
1015880776754870a73c212fe7d5f346.wav,much,ʃ,3,14.928,14.968,0.04,0.4,-8.6824,3.4569,<pad>,0.040656,substitution,0.846,rule_based_v1
1015880776754870a73c212fe7d5f346.wav,on,ɔ,0,15.048,15.088,0.04,0.5,-15.7374,15.7373,<pad>,0.124633,substitution,0.95,rule_based_v1
1015880776754870a73c212fe7d5f346.wav,on,n,1,15.088,15.128,0.04,0.667,-2.9223,0.0,n,0.159032,correct,0.95,rule_based_v1
1015880776754870a73c212fe7d5f346.wav,AI,e,0,15.188,15.273,0.085,1.062,-11.2722,9.3758,<pad>,0.106071,substitution,0.95,rule_based_v1
1015880776754870a73c212fe7d5f346.wav,AI,ɪ,1,15.273,15.358,0.085,1.062,-12.5559,12.5555,<pad>,0.126412,substitution,0.95,rule_based_v1
1015880776754870a73c212fe7d5f346.wav,AI,a,2,15.358,15.443,0.085,1.062,-11.3549,9.5009,<pad>,0.149248,substitution,0.95,rule_based_v1
1015880776754870a73c212fe7d5f346.wav,AI,ɪ,3,15.443,15.528,0.085,1.062,-15.481,15.4809,<pad>,0.085342,substitution,0.95,rule_based_v1
1015880776754870a73c212fe7d5f346.wav,without,w,0,15.588,15.6313,0.0433,0.867,-3.2781,0.5773,<pad>,0.088087,correct,0.806,rule_based_v1
1015880776754870a73c212fe7d5f346.wav,without,ɪ,1,15.6313,15.6747,0.0433,0.542,-5.3996,1.2028,<pad>,0.073973,distortion,0.55,rule_based_v1
1015880776754870a73c212fe7d5f346.wav,without,ð,2,15.6747,15.718,0.0433,0.722,-7.6144,2.43,<pad>,0.128424,distortion,0.543,rule_based_v1
1015880776754870a73c212fe7d5f346.wav,without,a,3,15.718,15.7613,0.0433,0.542,-7.1626,2.4288,<pad>,0.168927,distortion,0.543,rule_based_v1
1015880776754870a73c212fe7d5f346.wav,without,ʊ,4,15.7613,15.8047,0.0433,0.542,-14.1957,14.1954,<pad>,0.123226,substitution,0.95,rule_based_v1
1015880776754870a73c212fe7d5f346.wav,without,t,5,15.8047,15.848,0.0433,0.722,-3.3391,3.02,<pad>,0.009383,substitution,0.802,rule_based_v1
1015880776754870a73c212fe7d5f346.wav,checking,t,0,15.888,15.938,0.05,0.833,-7.6126,3.8128,<pad>,0.066372,substitution,0.881,rule_based_v1
1015880776754870a73c212fe7d5f346.wav,checking,ʃ,1,15.938,15.988,0.05,0.5,-9.3569,4.3248,ɛ,0.15704,substitution,0.932,rule_based_v1
1015880776754870a73c212fe7d5f346.wav,checking,ɛ,2,15.988,16.038,0.05,0.625,-13.7814,13.7814,<pad>,0.050164,substitution,0.95,rule_based_v1
1015880776754870a73c212fe7d5f346.wav,checking,k,3,16.038,16.088,0.05,0.714,-9.642,9.6418,<pad>,0.033579,substitution,0.95,rule_based_v1
1015880776754870a73c212fe7d5f346.wav,checking,ɪ,4,16.088,16.138,0.05,0.625,-8.3676,3.7393,k,0.117316,substitution,0.874,rule_based_v1
1015880776754870a73c212fe7d5f346.wav,checking,ŋ,5,16.138,16.188,0.05,0.714,-10.9764,8.3066,<pad>,0.132774,substitution,0.95,rule_based_v1
1015880776754870a73c212fe7d5f346.wav,the,ð,0,16.228,16.278,0.05,0.833,-4.5587,0.0,ð,0.14237,correct,0.95,rule_based_v1
1015880776754870a73c212fe7d5f346.wav,the,ə,1,16.278,16.328,0.05,0.833,-11.6951,11.6906,<pad>,0.16414,substitution,0.95,rule_based_v1
1015880776754870a73c212fe7d5f346.wav,information,ɪ,0,16.368,16.422,0.054,0.675,-12.2163,10.2861,<pad>,0.111685,substitution,0.95,rule_based_v1
1015880776754870a73c212fe7d5f346.wav,information,n,1,16.422,16.476,0.054,0.9,-4.6686,2.1678,<pad>,0.01137,distortion,0.617,rule_based_v1
1015880776754870a73c212fe7d5f346.wav,information,f,2,16.476,16.53,0.054,0.6,-3.2838,0.0,f,0.104594,correct,0.95,rule_based_v1
1015880776754870a73c212fe7d5f346.wav,information,ɚ,3,16.53,16.584,0.054,0.675,-3.6654,0.1717,ɹ,0.130418,correct,0.907,rule_based_v1
1015880776754870a73c212fe7d5f346.wav,information,m,4,16.584,16.638,0.054,0.771,-11.5508,11.5496,<pad>,0.140854,substitution,0.95,rule_based_v1
1015880776754870a73c212fe7d5f346.wav,information,e,5,16.638,16.692,0.054,0.675,-14.4157,13.6385,<pad>,0.117795,substitution,0.95,rule_based_v1
1015880776754870a73c212fe7d5f346.wav,information,ɪ,6,16.692,16.746,0.054,0.675,-14.1372,9.2534,<pad>,0.074534,substitution,0.95,rule_based_v1
1015880776754870a73c212fe7d5f346.wav,information,ʃ,7,16.746,16.8,0.054,0.54,-13.8055,9.2002,<pad>,0.060126,substitution,0.95,rule_based_v1
1015880776754870a73c212fe7d5f346.wav,information,ə,8,16.8,16.854,0.054,0.9,-13.5464,13.546,<pad>,0.112764,substitution,0.95,rule_based_v1
1015880776754870a73c212fe7d5f346.wav,information,n,9,16.854,16.908,0.054,0.9,-11.893,11.8929,<pad>,0.150604,substitution,0.95,rule_based_v1
1015880776754870a73c212fe7d5f346.wav,carefully.,k,0,16.968,17.028,0.06,0.857,-9.9355,6.452,<pad>,0.05504,substitution,0.95,rule_based_v1
1015880776754870a73c212fe7d5f346.wav,carefully.,ɛ,1,17.028,17.088,0.06,0.75,-9.748,6.8284,<pad>,0.169441,substitution,0.95,rule_based_v1
1015880776754870a73c212fe7d5f346.wav,carefully.,ɹ,2,17.088,17.148,0.06,0.75,-4.974,4.9508,<pad>,0.100198,substitution,0.95,rule_based_v1
1015880776754870a73c212fe7d5f346.wav,carefully.,f,3,17.148,17.208,0.06,0.667,-8.1007,4.7402,<pad>,0.007997,substitution,0.95,rule_based_v1
1015880776754870a73c212fe7d5f346.wav,carefully.,ə,4,17.208,17.268,0.06,1.0,-8.6865,6.672,<pad>,0.080712,substitution,0.95,rule_based_v1
1015880776754870a73c212fe7d5f346.wav,carefully.,l,5,17.268,17.328,0.06,1.0,-7.9077,4.2386,<pad>,0.056467,substitution,0.924,rule_based_v1
1015880776754870a73c212fe7d5f346.wav,carefully.,i,6,17.328,17.388,0.06,0.75,-7.8545,7.622,<pad>,0.02937,substitution,0.95,rule_based_v1
1015880776754870a73c212fe7d5f346.wav,I,a,0,18.489,18.519,0.03,0.375,-13.1527,13.1526,<pad>,0.164085,substitution,0.95,rule_based_v1
1015880776754870a73c212fe7d5f346.wav,I,ɪ,1,18.519,18.549,0.03,0.375,-9.9985,9.9979,<pad>,0.114758,substitution,0.95,rule_based_v1
1015880776754870a73c212fe7d5f346.wav,believe,b,0,18.589,18.639,0.05,1.0,-5.2145,0.0,b,0.155933,correct,0.95,rule_based_v1
1015880776754870a73c212fe7d5f346.wav,believe,ᵻ,1,18.639,18.689,0.05,0.625,-6.9549,4.0589,<pad>,0.09515,substitution,0.906,rule_based_v1
1015880776754870a73c212fe7d5f346.wav,believe,l,2,18.689,18.739,0.05,0.833,-5.28,3.6097,<pad>,0.146545,substitution,0.861,rule_based_v1
1015880776754870a73c212fe7d5f346.wav,believe,i,3,18.739,18.789,0.05,0.625,-12.8169,10.6465,<pad>,0.179989,substitution,0.95,rule_based_v1
1015880776754870a73c212fe7d5f346.wav,believe,ː,4,18.789,18.839,0.05,0.625,-0.0768,-4.1409,<pad>,0.16714,correct,0.95,rule_based_v1
1015880776754870a73c212fe7d5f346.wav,believe,v,5,18.839,18.889,0.05,0.714,-16.348,16.348,<pad>,0.054905,substitution,0.95,rule_based_v1
1015880776754870a73c212fe7d5f346.wav,that,ð,0,18.929,18.9757,0.0467,0.778,-4.1446,0.0517,<pad>,0.085861,correct,0.937,rule_based_v1
1015880776754870a73c212fe7d5f346.wav,that,æ,1,18.9757,19.0223,0.0467,0.519,-7.4994,4.4608,<pad>,0.158881,substitution,0.946,rule_based_v1
1015880776754870a73c212fe7d5f346.wav,that,t,2,19.0223,19.069,0.0467,0.778,-3.5267,0.9618,<pad>,0.140306,correct,0.71,rule_based_v1
1015880776754870a73c212fe7d5f346.wav,AI,e,0,19.109,19.174,0.065,0.812,-11.8925,11.8923,<pad>,0.150325,substitution,0.95,rule_based_v1
1015880776754870a73c212fe7d5f346.wav,AI,ɪ,1,19.174,19.239,0.065,0.812,-10.7727,10.7717,<pad>,0.15673,substitution,0.95,rule_based_v1
1015880776754870a73c212fe7d5f346.wav,AI,a,2,19.239,19.304,0.065,0.812,-10.9918,7.5912,<pad>,0.155954,substitution,0.95,rule_based_v1
1015880776754870a73c212fe7d5f346.wav,AI,ɪ,3,19.304,19.369,0.065,0.812,-14.2485,14.2482,<pad>,0.121356,substitution,0.95,rule_based_v1
1015880776754870a73c212fe7d5f346.wav,should,ʃ,0,19.409,19.469,0.06,0.6,-5.032,2.4047,<pad>,0.059778,distortion,0.54,rule_based_v1
1015880776754870a73c212fe7d5f346.wav,should,ʊ,1,19.469,19.529,0.06,0.75,-8.3583,6.1439,<pad>,0.114939,substitution,0.95,rule_based_v1
1015880776754870a73c212fe7d5f346.wav,should,d,2,19.529,19.589,0.06,1.2,-2.3731,0.2523,<pad>,0.091386,correct,0.887,rule_based_v1
1015880776754870a73c212fe7d5f346.wav,assist,ɐ,0,19.629,19.689,0.06,0.75,-10.6543,8.412,<pad>,0.050402,substitution,0.95,rule_based_v1
1015880776754870a73c212fe7d5f346.wav,assist,s,1,19.689,19.749,0.06,0.6,-1.5784,0.4573,<pad>,0.047973,correct,0.836,rule_based_v1
1015880776754870a73c212fe7d5f346.wav,assist,ɪ,2,19.749,19.809,0.06,0.75,-7.8518,4.1498,<pad>,0.129763,substitution,0.915,rule_based_v1
1015880776754870a73c212fe7d5f346.wav,assist,s,3,19.809,19.869,0.06,0.6,-5.9605,3.2141,<pad>,0.069879,substitution,0.821,rule_based_v1
1015880776754870a73c212fe7d5f346.wav,assist,t,4,19.869,19.929,0.06,1.0,-4.6716,1.6821,<pad>,0.01807,distortion,0.568,rule_based_v1
1015880776754870a73c212fe7d5f346.wav,humans,h,0,19.969,20.0165,0.0475,0.792,-1.1732,0.0,h,0.051603,correct,0.95,rule_based_v1
1015880776754870a73c212fe7d5f346.wav,humans,j,1,20.0165,20.064,0.0475,0.95,-3.3936,0.0,j,0.131835,correct,0.95,rule_based_v1
1015880776754870a73c212fe7d5f346.wav,humans,u,2,20.064,20.1115,0.0475,0.594,-9.0874,9.0867,<pad>,0.1304,substitution,0.95,rule_based_v1
1015880776754870a73c212fe7d5f346.wav,humans,ː,3,20.1115,20.159,0.0475,0.594,-0.0006,0.0,<pad>,0.164469,correct,0.95,rule_based_v1
1015880776754870a73c212fe7d5f346.wav,humans,m,4,20.159,20.2065,0.0475,0.679,-5.9085,0.9663,<pad>,0.152374,correct,0.708,rule_based_v1
1015880776754870a73c212fe7d5f346.wav,humans,ə,5,20.2065,20.254,0.0475,0.792,-5.1687,1.4529,<pad>,0.121022,distortion,0.55,rule_based_v1
1015880776754870a73c212fe7d5f346.wav,humans,n,6,20.254,20.3015,0.0475,0.792,-10.085,10.0849,<pad>,0.08697,substitution,0.95,rule_based_v1
1015880776754870a73c212fe7d5f346.wav,humans,z,7,20.3015,20.349,0.0475,0.594,-12.9641,10.0492,n,0.032383,substitution,0.95,rule_based_v1
1015880776754870a73c212fe7d5f346.wav,instead,ɪ,0,20.429,20.4757,0.0467,0.583,-13.5632,9.1055,<pad>,0.115406,substitution,0.95,rule_based_v1
1015880776754870a73c212fe7d5f346.wav,instead,n,1,20.4757,20.5223,0.0467,0.778,-6.6066,6.5105,<pad>,0.037831,substitution,0.95,rule_based_v1
1015880776754870a73c212fe7d5f346.wav,instead,s,2,20.5223,20.569,0.0467,0.467,-2.9519,0.0,s,0.029282,correct,0.95,rule_based_v1
1015880776754870a73c212fe7d5f346.wav,instead,t,3,20.569,20.6157,0.0467,0.778,-7.2672,7.2662,<pad>,0.078251,substitution,0.95,rule_based_v1
1015880776754870a73c212fe7d5f346.wav,instead,ɛ,4,20.6157,20.6623,0.0467,0.583,-10.6919,7.3058,<pad>,0.169992,substitution,0.95,rule_based_v1
1015880776754870a73c212fe7d5f346.wav,instead,d,5,20.6623,20.709,0.0467,0.933,-9.5534,4.6254,<pad>,0.080347,substitution,0.95,rule_based_v1
1015880776754870a73c212fe7d5f346.wav,of,ʌ,0,20.749,20.7795,0.0305,0.436,-11.3755,11.3749,<pad>,0.043908,substitution,0.95,rule_based_v1
1015880776754870a73c212fe7d5f346.wav,of,v,1,20.7795,20.81,0.0305,0.436,-8.2278,8.2274,<pad>,0.034223,substitution,0.95,rule_based_v1
1015880776754870a73c212fe7d5f346.wav,replacing,ɹ,0,20.85,20.9011,0.0511,0.639,-7.2102,5.0712,<pad>,0.115314,substitution,0.95,rule_based_v1
1015880776754870a73c212fe7d5f346.wav,replacing,ᵻ,1,20.9011,20.9522,0.0511,0.639,-14.5053,14.5052,<pad>,0.017933,substitution,0.95,rule_based_v1
1015880776754870a73c212fe7d5f346.wav,replacing,p,2,20.9522,21.0033,0.0511,0.852,-11.3189,11.3188,<pad>,0.014029,substitution,0.95,rule_based_v1
1015880776754870a73c212fe7d5f346.wav,replacing,l,3,21.0033,21.0544,0.0511,0.852,-8.2116,3.7567,p,0.107171,substitution,0.876,rule_based_v1
1015880776754870a73c212fe7d5f346.wav,replacing,e,4,21.0544,21.1056,0.0511,0.639,-12.3797,12.1767,l,0.143434,substitution,0.95,rule_based_v1
1015880776754870a73c212fe7d5f346.wav,replacing,ɪ,5,21.1056,21.1567,0.0511,0.639,-10.3065,6.5901,<pad>,0.064496,substitution,0.95,rule_based_v1
1015880776754870a73c212fe7d5f346.wav,replacing,s,6,21.1567,21.2078,0.0511,0.511,-12.6902,12.6897,<pad>,0.041704,substitution,0.95,rule_based_v1
1015880776754870a73c212fe7d5f346.wav,replacing,ɪ,7,21.2078,21.2589,0.0511,0.639,-12.7682,12.7681,<pad>,0.136623,substitution,0.95,rule_based_v1
1015880776754870a73c212fe7d5f346.wav,replacing,ŋ,8,21.2589,21.31,0.0511,0.73,-13.0785,10.0066,s,0.161879,substitution,0.95,rule_based_v1
1015880776754870a73c212fe7d5f346.wav,them,ð,0,21.35,21.39,0.04,0.667,-6.8933,3.6783,<pad>,0.12037,substitution,0.868,rule_based_v1
1015880776754870a73c212fe7d5f346.wav,them,ɛ,1,21.39,21.43,0.04,0.5,-15.4949,15.4948,<pad>,0.119423,substitution,0.95,rule_based_v1
1015880776754870a73c212fe7d5f346.wav,them,m,2,21.43,21.47,0.04,0.571,-4.6572,0.4773,<pad>,0.051966,correct,0.831,rule_based_v1
1015880776754870a73c212fe7d5f346.wav,completely.,k,0,21.51,21.562,0.052,0.743,-9.0468,9.0443,<pad>,0.112766,substitution,0.95,rule_based_v1
1015880776754870a73c212fe7d5f346.wav,completely.,ə,1,21.562,21.614,0.052,0.867,-6.9054,3.3955,<pad>,0.142227,substitution,0.84,rule_based_v1
1015880776754870a73c212fe7d5f346.wav,completely.,m,2,21.614,21.666,0.052,0.743,-0.9461,0.0,m,0.020769,correct,0.95,rule_based_v1
1015880776754870a73c212fe7d5f346.wav,completely.,p,3,21.666,21.718,0.052,0.867,-6.299,2.4153,<pad>,0.010232,distortion,0.642,rule_based_v1
1015880776754870a73c212fe7d5f346.wav,completely.,l,4,21.718,21.77,0.052,0.867,-10.4189,10.4187,<pad>,0.107296,substitution,0.95,rule_based_v1
1015880776754870a73c212fe7d5f346.wav,completely.,i,5,21.77,21.822,0.052,0.65,-11.4461,11.2516,l,0.103468,substitution,0.95,rule_based_v1
1015880776754870a73c212fe7d5f346.wav,completely.,ː,6,21.822,21.874,0.052,0.65,-0.173,-4.427,<pad>,0.039576,correct,0.95,rule_based_v1
1015880776754870a73c212fe7d5f346.wav,completely.,t,7,21.874,21.926,0.052,0.867,-13.4217,13.4217,<pad>,0.038652,substitution,0.95,rule_based_v1
1015880776754870a73c212fe7d5f346.wav,completely.,l,8,21.926,21.978,0.052,0.867,-12.6803,12.68,<pad>,0.061389,substitution,0.95,rule_based_v1
1015880776754870a73c212fe7d5f346.wav,completely.,i,9,21.978,22.03,0.052,0.65,-10.122,7.6799,t,0.032385,substitution,0.95,rule_based_v1
2254665fcd114a018c0fbf834c581fb2.wav,Hello!,h,0,0.171,0.2472,0.0762,1.27,-2.5733,1.1572,<pad>,0.179815,distortion,0.55,rule_based_v1
2254665fcd114a018c0fbf834c581fb2.wav,Hello!,ə,1,0.2472,0.3234,0.0762,1.27,-8.9129,6.8402,<pad>,0.254364,substitution,0.95,rule_based_v1
2254665fcd114a018c0fbf834c581fb2.wav,Hello!,l,2,0.3234,0.3996,0.0762,1.27,-7.6438,7.6432,<pad>,0.203956,substitution,0.95,rule_based_v1
2254665fcd114a018c0fbf834c581fb2.wav,Hello!,o,3,0.3996,0.4758,0.0762,0.952,-13.0296,11.23,<pad>,0.22103,substitution,0.95,rule_based_v1
2254665fcd114a018c0fbf834c581fb2.wav,Hello!,ʊ,4,0.4758,0.552,0.0762,0.952,-12.3008,9.9526,<pad>,0.101498,substitution,0.95,rule_based_v1
2254665fcd114a018c0fbf834c581fb2.wav,My,m,0,0.832,0.8987,0.0667,0.952,-4.7391,0.8821,<pad>,0.239974,correct,0.729,rule_based_v1
2254665fcd114a018c0fbf834c581fb2.wav,My,a,1,0.8987,0.9653,0.0667,0.833,-11.6037,7.9829,<pad>,0.185791,substitution,0.95,rule_based_v1
2254665fcd114a018c0fbf834c581fb2.wav,My,ɪ,2,0.9653,1.032,0.0667,0.833,-11.3444,11.3439,<pad>,0.19991,substitution,0.95,rule_based_v1
2254665fcd114a018c0fbf834c581fb2.wav,name,n,0,1.092,1.1522,0.0602,1.004,-7.4957,4.478,<pad>,0.15386,substitution,0.948,rule_based_v1
2254665fcd114a018c0fbf834c581fb2.wav,name,e,1,1.1522,1.2125,0.0602,0.753,-12.1854,9.3789,<pad>,0.209456,substitution,0.95,rule_based_v1
2254665fcd114a018c0fbf834c581fb2.wav,name,ɪ,2,1.2125,1.2727,0.0602,0.753,-14.4487,14.4487,<pad>,0.216615,substitution,0.95,rule_based_v1
2254665fcd114a018c0fbf834c581fb2.wav,name,m,3,1.2728,1.333,0.0602,0.861,-7.8663,6.3198,<pad>,0.188228,substitution,0.95,rule_based_v1
2254665fcd114a018c0fbf834c581fb2.wav,is,ɪ,0,1.533,1.573,0.04,0.5,-11.3663,11.3662,<pad>,0.183598,substitution,0.95,rule_based_v1
2254665fcd114a018c0fbf834c581fb2.wav,is,z,1,1.573,1.613,0.04,0.5,-6.4949,2.1356,<pad>,0.061706,distortion,0.514,rule_based_v1
2254665fcd114a018c0fbf834c581fb2.wav,John.,d,0,1.713,1.773,0.06,1.2,-9.0764,5.9255,<pad>,0.140304,substitution,0.95,rule_based_v1
2254665fcd114a018c0fbf834c581fb2.wav,John.,ʒ,1,1.773,1.833,0.06,0.75,-13.2321,10.5542,<pad>,0.187818,substitution,0.95,rule_based_v1
2254665fcd114a018c0fbf834c581fb2.wav,John.,ɑ,2,1.833,1.893,0.06,0.75,-17.9318,17.9318,<pad>,0.082814,substitution,0.95,rule_based_v1
2254665fcd114a018c0fbf834c581fb2.wav,John.,ː,3,1.893,1.953,0.06,0.75,-0.0001,0.0,<pad>,0.02295,correct,0.95,rule_based_v1
2254665fcd114a018c0fbf834c581fb2.wav,John.,n,4,1.953,2.013,0.06,1.0,-3.5098,0.8713,<pad>,0.012853,correct,0.732,rule_based_v1
2254665fcd114a018c0fbf834c581fb2.wav,I,a,0,3.035,3.075,0.04,0.5,-13.9289,13.9289,<pad>,0.26148,substitution,0.95,rule_based_v1
2254665fcd114a018c0fbf834c581fb2.wav,I,ɪ,1,3.075,3.115,0.04,0.5,-10.5497,10.5486,<pad>,0.245711,substitution,0.95,rule_based_v1
2254665fcd114a018c0fbf834c581fb2.wav,am,æ,0,3.215,3.265,0.05,0.556,-14.383,14.3829,<pad>,0.234494,substitution,0.95,rule_based_v1
2254665fcd114a018c0fbf834c581fb2.wav,am,m,1,3.265,3.315,0.05,0.714,-8.486,8.4855,<pad>,0.22738,substitution,0.95,rule_based_v1
2254665fcd114a018c0fbf834c581fb2.wav,from,f,0,3.435,3.485,0.05,0.556,-7.4165,7.414,<pad>,0.095309,substitution,0.95,rule_based_v1
2254665fcd114a018c0fbf834c581fb2.wav,from,ɹ,1,3.485,3.535,0.05,0.625,-4.4272,0.0,ɹ,0.272997,correct,0.95,rule_based_v1
2254665fcd114a018c0fbf834c581fb2.wav,from,ʌ,2,3.535,3.585,0.05,0.714,-4.3586,0.2831,<pad>,0.241065,correct,0.879,rule_based_v1
2254665fcd114a018c0fbf834c581fb2.wav,from,m,3,3.585,3.635,0.05,0.714,-10.627,10.6269,<pad>,0.205528,substitution,0.95,rule_based_v1
2254665fcd114a018c0fbf834c581fb2.wav,India.,ɪ,0,3.796,3.868,0.072,0.9,-15.5031,15.5014,<pad>,0.317166,substitution,0.95,rule_based_v1
2254665fcd114a018c0fbf834c581fb2.wav,India.,n,1,3.868,3.94,0.072,1.2,-5.7584,3.1526,<pad>,0.144846,substitution,0.815,rule_based_v1
2254665fcd114a018c0fbf834c581fb2.wav,India.,d,2,3.94,4.012,0.072,1.44,-6.2567,2.5077,<pad>,0.188168,distortion,0.551,rule_based_v1
2254665fcd114a018c0fbf834c581fb2.wav,India.,i,3,4.012,4.084,0.072,0.9,-11.1348,11.1306,<pad>,0.091542,substitution,0.95,rule_based_v1
2254665fcd114a018c0fbf834c581fb2.wav,India.,ə,4,4.084,4.156,0.072,1.2,-8.8846,7.5213,<pad>,0.014526,substitution,0.95,rule_based_v1
2254665fcd114a018c0fbf834c581fb2.wav,I,a,0,5.117,5.147,0.03,0.375,-13.4853,13.4852,<pad>,0.278151,substitution,0.95,rule_based_v1
2254665fcd114a018c0fbf834c581fb2.wav,I,ɪ,1,5.147,5.177,0.03,0.375,-10.5036,10.5028,<pad>,0.274219,substitution,0.95,rule_based_v1
2254665fcd114a018c0fbf834c581fb2.wav,like,l,0,5.257,5.3222,0.0653,1.088,-4.0625,0.9996,<pad>,0.251462,correct,0.7,rule_based_v1
2254665fcd114a018c0fbf834c581fb2.wav,like,a,1,5.3222,5.3875,0.0653,0.816,-11.2554,7.8161,<pad>,0.220596,substitution,0.95,rule_based_v1
2254665fcd114a018c0fbf834c581fb2.wav,like,ɪ,2,5.3875,5.4527,0.0653,0.816,-9.8218,9.8193,<pad>,0.163948,substitution,0.95,rule_based_v1
2254665fcd114a018c0fbf834c581fb2.wav,like,k,3,5.4528,5.518,0.0653,0.932,-7.9891,7.9858,<pad>,0.008156,substitution,0.95,rule_based_v1
2254665fcd114a018c0fbf834c581fb2.wav,reading,ɹ,0,5.618,5.6747,0.0567,0.708,-1.7032,0.0,ɹ,0.255429,correct,0.95,rule_based_v1
2254665fcd114a018c0fbf834c581fb2.wav,reading,i,1,5.6747,5.7313,0.0567,0.708,-7.305,2.5401,<pad>,0.328091,distortion,0.554,rule_based_v1
2254665fcd114a018c0fbf834c581fb2.wav,reading,ː,2,5.7313,5.788,0.0567,0.708,-0.0,0.0,<pad>,0.187523,correct,0.95,rule_based_v1
2254665fcd114a018c0fbf834c581fb2.wav,reading,d,3,5.788,5.8447,0.0567,1.133,-12.6604,12.6604,<pad>,0.25586,substitution,0.95,rule_based_v1
2254665fcd114a018c0fbf834c581fb2.wav,reading,ɪ,4,5.8447,5.9013,0.0567,0.708,-11.6916,7.6517,<pad>,0.28949,substitution,0.95,rule_based_v1
2254665fcd114a018c0fbf834c581fb2.wav,reading,ŋ,5,5.9013,5.958,0.0567,0.81,-10.7992,6.9272,<pad>,0.255441,substitution,0.95,rule_based_v1
2254665fcd114a018c0fbf834c581fb2.wav,books,b,0,6.038,6.1032,0.0653,1.305,-9.614,6.1008,<pad>,0.216402,substitution,0.95,rule_based_v1
2254665fcd114a018c0fbf834c581fb2.wav,books,ʊ,1,6.1032,6.1685,0.0653,0.816,-10.1029,7.4023,<pad>,0.168843,substitution,0.95,rule_based_v1
2254665fcd114a018c0fbf834c581fb2.wav,books,k,2,6.1685,6.2338,0.0653,0.932,-10.8062,10.8062,<pad>,0.006546,substitution,0.95,rule_based_v1
2254665fcd114a018c0fbf834c581fb2.wav,books,s,3,6.2338,6.299,0.0653,0.653,-10.9735,8.4819,<pad>,0.032611,substitution,0.95,rule_based_v1
2254665fcd114a018c0fbf834c581fb2.wav,and,æ,0,6.579,6.619,0.04,0.444,-14.9221,14.9219,<pad>,0.19383,substitution,0.95,rule_based_v1
2254665fcd114a018c0fbf834c581fb2.wav,and,n,1,6.619,6.659,0.04,0.667,-2.8429,1.8707,<pad>,0.217525,distortion,0.55,rule_based_v1
2254665fcd114a018c0fbf834c581fb2.wav,and,d,2,6.659,6.699,0.04,0.8,-5.0361,3.2614,n,0.170776,substitution,0.826,rule_based_v1
2254665fcd114a018c0fbf834c581fb2.wav,watching,w,0,6.779,6.8306,0.0516,1.031,-0.5137,0.0,w,0.184508,correct,0.95,rule_based_v1
2254665fcd114a018c0fbf834c581fb2.wav,watching,ɑ,1,6.8306,6.8821,0.0516,0.645,-11.1819,6.1602,<pad>,0.200356,substitution,0.95,rule_based_v1
2254665fcd114a018c0fbf834c581fb2.wav,watching,ː,2,6.8821,6.9337,0.0516,0.645,-0.0001,0.0,<pad>,0.057868,correct,0.95,rule_based_v1
2254665fcd114a018c0fbf834c581fb2.wav,watching,t,3,6.9337,6.9853,0.0516,0.86,-5.9998,5.9955,<pad>,0.029694,substitution,0.95,rule_based_v1
2254665fcd114a018c0fbf834c581fb2.wav,watching,ʃ,4,6.9853,7.0369,0.0516,0.516,-8.4643,3.6075,<pad>,0.215863,substitution,0.861,rule_based_v1
2254665fcd114a018c0fbf834c581fb2.wav,watching,ɪ,5,7.0369,7.0884,0.0516,0.645,-11.1805,11.1801,<pad>,0.234582,substitution,0.95,rule_based_v1
2254665fcd114a018c0fbf834c581fb2.wav,watching,ŋ,6,7.0884,7.14,0.0516,0.737,-11.9054,8.1852,<pad>,0.235533,substitution,0.95,rule_based_v1
2254665fcd114a018c0fbf834c581fb2.wav,movies.,m,0,7.18,7.2433,0.0633,0.905,-8.1022,2.4878,<pad>,0.241387,distortion,0.549,rule_based_v1
2254665fcd114a018c0fbf834c581fb2.wav,movies.,u,1,7.2433,7.3067,0.0633,0.792,-12.1763,12.1762,<pad>,0.135113,substitution,0.95,rule_based_v1
2254665fcd114a018c0fbf834c581fb2.wav,movies.,ː,2,7.3067,7.37,0.0633,0.792,-0.005,-2.6572,<pad>,0.076173,correct,0.95,rule_based_v1
2254665fcd114a018c0fbf834c581fb2.wav,movies.,v,3,7.37,7.4333,0.0633,0.905,-16.2714,14.1811,<pad>,0.062359,substitution,0.95,rule_based_v1
2254665fcd114a018c0fbf834c581fb2.wav,movies.,ɪ,4,7.4333,7.4967,0.0633,0.792,-14.1516,14.1516,<pad>,0.009539,substitution,0.95,rule_based_v1
2254665fcd114a018c0fbf834c581fb2.wav,movies.,z,5,7.4967,7.56,0.0633,0.792,-12.5924,12.5923,<pad>,0.008703,substitution,0.95,rule_based_v1
2254665fcd114a018c0fbf834c581fb2.wav,Yesterday,j,0,8.562,8.632,0.07,1.4,-5.8352,2.4839,<pad>,0.280492,distortion,0.548,rule_based_v1
2254665fcd114a018c0fbf834c581fb2.wav,Yesterday,ɛ,1,8.632,8.702,0.07,0.875,-11.8232,11.8227,<pad>,0.188348,substitution,0.95,rule_based_v1
2254665fcd114a018c0fbf834c581fb2.wav,Yesterday,s,2,8.702,8.772,0.07,0.7,-5.9291,2.5734,<pad>,0.057555,distortion,0.557,rule_based_v1
2254665fcd114a018c0fbf834c581fb2.wav,Yesterday,t,3,8.772,8.842,0.07,1.167,-5.338,2.7924,<pad>,0.196518,distortion,0.579,rule_based_v1
2254665fcd114a018c0fbf834c581fb2.wav,Yesterday,ɚ,4,8.842,8.912,0.07,0.875,-8.3282,5.2938,<pad>,0.279616,substitution,0.95,rule_based_v1
2254665fcd114a018c0fbf834c581fb2.wav,Yesterday,d,5,8.912,8.982,0.07,1.4,-10.8281,10.8263,<pad>,0.168632,substitution,0.95,rule_based_v1
2254665fcd114a018c0fbf834c581fb2.wav,Yesterday,e,6,8.982,9.052,0.07,0.875,-12.2554,9.1158,<pad>,0.297653,substitution,0.95,rule_based_v1
2254665fcd114a018c0fbf834c581fb2.wav,Yesterday,ɪ,7,9.052,9.122,0.07,0.875,-10.0194,8.6329,<pad>,0.209345,substitution,0.95,rule_based_v1
2254665fcd114a018c0fbf834c581fb2.wav,I,a,0,9.323,9.373,0.05,0.625,-13.818,13.8179,<pad>,0.213298,substitution,0.95,rule_based_v1
2254665fcd114a018c0fbf834c581fb2.wav,I,ɪ,1,9.373,9.423,0.05,0.625,-9.7979,9.7974,<pad>,0.16725,substitution,0.95,rule_based_v1
2254665fcd114a018c0fbf834c581fb2.wav,visited,v,0,9.483,9.5401,0.0571,0.816,-9.2187,4.5009,<pad>,0.241839,substitution,0.95,rule_based_v1
2254665fcd114a018c0fbf834c581fb2.wav,visited,ɪ,1,9.5401,9.5973,0.0571,0.714,-11.8173,11.8172,<pad>,0.123043,substitution,0.95,rule_based_v1
2254665fcd114a018c0fbf834c581fb2.wav,visited,z,2,9.5973,9.6544,0.0571,0.714,-6.5253,0.9988,<pad>,0.176763,correct,0.7,rule_based_v1
2254665fcd114a018c0fbf834c581fb2.wav,visited,ɪ,3,9.6544,9.7116,0.0571,0.714,-5.2729,2.1112,<pad>,0.073161,distortion,0.511,rule_based_v1
2254665fcd114a018c0fbf834c581fb2.wav,visited,ɾ,4,9.7116,9.7687,0.0571,0.714,-12.206,12.2059,<pad>,0.166285,substitution,0.95,rule_based_v1
2254665fcd114a018c0fbf834c581fb2.wav,visited,ᵻ,5,9.7687,9.8259,0.0571,0.714,-15.2503,15.2497,<pad>,0.219941,substitution,0.95,rule_based_v1
2254665fcd114a018c0fbf834c581fb2.wav,visited,d,6,9.8259,9.883,0.0571,1.143,-6.655,4.239,<pad>,0.053644,substitution,0.924,rule_based_v1
2254665fcd114a018c0fbf834c581fb2.wav,my,m,0,9.983,10.0433,0.0603,0.862,-6.7713,4.9699,<pad>,0.218631,substitution,0.95,rule_based_v1
2254665fcd114a018c0fbf834c581fb2.wav,my,a,1,10.0433,10.1037,0.0603,0.754,-14.0201,14.02,<pad>,0.151771,substitution,0.95,rule_based_v1
2254665fcd114a018c0fbf834c581fb2.wav,my,ɪ,2,10.1037,10.164,0.0603,0.754,-9.4555,9.4549,<pad>,0.101581,substitution,0.95,rule_based_v1
2254665fcd114a018c0fbf834c581fb2.wav,friend,f,0,10.264,10.324,0.06,0.667,-10.4254,8.3397,<pad>,0.122661,substitution,0.95,rule_based_v1
2254665fcd114a018c0fbf834c581fb2.wav,friend,ɹ,1,10.324,10.384,0.06,0.75,-14.8664,11.5056,<pad>,0.179929,substitution,0.95,rule_based_v1
2254665fcd114a018c0fbf834c581fb2.wav,friend,ɛ,2,10.384,10.444,0.06,0.75,-15.6783,15.6783,<pad>,0.111937,substitution,0.95,rule_based_v1
2254665fcd114a018c0fbf834c581fb2.wav,friend,n,3,10.444,10.504,0.06,1.0,-7.0799,6.1752,<pad>,0.120675,substitution,0.95,rule_based_v1
2254665fcd114a018c0fbf834c581fb2.wav,friend,d,4,10.504,10.564,0.06,1.2,-5.9244,3.3794,<pad>,0.148705,substitution,0.838,rule_based_v1
2254665fcd114a018c0fbf834c581fb2.wav,and,æ,0,10.945,10.985,0.04,0.444,-14.7676,14.7674,<pad>,0.252685,substitution,0.95,rule_based_v1
2254665fcd114a018c0fbf834c581fb2.wav,and,n,1,10.985,11.025,0.04,0.667,-1.6371,0.0,n,0.278914,correct,0.95,rule_based_v1
2254665fcd114a018c0fbf834c581fb2.wav,and,d,2,11.025,11.065,0.04,0.8,-1.6175,0.0,d,0.225802,correct,0.95,rule_based_v1
2254665fcd114a018c0fbf834c581fb2.wav,we,w,0,11.125,11.1717,0.0467,0.933,-5.4897,2.5966,<pad>,0.25151,distortion,0.56,rule_based_v1
2254665fcd114a018c0fbf834c581fb2.wav,we,i,1,11.1717,11.2183,0.0467,0.583,-7.5304,2.8596,<pad>,0.219243,distortion,0.586,rule_based_v1
2254665fcd114a018c0fbf834c581fb2.wav,we,ː,2,11.2183,11.265,0.0467,0.583,-0.0015,0.0,<pad>,0.104009,correct,0.95,rule_based_v1
2254665fcd114a018c0fbf834c581fb2.wav,ate,e,0,11.445,11.525,0.08,1.0,-14.7413,14.7409,<pad>,0.063018,substitution,0.95,rule_based_v1
2254665fcd114a018c0fbf834c581fb2.wav,ate,ɪ,1,11.525,11.605,0.08,1.0,-8.1019,5.5304,<pad>,0.276163,substitution,0.95,rule_based_v1
2254665fcd114a018c0fbf834c581fb2.wav,ate,t,2,11.605,11.685,0.08,1.333,-8.945,8.1493,<pad>,0.101444,substitution,0.95,rule_based_v1
2254665fcd114a018c0fbf834c581fb2.wav,dinner,d,0,11.786,11.856,0.07,1.4,-7.434,1.0388,<pad>,0.209437,distortion,0.55,rule_based_v1
2254665fcd114a018c0fbf834c581fb2.wav,dinner,ɪ,1,11.856,11.926,0.07,0.875,-13.4554,13.4551,<pad>,0.262558,substitution,0.95,rule_based_v1
2254665fcd114a018c0fbf834c581fb2.wav,dinner,n,2,11.926,11.996,0.07,1.167,-3.3326,0.3651,<pad>,0.256076,correct,0.859,rule_based_v1
2254665fcd114a018c0fbf834c581fb2.wav,dinner,ɚ,3,11.996,12.066,0.07,0.875,-7.293,4.5262,<pad>,0.176813,substitution,0.95,rule_based_v1
2254665fcd114a018c0fbf834c581fb2.wav,together.,t,0,12.146,12.2228,0.0768,1.281,-4.763,0.4869,<pad>,0.216919,correct,0.828,rule_based_v1
2254665fcd114a018c0fbf834c581fb2.wav,together.,ə,1,12.2228,12.2997,0.0768,1.281,-12.4477,12.4477,<pad>,0.087705,substitution,0.95,rule_based_v1
2254665fcd114a018c0fbf834c581fb2.wav,together.,ɡ,2,12.2997,12.3765,0.0768,1.537,-8.3148,5.3264,<pad>,0.194727,substitution,0.95,rule_based_v1
2254665fcd114a018c0fbf834c581fb2.wav,together.,ɛ,3,12.3765,12.4533,0.0768,0.96,-8.8178,5.4074,<pad>,0.051776,substitution,0.95,rule_based_v1
2254665fcd114a018c0fbf834c581fb2.wav,together.,ð,4,12.4533,12.5302,0.0768,1.281,-9.3544,6.571,<pad>,0.092272,substitution,0.95,rule_based_v1
2254665fcd114a018c0fbf834c581fb2.wav,together.,ɚ,5,12.5302,12.607,0.0768,0.96,-8.6181,6.2402,<pad>,0.018738,substitution,0.95,rule_based_v1
2254665fcd114a018c0fbf834c581fb2.wav,It,ɪ,0,13.588,13.628,0.04,0.5,-10.4342,10.4333,<pad>,0.038553,substitution,0.95,rule_based_v1
2254665fcd114a018c0fbf834c581fb2.wav,It,t,1,13.628,13.668,0.04,0.667,-4.4621,1.1298,<pad>,0.014422,distortion,0.55,rule_based_v1
2254665fcd114a018c0fbf834c581fb2.wav,was,w,0,13.748,13.828,0.08,1.6,-9.9088,8.5062,<pad>,0.283458,substitution,0.95,rule_based_v1
2254665fcd114a018c0fbf834c581fb2.wav,was,ʌ,1,13.828,13.908,0.08,1.143,-11.9451,11.945,<pad>,0.243038,substitution,0.95,rule_based_v1
2254665fcd114a018c0fbf834c581fb2.wav,was,z,2,13.908,13.988,0.08,1.0,-6.6624,5.0332,<pad>,0.074428,substitution,0.95,rule_based_v1
2254665fcd114a018c0fbf834c581fb2.wav,very,v,0,14.088,14.1582,0.0703,1.004,-7.2402,1.5014,<pad>,0.203019,distortion,0.55,rule_based_v1
2254665fcd114a018c0fbf834c581fb2.wav,very,ɛ,1,14.1582,14.2285,0.0703,0.878,-10.3153,10.315,<pad>,0.215303,substitution,0.95,rule_based_v1
2254665fcd114a018c0fbf834c581fb2.wav,very,ɹ,2,14.2285,14.2988,0.0703,0.878,-5.9467,4.4376,<pad>,0.208939,substitution,0.944,rule_based_v1
2254665fcd114a018c0fbf834c581fb2.wav,very,i,3,14.2988,14.369,0.0703,0.878,-7.4175,5.3048,<pad>,0.171708,substitution,0.95,rule_based_v1
2254665fcd114a018c0fbf834c581fb2.wav,enjoyable.,ɛ,0,14.529,14.5871,0.0581,0.726,-13.4108,11.5284,<pad>,0.294189,substitution,0.95,rule_based_v1
2254665fcd114a018c0fbf834c581fb2.wav,enjoyable.,n,1,14.5871,14.6452,0.0581,0.968,-4.1088,2.8373,<pad>,0.117189,distortion,0.584,rule_based_v1
2254665fcd114a018c0fbf834c581fb2.wav,enjoyable.,d,2,14.6452,14.7033,0.0581,1.162,-8.0855,3.1543,<pad>,0.182951,substitution,0.815,rule_based_v1
2254665fcd114a018c0fbf834c581fb2.wav,enjoyable.,ʒ,3,14.7033,14.7614,0.0581,0.726,-11.6918,11.6899,<pad>,0.226013,substitution,0.95,rule_based_v1
2254665fcd114a018c0fbf834c581fb2.wav,enjoyable.,ɔ,4,14.7614,14.8195,0.0581,0.726,-8.4538,2.1895,w,0.15922,distortion,0.519,rule_based_v1
2254665fcd114a018c0fbf834c581fb2.wav,enjoyable.,ɪ,5,14.8195,14.8776,0.0581,0.726,-16.4384,16.4384,<pad>,0.089857,substitution,0.95,rule_based_v1
2254665fcd114a018c0fbf834c581fb2.wav,enjoyable.,ə,6,14.8776,14.9357,0.0581,0.968,-15.1565,15.1564,<pad>,0.00786,substitution,0.95,rule_based_v1
2254665fcd114a018c0fbf834c581fb2.wav,enjoyable.,b,7,14.9357,14.9938,0.0581,1.162,-14.5828,14.5818,<pad>,0.104295,substitution,0.95,rule_based_v1
2254665fcd114a018c0fbf834c581fb2.wav,enjoyable.,ə,8,14.9938,15.0519,0.0581,0.968,-9.7059,9.7055,<pad>,0.092888,substitution,0.95,rule_based_v1
2254665fcd114a018c0fbf834c581fb2.wav,enjoyable.,l,9,15.0519,15.11,0.0581,0.968,-11.7379,10.191,<pad>,0.016528,substitution,0.95,rule_based_v1
23cf7ab093894dbbbec1fc85ee471318.wav,The,ð,0,0.191,0.251,0.06,1.0,-7.4688,5.1899,<pad>,0.121917,substitution,0.95,rule_based_v1
23cf7ab093894dbbbec1fc85ee471318.wav,The,ə,1,0.251,0.311,0.06,1.0,-6.4945,3.8478,<pad>,0.117444,substitution,0.885,rule_based_v1
23cf7ab093894dbbbec1fc85ee471318.wav,squirrel,s,0,0.351,0.4077,0.0567,0.567,-10.8116,10.8115,<pad>,0.013495,substitution,0.95,rule_based_v1
23cf7ab093894dbbbec1fc85ee471318.wav,squirrel,k,1,0.4077,0.4643,0.0567,0.81,-5.809,2.3266,<pad>,0.051041,distortion,0.533,rule_based_v1
23cf7ab093894dbbbec1fc85ee471318.wav,squirrel,w,2,0.4643,0.521,0.0567,1.133,-2.254,1.2736,<pad>,0.156526,distortion,0.55,rule_based_v1
23cf7ab093894dbbbec1fc85ee471318.wav,squirrel,ɜ,3,0.521,0.5777,0.0567,0.708,-14.1672,9.8401,<pad>,0.166941,substitution,0.95,rule_based_v1
23cf7ab093894dbbbec1fc85ee471318.wav,squirrel,ː,4,0.5777,0.6343,0.0567,0.708,-0.0172,0.0,<pad>,0.165371,correct,0.95,rule_based_v1
23cf7ab093894dbbbec1fc85ee471318.wav,squirrel,l,5,0.6343,0.691,0.0567,0.944,-6.1173,5.8607,<pad>,0.02994,substitution,0.95,rule_based_v1
23cf7ab093894dbbbec1fc85ee471318.wav,quietly,k,0,0.731,0.7835,0.0525,0.75,-5.064,0.0603,<pad>,0.009225,correct,0.935,rule_based_v1
23cf7ab093894dbbbec1fc85ee471318.wav,quietly,w,1,0.7835,0.836,0.0525,1.05,-1.1036,0.0,w,0.150805,correct,0.95,rule_based_v1
23cf7ab093894dbbbec1fc85ee471318.wav,quietly,a,2,0.836,0.8885,0.0525,0.656,-7.5834,2.7598,w,0.160082,distortion,0.576,rule_based_v1
23cf7ab093894dbbbec1fc85ee471318.wav,quietly,ɪ,3,0.8885,0.941,0.0525,0.656,-16.2642,16.2642,<pad>,0.151516,substitution,0.95,rule_based_v1
23cf7ab093894dbbbec1fc85ee471318.wav,quietly,ə,4,0.941,0.9935,0.0525,0.875,-12.9611,12.9546,<pad>,0.12917,substitution,0.95,rule_based_v1
23cf7ab093894dbbbec1fc85ee471318.wav,quietly,t,5,0.9935,1.046,0.0525,0.875,-6.9461,4.4661,<pad>,0.04055,substitution,0.947,rule_based_v1
23cf7ab093894dbbbec1fc85ee471318.wav,quietly,l,6,1.046,1.0985,0.0525,0.875,-7.2551,6.904,<pad>,0.09279,substitution,0.95,rule_based_v1
23cf7ab093894dbbbec1fc85ee471318.wav,quietly,i,7,1.0985,1.151,0.0525,0.656,-9.2569,8.8974,t,0.064955,substitution,0.95,rule_based_v1
23cf7ab093894dbbbec1fc85ee471318.wav,climbed,k,0,1.231,1.2845,0.0535,0.764,-10.5033,10.5026,<pad>,0.008102,substitution,0.95,rule_based_v1
23cf7ab093894dbbbec1fc85ee471318.wav,climbed,l,1,1.2845,1.338,0.0535,0.892,-0.5808,0.0,l,0.092373,correct,0.95,rule_based_v1
23cf7ab093894dbbbec1fc85ee471318.wav,climbed,a,2,1.338,1.3915,0.0535,0.669,-8.3945,3.4678,<pad>,0.113576,substitution,0.847,rule_based_v1
23cf7ab093894dbbbec1fc85ee471318.wav,climbed,ɪ,3,1.3915,1.445,0.0535,0.669,-15.3399,15.3397,<pad>,0.100731,substitution,0.95,rule_based_v1
23cf7ab093894dbbbec1fc85ee471318.wav,climbed,m,4,1.445,1.4985,0.0535,0.764,-13.7987,13.7987,<pad>,0.073926,substitution,0.95,rule_based_v1
23cf7ab093894dbbbec1fc85ee471318.wav,climbed,d,5,1.4985,1.552,0.0535,1.07,-15.5331,15.533,<pad>,0.050658,substitution,0.95,rule_based_v1
23cf7ab093894dbbbec1fc85ee471318.wav,through,θ,0,1.592,1.637,0.045,0.5,-15.1961,15.196,<pad>,0.009863,substitution,0.95,rule_based_v1
23cf7ab093894dbbbec1fc85ee471318.wav,through,ɹ,1,1.637,1.682,0.045,0.562,-5.7642,1.0676,<pad>,0.010973,distortion,0.55,rule_based_v1
23cf7ab093894dbbbec1fc85ee471318.wav,through,u,2,1.682,1.727,0.045,0.562,-7.4498,4.8826,ɹ,0.100827,substitution,0.95,rule_based_v1
23cf7ab093894dbbbec1fc85ee471318.wav,through,ː,3,1.727,1.772,0.045,0.562,-0.0013,0.0,<pad>,0.051373,correct,0.95,rule_based_v1
23cf7ab093894dbbbec1fc85ee471318.wav,the,ð,0,1.792,1.832,0.04,0.667,-5.8362,2.8262,<pad>,0.122349,distortion,0.583,rule_based_v1
23cf7ab093894dbbbec1fc85ee471318.wav,the,ə,1,1.832,1.872,0.04,0.667,-9.5586,9.5577,<pad>,0.07767,substitution,0.95,rule_based_v1
23cf7ab093894dbbbec1fc85ee471318.wav,rural,ɹ,0,1.912,1.952,0.04,0.5,-1.5377,0.0,ɹ,0.081618,correct,0.95,rule_based_v1
23cf7ab093894dbbbec1fc85ee471318.wav,rural,ʊ,1,1.952,1.992,0.04,0.5,-11.1091,6.6282,<pad>,0.106415,substitution,0.95,rule_based_v1
23cf7ab093894dbbbec1fc85ee471318.wav,rural,ɹ,2,1.992,2.032,0.04,0.5,-8.5434,8.5405,<pad>,0.108442,substitution,0.95,rule_based_v1
23cf7ab093894dbbbec1fc85ee471318.wav,rural,ɹ,3,2.032,2.072,0.04,0.5,-3.3228,0.1922,<pad>,0.098517,correct,0.902,rule_based_v1
23cf7ab093894dbbbec1fc85ee471318.wav,rural,ə,4,2.072,2.112,0.04,0.667,-8.022,7.9611,<pad>,0.085794,substitution,0.95,rule_based_v1
23cf7ab093894dbbbec1fc85ee471318.wav,rural,l,5,2.112,2.152,0.04,0.667,-8.737,8.736,<pad>,0.076196,substitution,0.95,rule_based_v1
23cf7ab093894dbbbec1fc85ee471318.wav,neighborhood.,n,0,2.172,2.2295,0.0575,0.958,-5.542,0.7956,<pad>,0.092443,correct,0.751,rule_based_v1
23cf7ab093894dbbbec1fc85ee471318.wav,neighborhood.,e,1,2.2295,2.287,0.0575,0.719,-9.9731,4.8731,<pad>,0.084149,substitution,0.95,rule_based_v1
23cf7ab093894dbbbec1fc85ee471318.wav,neighborhood.,ɪ,2,2.287,2.3445,0.0575,0.719,-11.7782,11.7781,<pad>,0.035248,substitution,0.95,rule_based_v1
23cf7ab093894dbbbec1fc85ee471318.wav,neighborhood.,b,3,2.3445,2.402,0.0575,1.15,-12.6613,12.6613,<pad>,0.083984,substitution,0.95,rule_based_v1
23cf7ab093894dbbbec1fc85ee471318.wav,neighborhood.,ɚ,4,2.402,2.4595,0.0575,0.719,-5.2193,0.0,ɚ,0.032213,correct,0.95,rule_based_v1
23cf7ab093894dbbbec1fc85ee471318.wav,neighborhood.,h,5,2.4595,2.517,0.0575,0.958,-13.1418,13.1417,<pad>,0.077416,substitution,0.95,rule_based_v1
23cf7ab093894dbbbec1fc85ee471318.wav,neighborhood.,ʊ,6,2.517,2.5745,0.0575,0.719,-13.0726,12.0454,<pad>,0.06674,substitution,0.95,rule_based_v1
23cf7ab093894dbbbec1fc85ee471318.wav,neighborhood.,d,7,2.5745,2.632,0.0575,1.15,-11.0111,8.7213,<pad>,0.031531,substitution,0.95,rule_based_v1
23cf7ab093894dbbbec1fc85ee471318.wav,She,ʃ,0,3.672,3.7057,0.0337,0.337,-0.2029,0.0,ʃ,0.074642,correct,0.95,rule_based_v1
23cf7ab093894dbbbec1fc85ee471318.wav,She,i,1,3.7057,3.7393,0.0337,0.421,-12.4897,12.4896,<pad>,0.122775,substitution,0.95,rule_based_v1
23cf7ab093894dbbbec1fc85ee471318.wav,She,ː,2,3.7393,3.773,0.0337,0.421,-0.0001,0.0,<pad>,0.154985,correct,0.95,rule_based_v1
23cf7ab093894dbbbec1fc85ee471318.wav,bought,b,0,3.813,3.858,0.045,0.9,-4.3619,0.0,b,0.148077,correct,0.95,rule_based_v1
23cf7ab093894dbbbec1fc85ee471318.wav,bought,ɔ,1,3.858,3.903,0.045,0.562,-7.0295,2.9989,<pad>,0.277959,distortion,0.6,rule_based_v1
23cf7ab093894dbbbec1fc85ee471318.wav,bought,ː,2,3.903,3.948,0.045,0.562,-0.0001,0.0,<pad>,0.174654,correct,0.95,rule_based_v1
23cf7ab093894dbbbec1fc85ee471318.wav,bought,t,3,3.948,3.993,0.045,0.75,-4.2009,1.3123,<pad>,0.148052,distortion,0.55,rule_based_v1
23cf7ab093894dbbbec1fc85ee471318.wav,a,e,0,4.013,4.033,0.02,0.25,-10.8554,10.8377,<pad>,0.018447,substitution,0.95,rule_based_v1
23cf7ab093894dbbbec1fc85ee471318.wav,a,ɪ,1,4.033,4.053,0.02,0.25,-11.9167,11.9162,<pad>,0.001683,substitution,0.95,rule_based_v1
23cf7ab093894dbbbec1fc85ee471318.wav,comfortable,k,0,4.113,4.1641,0.0511,0.73,-11.2743,11.274,<pad>,0.042606,substitution,0.95,rule_based_v1
23cf7ab093894dbbbec1fc85ee471318.wav,comfortable,ʌ,1,4.1641,4.2152,0.0511,0.73,-4.8743,0.8233,<pad>,0.147336,correct,0.744,rule_based_v1
23cf7ab093894dbbbec1fc85ee471318.wav,comfortable,m,2,4.2152,4.2663,0.0511,0.73,-5.0684,5.021,<pad>,0.072668,substitution,0.95,rule_based_v1
23cf7ab093894dbbbec1fc85ee471318.wav,comfortable,f,3,4.2663,4.3174,0.0511,0.568,-9.5734,7.7119,m,0.005933,substitution,0.95,rule_based_v1
23cf7ab093894dbbbec1fc85ee471318.wav,comfortable,t,4,4.3174,4.3686,0.0511,0.852,-7.8832,6.5002,f,0.021665,substitution,0.95,rule_based_v1
23cf7ab093894dbbbec1fc85ee471318.wav,comfortable,ə,5,4.3686,4.4197,0.0511,0.852,-8.3882,8.3844,<pad>,0.11017,substitution,0.95,rule_based_v1
23cf7ab093894dbbbec1fc85ee471318.wav,comfortable,b,6,4.4197,4.4708,0.0511,1.022,-10.0651,6.8292,t,0.042118,substitution,0.95,rule_based_v1
23cf7ab093894dbbbec1fc85ee471318.wav,comfortable,ə,7,4.4708,4.5219,0.0511,0.852,-4.459,3.0122,<pad>,0.132611,substitution,0.801,rule_based_v1
23cf7ab093894dbbbec1fc85ee471318.wav,comfortable,l,8,4.5219,4.573,0.0511,0.852,-10.425,6.6655,b,0.041619,substitution,0.95,rule_based_v1
23cf7ab093894dbbbec1fc85ee471318.wav,pair,p,0,4.613,4.6797,0.0667,1.111,-9.0976,5.2689,<pad>,0.012097,substitution,0.95,rule_based_v1
23cf7ab093894dbbbec1fc85ee471318.wav,pair,ɛ,1,4.6797,4.7463,0.0667,0.833,-8.2018,4.733,<pad>,0.11163,substitution,0.95,rule_based_v1
23cf7ab093894dbbbec1fc85ee471318.wav,pair,ɹ,2,4.7463,4.813,0.0667,0.833,-12.3076,12.3076,<pad>,0.112292,substitution,0.95,rule_based_v1
23cf7ab093894dbbbec1fc85ee471318.wav,of,ʌ,0,4.833,4.863,0.03,0.429,-5.1166,5.1087,<pad>,0.028983,substitution,0.95,rule_based_v1
23cf7ab093894dbbbec1fc85ee471318.wav,of,v,1,4.863,4.893,0.03,0.429,-14.3354,14.3354,<pad>,0.002149,substitution,0.95,rule_based_v1
23cf7ab093894dbbbec1fc85ee471318.wav,clothes,k,0,4.973,5.0363,0.0633,0.905,-10.4909,10.4905,<pad>,0.008202,substitution,0.95,rule_based_v1
23cf7ab093894dbbbec1fc85ee471318.wav,clothes,l,1,5.0363,5.0997,0.0633,1.056,-1.5083,0.0,l,0.123252,correct,0.95,rule_based_v1
23cf7ab093894dbbbec1fc85ee471318.wav,clothes,o,2,5.0997,5.163,0.0633,0.792,-12.1753,9.0132,<pad>,0.178299,substitution,0.95,rule_based_v1
23cf7ab093894dbbbec1fc85ee471318.wav,clothes,ʊ,3,5.163,5.2263,0.0633,0.792,-15.2159,15.2159,<pad>,0.097497,substitution,0.95,rule_based_v1
23cf7ab093894dbbbec1fc85ee471318.wav,clothes,ð,4,5.2263,5.2897,0.0633,1.056,-14.3226,14.3224,<pad>,0.058644,substitution,0.95,rule_based_v1
23cf7ab093894dbbbec1fc85ee471318.wav,clothes,z,5,5.2897,5.353,0.0633,0.792,-6.3888,5.504,<pad>,0.016121,substitution,0.95,rule_based_v1
23cf7ab093894dbbbec1fc85ee471318.wav,at,æ,0,5.413,5.453,0.04,0.444,-6.4115,2.5662,<pad>,0.092073,distortion,0.557,rule_based_v1
23cf7ab093894dbbbec1fc85ee471318.wav,at,t,1,5.453,5.493,0.04,0.667,-1.8171,0.4411,<pad>,0.0043,correct,0.84,rule_based_v1
23cf7ab093894dbbbec1fc85ee471318.wav,the,ð,0,5.513,5.553,0.04,0.667,-3.4441,0.0,ð,0.082551,correct,0.95,rule_based_v1
23cf7ab093894dbbbec1fc85ee471318.wav,the,ə,1,5.553,5.593,0.04,0.667,-4.4993,1.4281,<pad>,0.060419,distortion,0.55,rule_based_v1
23cf7ab093894dbbbec1fc85ee471318.wav,jewelry,d,0,5.633,5.678,0.045,0.9,-6.7975,1.7541,dʒ,0.065421,distortion,0.55,rule_based_v1
23cf7ab093894dbbbec1fc85ee471318.wav,jewelry,ʒ,1,5.678,5.723,0.045,0.563,-10.9107,10.8914,<pad>,0.140659,substitution,0.95,rule_based_v1
23cf7ab093894dbbbec1fc85ee471318.wav,jewelry,u,2,5.723,5.768,0.045,0.563,-9.3473,5.8813,<pad>,0.122301,substitution,0.95,rule_based_v1
23cf7ab093894dbbbec1fc85ee471318.wav,jewelry,ː,3,5.768,5.813,0.045,0.563,-0.0004,0.0,<pad>,0.100636,correct,0.95,rule_based_v1
23cf7ab093894dbbbec1fc85ee471318.wav,jewelry,ə,4,5.813,5.858,0.045,0.75,-5.4049,4.6991,<pad>,0.076528,substitution,0.95,rule_based_v1
23cf7ab093894dbbbec1fc85ee471318.wav,jewelry,l,5,5.858,5.903,0.045,0.75,-6.6894,6.6778,<pad>,0.071771,substitution,0.95,rule_based_v1
23cf7ab093894dbbbec1fc85ee471318.wav,jewelry,ɹ,6,5.903,5.948,0.045,0.563,-0.1513,0.0,ɹ,0.080746,correct,0.95,rule_based_v1
23cf7ab093894dbbbec1fc85ee471318.wav,jewelry,i,7,5.948,5.993,0.045,0.563,-5.5158,1.2291,<pad>,0.039242,distortion,0.55,rule_based_v1
23cf7ab093894dbbbec1fc85ee471318.wav,store.,s,0,6.053,6.1172,0.0642,0.642,-12.3697,12.3693,<pad>,0.022195,substitution,0.95,rule_based_v1
23cf7ab093894dbbbec1fc85ee471318.wav,store.,t,1,6.1172,6.1814,0.0642,1.07,-6.7162,2.2558,<pad>,0.09423,distortion,0.526,rule_based_v1
23cf7ab093894dbbbec1fc85ee471318.wav,store.,ɔ,2,6.1814,6.2456,0.0642,0.802,-16.5833,16.5833,<pad>,0.074036,substitution,0.95,rule_based_v1
23cf7ab093894dbbbec1fc85ee471318.wav,store.,ː,3,6.2456,6.3098,0.0642,0.802,-0.0,0.0,<pad>,0.060842,correct,0.95,rule_based_v1
23cf7ab093894dbbbec1fc85ee471318.wav,store.,ɹ,4,6.3098,6.374,0.0642,0.802,-7.8926,7.8917,<pad>,0.039979,substitution,0.95,rule_based_v1
23cf7ab093894dbbbec1fc85ee471318.wav,The,ð,0,7.394,7.444,0.05,0.833,-0.3812,0.0,ð,0.166241,correct,0.95,rule_based_v1
23cf7ab093894dbbbec1fc85ee471318.wav,The,ə,1,7.444,7.494,0.05,0.833,-5.3572,1.4581,<pad>,0.117698,distortion,0.55,rule_based_v1
23cf7ab093894dbbbec1fc85ee471318.wav,sixth,s,0,7.534,7.582,0.048,0.48,-2.6371,0.0,s,0.034737,correct,0.95,rule_based_v1
23cf7ab093894dbbbec1fc85ee471318.wav,sixth,ɪ,1,7.582,7.63,0.048,0.6,-9.9101,9.9095,<pad>,0.178668,substitution,0.95,rule_based_v1
23cf7ab093894dbbbec1fc85ee471318.wav,sixth,k,2,7.63,7.678,0.048,0.686,-10.9553,6.7201,<pad>,0.027479,substitution,0.95,rule_based_v1
23cf7ab093894dbbbec1fc85ee471318.wav,sixth,s,3,7.678,7.726,0.048,0.48,-13.7696,13.7696,<pad>,0.029393,substitution,0.95,rule_based_v1
23cf7ab093894dbbbec1fc85ee471318.wav,sixth,θ,4,7.726,7.774,0.048,0.533,-11.4336,7.2966,<pad>,0.024376,substitution,0.95,rule_based_v1
23cf7ab093894dbbbec1fc85ee471318.wav,athlete,æ,0,7.914,7.974,0.06,0.667,-13.9207,13.9206,<pad>,0.115007,substitution,0.95,rule_based_v1
23cf7ab093894dbbbec1fc85ee471318.wav,athlete,θ,1,7.974,8.034,0.06,0.667,-15.749,15.749,<pad>,0.003914,substitution,0.95,rule_based_v1
23cf7ab093894dbbbec1fc85ee471318.wav,athlete,l,2,8.034,8.094,0.06,1.0,-4.6791,0.5125,<pad>,0.061036,correct,0.822,rule_based_v1
23cf7ab093894dbbbec1fc85ee471318.wav,athlete,i,3,8.094,8.154,0.06,0.75,-6.3902,3.2867,<pad>,0.123544,substitution,0.829,rule_based_v1
23cf7ab093894dbbbec1fc85ee471318.wav,athlete,ː,4,8.154,8.214,0.06,0.75,-0.0001,0.0,<pad>,0.073478,correct,0.95,rule_based_v1
23cf7ab093894dbbbec1fc85ee471318.wav,athlete,t,5,8.214,8.274,0.06,1.0,-3.6574,1.846,<pad>,0.005154,distortion,0.585,rule_based_v1
23cf7ab093894dbbbec1fc85ee471318.wav,successfully,s,0,8.334,8.3961,0.0621,0.621,-3.4634,0.92,<pad>,0.093001,correct,0.72,rule_based_v1
23cf7ab093894dbbbec1fc85ee471318.wav,successfully,ə,1,8.3961,8.4582,0.0621,1.035,-12.2975,12.2974,<pad>,0.011786,substitution,0.95,rule_based_v1
23cf7ab093894dbbbec1fc85ee471318.wav,successfully,k,2,8.4582,8.5203,0.0621,0.887,-5.4797,2.2835,<pad>,0.030322,distortion,0.528,rule_based_v1
23cf7ab093894dbbbec1fc85ee471318.wav,successfully,s,3,8.5203,8.5824,0.0621,0.621,-3.8154,0.0,s,0.100931,correct,0.95,rule_based_v1
23cf7ab093894dbbbec1fc85ee471318.wav,successfully,ɛ,4,8.5824,8.6445,0.0621,0.776,-9.4298,6.2203,<pad>,0.142359,substitution,0.95,rule_based_v1
23cf7ab093894dbbbec1fc85ee471318.wav,successfully,s,5,8.6445,8.7066,0.0621,0.621,-6.5915,3.0164,<pad>,0.034965,substitution,0.802,rule_based_v1
23cf7ab093894dbbbec1fc85ee471318.wav,successfully,f,6,8.7066,8.7687,0.0621,0.69,-10.8878,10.8611,<pad>,0.004023,substitution,0.95,rule_based_v1
23cf7ab093894dbbbec1fc85ee471318.wav,successfully,ə,7,8.7687,8.8308,0.0621,1.035,-7.5402,2.7542,<pad>,0.091655,distortion,0.575,rule_based_v1
23cf7ab093894dbbbec1fc85ee471318.wav,successfully,l,8,8.8308,8.8929,0.0621,1.035,-5.9349,4.0957,<pad>,0.098562,substitution,0.91,rule_based_v1
23cf7ab093894dbbbec1fc85ee471318.wav,successfully,i,9,8.8929,8.955,0.0621,0.776,-8.1282,5.3547,<pad>,0.080869,substitution,0.95,rule_based_v1
23cf7ab093894dbbbec1fc85ee471318.wav,solved,s,0,9.015,9.055,0.04,0.4,-2.4225,0.0,s,0.031545,correct,0.95,rule_based_v1
23cf7ab093894dbbbec1fc85ee471318.wav,solved,ɑ,1,9.055,9.095,0.04,0.5,-14.2465,14.2455,<pad>,0.109599,substitution,0.95,rule_based_v1
23cf7ab093894dbbbec1fc85ee471318.wav,solved,ː,2,9.095,9.135,0.04,0.5,-0.6902,-2.6941,<pad>,0.167962,correct,0.95,rule_based_v1
23cf7ab093894dbbbec1fc85ee471318.wav,solved,l,3,9.135,9.175,0.04,0.667,-7.0488,7.0438,<pad>,0.138167,substitution,0.95,rule_based_v1
23cf7ab093894dbbbec1fc85ee471318.wav,solved,v,4,9.175,9.215,0.04,0.571,-6.3471,6.1464,<pad>,0.052865,substitution,0.95,rule_based_v1
23cf7ab093894dbbbec1fc85ee471318.wav,solved,d,5,9.215,9.255,0.04,0.8,-1.7672,0.0,d,0.001985,correct,0.95,rule_based_v1
23cf7ab093894dbbbec1fc85ee471318.wav,the,ð,0,9.295,9.335,0.04,0.667,-5.7644,2.6817,ə,0.077846,distortion,0.568,rule_based_v1
23cf7ab093894dbbbec1fc85ee471318.wav,the,ə,1,9.335,9.375,0.04,0.667,-11.6525,11.6523,<pad>,0.046661,substitution,0.95,rule_based_v1
23cf7ab093894dbbbec1fc85ee471318.wav,statistical,s,0,9.395,9.4495,0.0545,0.545,-7.2776,7.2747,<pad>,0.011679,substitution,0.95,rule_based_v1
23cf7ab093894dbbbec1fc85ee471318.wav,statistical,t,1,9.4495,9.5041,0.0545,0.909,-2.9909,0.0,t,0.08259,correct,0.95,rule_based_v1
23cf7ab093894dbbbec1fc85ee471318.wav,statistical,ɐ,2,9.5041,9.5586,0.0545,0.682,-6.6784,2.9665,<pad>,0.022277,distortion,0.597,rule_based_v1
23cf7ab093894dbbbec1fc85ee471318.wav,statistical,t,3,9.5586,9.6132,0.0545,0.909,-8.8931,8.8928,<pad>,0.051422,substitution,0.95,rule_based_v1
23cf7ab093894dbbbec1fc85ee471318.wav,statistical,ɪ,4,9.6132,9.6677,0.0545,0.682,-11.1284,8.0795,t,0.082893,substitution,0.95,rule_based_v1
23cf7ab093894dbbbec1fc85ee471318.wav,statistical,s,5,9.6677,9.7223,0.0545,0.545,-10.6159,10.6154,<pad>,0.040663,substitution,0.95,rule_based_v1
23cf7ab093894dbbbec1fc85ee471318.wav,statistical,t,6,9.7223,9.7768,0.0545,0.909,-10.229,5.7076,<pad>,0.019766,substitution,0.95,rule_based_v1
23cf7ab093894dbbbec1fc85ee471318.wav,statistical,ɪ,7,9.7768,9.8314,0.0545,0.682,-12.6938,12.642,<pad>,0.079555,substitution,0.95,rule_based_v1
23cf7ab093894dbbbec1fc85ee471318.wav,statistical,k,8,9.8314,9.8859,0.0545,0.779,-10.8919,6.5171,s,0.005541,substitution,0.95,rule_based_v1
23cf7ab093894dbbbec1fc85ee471318.wav,statistical,ə,9,9.8859,9.9405,0.0545,0.909,-10.9169,6.9066,<pad>,0.096739,substitution,0.95,rule_based_v1
23cf7ab093894dbbbec1fc85ee471318.wav,statistical,l,10,9.9405,9.995,0.0545,0.909,-11.0282,7.4427,<pad>,0.044657,substitution,0.95,rule_based_v1
23cf7ab093894dbbbec1fc85ee471318.wav,problem.,p,0,10.035,10.085,0.05,0.833,-4.3453,0.0,p,0.009222,correct,0.95,rule_based_v1
23cf7ab093894dbbbec1fc85ee471318.wav,problem.,ɹ,1,10.085,10.135,0.05,0.625,-0.2224,0.0,ɹ,0.152931,correct,0.95,rule_based_v1
23cf7ab093894dbbbec1fc85ee471318.wav,problem.,ɑ,2,10.135,10.185,0.05,0.625,-9.3572,5.4189,<pad>,0.140478,substitution,0.95,rule_based_v1
23cf7ab093894dbbbec1fc85ee471318.wav,problem.,ː,3,10.185,10.235,0.05,0.625,-0.0,0.0,<pad>,0.053617,correct,0.95,rule_based_v1
23cf7ab093894dbbbec1fc85ee471318.wav,problem.,b,4,10.235,10.285,0.05,1.0,-12.5847,12.5847,<pad>,0.057204,substitution,0.95,rule_based_v1
23cf7ab093894dbbbec1fc85ee471318.wav,problem.,l,5,10.285,10.335,0.05,0.833,-7.196,3.1793,b,0.06804,substitution,0.818,rule_based_v1
23cf7ab093894dbbbec1fc85ee471318.wav,problem.,ə,6,10.335,10.385,0.05,0.833,-8.1168,8.0725,l,0.049184,substitution,0.95,rule_based_v1
23cf7ab093894dbbbec1fc85ee471318.wav,problem.,m,7,10.385,10.435,0.05,0.714,-12.2684,8.8972,<pad>,0.039778,substitution,0.95,rule_based_v1
23cf7ab093894dbbbec1fc85ee471318.wav,The,ð,0,11.436,11.486,0.05,0.833,-6.2846,2.1673,<pad>,0.124159,distortion,0.517,rule_based_v1
23cf7ab093894dbbbec1fc85ee471318.wav,The,ə,1,11.486,11.536,0.05,0.833,-4.813,0.9469,<pad>,0.151081,correct,0.713,rule_based_v1
23cf7ab093894dbbbec1fc85ee471318.wav,brewery,b,0,11.576,11.6274,0.0514,1.029,-5.7662,1.0426,<pad>,0.067018,distortion,0.55,rule_based_v1
23cf7ab093894dbbbec1fc85ee471318.wav,brewery,ɹ,1,11.6274,11.6789,0.0514,0.643,-0.7657,0.0,ɹ,0.202727,correct,0.95,rule_based_v1
23cf7ab093894dbbbec1fc85ee471318.wav,brewery,u,2,11.6789,11.7303,0.0514,0.643,-7.5997,4.3349,ɹ,0.164715,substitution,0.933,rule_based_v1
23cf7ab093894dbbbec1fc85ee471318.wav,brewery,ː,3,11.7303,11.7817,0.0514,0.643,-0.0,0.0,<pad>,0.163339,correct,0.95,rule_based_v1
23cf7ab093894dbbbec1fc85ee471318.wav,brewery,ɚ,4,11.7817,11.8331,0.0514,0.643,-13.6157,13.6151,<pad>,0.185785,substitution,0.95,rule_based_v1
23cf7ab093894dbbbec1fc85ee471318.wav,brewery,ɹ,5,11.8331,11.8846,0.0514,0.643,-4.3865,3.9082,<pad>,0.147877,substitution,0.891,rule_based_v1
23cf7ab093894dbbbec1fc85ee471318.wav,brewery,i,6,11.8846,11.936,0.0514,0.643,-10.0605,8.1517,ɹ,0.077383,substitution,0.95,rule_based_v1
23cf7ab093894dbbbec1fc85ee471318.wav,produced,p,0,11.996,12.041,0.045,0.75,-9.2466,9.0499,ɹ,0.086561,substitution,0.95,rule_based_v1
23cf7ab093894dbbbec1fc85ee471318.wav,produced,ɹ,1,12.041,12.086,0.045,0.562,-8.0049,4.3777,<pad>,0.115329,substitution,0.938,rule_based_v1
23cf7ab093894dbbbec1fc85ee471318.wav,produced,ə,2,12.086,12.131,0.045,0.75,-9.2805,9.2788,<pad>,0.025255,substitution,0.95,rule_based_v1
23cf7ab093894dbbbec1fc85ee471318.wav,produced,d,3,12.131,12.176,0.045,0.9,-5.8918,0.5353,<pad>,0.155818,correct,0.816,rule_based_v1
23cf7ab093894dbbbec1fc85ee471318.wav,produced,u,4,12.176,12.221,0.045,0.562,-6.6074,3.8119,uː,0.138315,substitution,0.881,rule_based_v1
23cf7ab093894dbbbec1fc85ee471318.wav,produced,ː,5,12.221,12.266,0.045,0.562,-0.0001,0.0,<pad>,0.059372,correct,0.95,rule_based_v1
23cf7ab093894dbbbec1fc85ee471318.wav,produced,s,6,12.266,12.311,0.045,0.45,-11.5427,11.5426,<pad>,0.041086,substitution,0.95,rule_based_v1
23cf7ab093894dbbbec1fc85ee471318.wav,produced,t,7,12.311,12.356,0.045,0.75,-8.3488,4.6071,s,0.00662,substitution,0.95,rule_based_v1
23cf7ab093894dbbbec1fc85ee471318.wav,300,θ,0,12.436,12.4851,0.0491,0.545,-7.813,3.335,<pad>,0.009415,substitution,0.834,rule_based_v1
23cf7ab093894dbbbec1fc85ee471318.wav,300,ɹ,1,12.4851,12.5342,0.0491,0.614,-7.1711,7.1687,<pad>,0.084202,substitution,0.95,rule_based_v1
23cf7ab093894dbbbec1fc85ee471318.wav,300,i,2,12.5342,12.5833,0.0491,0.614,-10.9035,10.8762,ɹ,0.140671,substitution,0.95,rule_based_v1
23cf7ab093894dbbbec1fc85ee471318.wav,300,ː,3,12.5833,12.6324,0.0491,0.614,-0.093,-4.3655,<pad>,0.10369,correct,0.95,rule_based_v1
23cf7ab093894dbbbec1fc85ee471318.wav,300,h,4,12.6324,12.6815,0.0491,0.818,-14.3661,14.366,<pad>,0.035323,substitution,0.95,rule_based_v1
23cf7ab093894dbbbec1fc85ee471318.wav,300,ʌ,5,12.6815,12.7305,0.0491,0.701,-15.6791,15.679,<pad>,0.047229,substitution,0.95,rule_based_v1
23cf7ab093894dbbbec1fc85ee471318.wav,300,n,6,12.7305,12.7796,0.0491,0.818,-8.9806,8.16,h,0.121705,substitution,0.95,rule_based_v1
23cf7ab093894dbbbec1fc85ee471318.wav,300,d,7,12.7796,12.8287,0.0491,0.982,-12.3337,8.8496,<pad>,0.055517,substitution,0.95,rule_based_v1
23cf7ab093894dbbbec1fc85ee471318.wav,300,ɹ,8,12.8287,12.8778,0.0491,0.614,-16.0146,15.9854,<pad>,0.101643,substitution,0.95,rule_based_v1
23cf7ab093894dbbbec1fc85ee471318.wav,300,ɪ,9,12.8778,12.9269,0.0491,0.614,-11.098,10.0508,n,0.070819,substitution,0.95,rule_based_v1
23cf7ab093894dbbbec1fc85ee471318.wav,300,d,10,12.9269,12.976,0.0491,0.982,-3.9316,0.0602,ɹ,0.012572,correct,0.935,rule_based_v1
23cf7ab093894dbbbec1fc85ee471318.wav,fresh,f,0,13.016,13.081,0.065,0.722,-6.4553,3.5141,<pad>,0.03441,substitution,0.851,rule_based_v1
23cf7ab093894dbbbec1fc85ee471318.wav,fresh,ɹ,1,13.081,13.146,0.065,0.812,-2.915,0.0,ɹ,0.163441,correct,0.95,rule_based_v1
23cf7ab093894dbbbec1fc85ee471318.wav,fresh,ɛ,2,13.146,13.211,0.065,0.812,-11.1667,11.1664,<pad>,0.062035,substitution,0.95,rule_based_v1
23cf7ab093894dbbbec1fc85ee471318.wav,fresh,ʃ,3,13.211,13.276,0.065,0.65,-4.2694,1.7923,<pad>,0.054852,distortion,0.55,rule_based_v1
23cf7ab093894dbbbec1fc85ee471318.wav,beverages.,b,0,13.316,13.3701,0.0541,1.082,-5.2849,0.959,<pad>,0.135077,correct,0.71,rule_based_v1
23cf7ab093894dbbbec1fc85ee471318.wav,beverages.,ɛ,1,13.3701,13.4242,0.0541,0.676,-5.9952,1.3028,<pad>,0.155682,distortion,0.55,rule_based_v1
23cf7ab093894dbbbec1fc85ee471318.wav,beverages.,v,2,13.4242,13.4783,0.0541,0.773,-14.2965,14.2963,<pad>,0.041697,substitution,0.95,rule_based_v1
23cf7ab093894dbbbec1fc85ee471318.wav,beverages.,ɚ,3,13.4783,13.5324,0.0541,0.676,-16.5539,16.5539,<pad>,0.11274,substitution,0.95,rule_based_v1
23cf7ab093894dbbbec1fc85ee471318.wav,beverages.,ɹ,4,13.5324,13.5865,0.0541,0.676,-2.7293,0.0,ɹ,0.054101,correct,0.95,rule_based_v1
23cf7ab093894dbbbec1fc85ee471318.wav,beverages.,ɪ,5,13.5865,13.6406,0.0541,0.676,-4.5484,1.4569,<pad>,0.045159,distortion,0.55,rule_based_v1
23cf7ab093894dbbbec1fc85ee471318.wav,beverages.,d,6,13.6406,13.6947,0.0541,1.082,-8.7187,8.7183,<pad>,0.095117,substitution,0.95,rule_based_v1
23cf7ab093894dbbbec1fc85ee471318.wav,beverages.,ʒ,7,13.6947,13.7488,0.0541,0.676,-11.0082,5.9327,<pad>,0.062179,substitution,0.95,rule_based_v1
23cf7ab093894dbbbec1fc85ee471318.wav,beverages.,ᵻ,8,13.7488,13.8029,0.0541,0.676,-10.5874,10.5849,<pad>,0.038949,substitution,0.95,rule_based_v1
23cf7ab093894dbbbec1fc85ee471318.wav,beverages.,z,9,13.8029,13.857,0.0541,0.676,-12.0329,8.3351,<pad>,0.027866,substitution,0.95,rule_based_v1
23cf7ab093894dbbbec1fc85ee471318.wav,The,ð,0,14.977,15.017,0.04,0.667,-4.7811,0.8076,<pad>,0.199809,correct,0.748,rule_based_v1
23cf7ab093894dbbbec1fc85ee471318.wav,The,ə,1,15.017,15.057,0.04,0.667,-8.824,5.1978,<pad>,0.204847,substitution,0.95,rule_based_v1
23cf7ab093894dbbbec1fc85ee471318.wav,architecture,ɑ,0,15.157,15.2079,0.0509,0.636,-16.1587,16.1584,<pad>,0.148371,substitution,0.95,rule_based_v1
23cf7ab093894dbbbec1fc85ee471318.wav,architecture,ː,1,15.2079,15.2588,0.0509,0.636,-0.0028,0.0,<pad>,0.004173,correct,0.95,rule_based_v1
23cf7ab093894dbbbec1fc85ee471318.wav,architecture,ɹ,2,15.2588,15.3097,0.0509,0.636,-14.7707,14.77,<pad>,0.10087,substitution,0.95,rule_based_v1
23cf7ab093894dbbbec1fc85ee471318.wav,architecture,k,3,15.3097,15.3606,0.0509,0.727,-4.3638,0.0,k,0.082558,correct,0.95,rule_based_v1
23cf7ab093894dbbbec1fc85ee471318.wav,architecture,ɪ,4,15.3606,15.4115,0.0509,0.636,-6.338,2.984,<pad>,0.060521,distortion,0.598,rule_based_v1
23cf7ab093894dbbbec1fc85ee471318.wav,architecture,t,5,15.4115,15.4625,0.0509,0.848,-4.6768,4.0685,<pad>,0.132301,substitution,0.907,rule_based_v1
23cf7ab093894dbbbec1fc85ee471318.wav,architecture,ɛ,6,15.4625,15.5134,0.0509,0.636,-9.2918,6.2715,<pad>,0.139277,substitution,0.95,rule_based_v1
23cf7ab093894dbbbec1fc85ee471318.wav,architecture,k,7,15.5134,15.5643,0.0509,0.727,-11.2961,6.2513,ɛ,0.012415,substitution,0.95,rule_based_v1
23cf7ab093894dbbbec1fc85ee471318.wav,architecture,t,8,15.5643,15.6152,0.0509,0.848,-12.5118,12.5118,<pad>,0.090418,substitution,0.95,rule_based_v1
23cf7ab093894dbbbec1fc85ee471318.wav,architecture,ʃ,9,15.6152,15.6661,0.0509,0.509,-17.5334,17.5334,<pad>,0.077176,substitution,0.95,rule_based_v1
23cf7ab093894dbbbec1fc85ee471318.wav,architecture,ɚ,10,15.6661,15.717,0.0509,0.636,-14.6573,10.2578,<pad>,0.154652,substitution,0.95,rule_based_v1
23cf7ab093894dbbbec1fc85ee471318.wav,of,ʌ,0,15.757,15.777,0.02,0.286,-11.8205,11.8205,<pad>,0.032624,substitution,0.95,rule_based_v1
23cf7ab093894dbbbec1fc85ee471318.wav,of,v,1,15.777,15.797,0.02,0.286,-2.7765,2.7103,<pad>,0.012804,deletion,0.786,rule_based_v1
23cf7ab093894dbbbec1fc85ee471318.wav,the,ð,0,15.837,15.877,0.04,0.667,-4.151,0.1138,ə,0.146247,correct,0.922,rule_based_v1
23cf7ab093894dbbbec1fc85ee471318.wav,the,ə,1,15.877,15.917,0.04,0.667,-7.4801,7.4746,<pad>,0.096318,substitution,0.95,rule_based_v1
23cf7ab093894dbbbec1fc85ee471318.wav,library,l,0,15.957,16.0121,0.0551,0.919,-3.1772,0.0,l,0.157681,correct,0.95,rule_based_v1
23cf7ab093894dbbbec1fc85ee471318.wav,library,a,1,16.0121,16.0672,0.0551,0.689,-9.3636,4.1269,<pad>,0.170048,substitution,0.913,rule_based_v1
23cf7ab093894dbbbec1fc85ee471318.wav,library,ɪ,2,16.0672,16.1224,0.0551,0.689,-16.2425,16.2425,<pad>,0.096507,substitution,0.95,rule_based_v1
23cf7ab093894dbbbec1fc85ee471318.wav,library,b,3,16.1224,16.1775,0.0551,1.102,-14.1086,14.1083,<pad>,0.008359,substitution,0.95,rule_based_v1
23cf7ab093894dbbbec1fc85ee471318.wav,library,ɹ,4,16.1775,16.2326,0.0551,0.689,-13.0146,13.0144,<pad>,0.125045,substitution,0.95,rule_based_v1
23cf7ab093894dbbbec1fc85ee471318.wav,library,ɛ,5,16.2326,16.2878,0.0551,0.689,-10.5623,7.0784,b,0.101567,substitution,0.95,rule_based_v1
23cf7ab093894dbbbec1fc85ee471318.wav,library,ɹ,6,16.2878,16.3429,0.0551,0.689,-2.4572,0.0,ɹ,0.09136,correct,0.95,rule_based_v1
23cf7ab093894dbbbec1fc85ee471318.wav,library,i,7,16.3429,16.398,0.0551,0.689,-16.5659,16.5658,<pad>,0.11291,substitution,0.95,rule_based_v1
23cf7ab093894dbbbec1fc85ee471318.wav,is,ɪ,0,16.498,16.538,0.04,0.5,-11.1177,11.1172,<pad>,0.053363,substitution,0.95,rule_based_v1
23cf7ab093894dbbbec1fc85ee471318.wav,is,z,1,16.538,16.578,0.04,0.5,-0.0701,0.0,z,0.039111,correct,0.95,rule_based_v1
23cf7ab093894dbbbec1fc85ee471318.wav,extraordinary.,ɛ,0,16.658,16.6994,0.0414,0.518,-13.5901,9.2991,<pad>,0.033375,substitution,0.95,rule_based_v1
23cf7ab093894dbbbec1fc85ee471318.wav,extraordinary.,k,1,16.6994,16.7409,0.0414,0.592,-10.7445,7.3474,s,0.076631,substitution,0.95,rule_based_v1
23cf7ab093894dbbbec1fc85ee471318.wav,extraordinary.,s,2,16.7409,16.7823,0.0414,0.414,-10.7681,10.768,<pad>,0.011241,substitution,0.95,rule_based_v1
23cf7ab093894dbbbec1fc85ee471318.wav,extraordinary.,t,3,16.7823,16.8237,0.0414,0.69,-3.7531,0.0,t,0.076013,correct,0.95,rule_based_v1
23cf7ab093894dbbbec1fc85ee471318.wav,extraordinary.,ɹ,4,16.8237,16.8651,0.0414,0.518,-1.8037,0.357,<pad>,0.112983,correct,0.861,rule_based_v1
23cf7ab093894dbbbec1fc85ee471318.wav,extraordinary.,ɔ,5,16.8651,16.9066,0.0414,0.518,-11.325,4.6909,<pad>,0.099296,substitution,0.95,rule_based_v1
23cf7ab093894dbbbec1fc85ee471318.wav,extraordinary.,ː,6,16.9066,16.948,0.0414,0.518,-0.0002,0.0,<pad>,0.069602,correct,0.95,rule_based_v1
23cf7ab093894dbbbec1fc85ee471318.wav,extraordinary.,ɹ,7,16.948,16.9894,0.0414,0.518,-11.5322,8.2268,<pad>,0.082522,substitution,0.95,rule_based_v1
23cf7ab093894dbbbec1fc85ee471318.wav,extraordinary.,d,8,16.9894,17.0309,0.0414,0.829,-9.5759,9.5252,<pad>,0.082577,substitution,0.95,rule_based_v1
23cf7ab093894dbbbec1fc85ee471318.wav,extraordinary.,ɪ,9,17.0309,17.0723,0.0414,0.518,-12.2447,8.0469,<pad>,0.078488,substitution,0.95,rule_based_v1
23cf7ab093894dbbbec1fc85ee471318.wav,extraordinary.,n,10,17.0723,17.1137,0.0414,0.69,-11.393,6.8189,<pad>,0.07216,substitution,0.95,rule_based_v1
23cf7ab093894dbbbec1fc85ee471318.wav,extraordinary.,ɛ,11,17.1137,17.1551,0.0414,0.518,-16.6187,16.6187,<pad>,0.061114,substitution,0.95,rule_based_v1
23cf7ab093894dbbbec1fc85ee471318.wav,extraordinary.,ɹ,12,17.1551,17.1966,0.0414,0.518,-0.0908,0.0,ɹ,0.056989,correct,0.95,rule_based_v1
23cf7ab093894dbbbec1fc85ee471318.wav,extraordinary.,i,13,17.1966,17.238,0.0414,0.518,-5.9382,2.965,<pad>,0.052425,distortion,0.597,rule_based_v1
35f51c70c88d44e59cfaba621d73f98b.wav,Good,ɡ,0,0.271,0.331,0.06,1.2,-6.6996,4.3068,<pad>,0.137871,substitution,0.931,rule_based_v1
35f51c70c88d44e59cfaba621d73f98b.wav,Good,ʊ,1,0.331,0.391,0.06,0.75,-8.9909,6.9248,<pad>,0.162748,substitution,0.95,rule_based_v1
35f51c70c88d44e59cfaba621d73f98b.wav,Good,d,2,0.391,0.451,0.06,1.2,-4.5823,2.0943,<pad>,0.050514,distortion,0.509,rule_based_v1
35f51c70c88d44e59cfaba621d73f98b.wav,morning,m,0,0.531,0.5797,0.0487,0.696,-0.0097,0.0,m,0.171842,correct,0.95,rule_based_v1
35f51c70c88d44e59cfaba621d73f98b.wav,morning,ɔ,1,0.5797,0.6284,0.0487,0.609,-11.4094,5.8069,<pad>,0.131286,substitution,0.95,rule_based_v1
35f51c70c88d44e59cfaba621d73f98b.wav,morning,ː,2,0.6284,0.6771,0.0487,0.609,-0.0,0.0,<pad>,0.113147,correct,0.95,rule_based_v1
35f51c70c88d44e59cfaba621d73f98b.wav,morning,ɹ,3,0.6771,0.7259,0.0487,0.609,-7.3643,7.3619,<pad>,0.050955,substitution,0.95,rule_based_v1
35f51c70c88d44e59cfaba621d73f98b.wav,morning,n,4,0.7259,0.7746,0.0487,0.812,-7.0923,7.0907,<pad>,0.073048,substitution,0.95,rule_based_v1
35f51c70c88d44e59cfaba621d73f98b.wav,morning,ɪ,5,0.7746,0.8233,0.0487,0.609,-9.5569,5.7573,n,0.061614,substitution,0.95,rule_based_v1
35f51c70c88d44e59cfaba621d73f98b.wav,morning,ŋ,6,0.8233,0.872,0.0487,0.696,-10.1982,7.1098,<pad>,0.032624,substitution,0.95,rule_based_v1
35f51c70c88d44e59cfaba621d73f98b.wav,everyone.,ɛ,0,1.032,1.1006,0.0686,0.857,-13.7067,13.7064,<pad>,0.065108,substitution,0.95,rule_based_v1
35f51c70c88d44e59cfaba621d73f98b.wav,everyone.,v,1,1.1006,1.1691,0.0686,0.98,-3.0117,0.0,v,0.103979,correct,0.95,rule_based_v1
35f51c70c88d44e59cfaba621d73f98b.wav,everyone.,ɹ,2,1.1691,1.2377,0.0686,0.857,-8.0789,4.4873,<pad>,0.154306,substitution,0.949,rule_based_v1
35f51c70c88d44e59cfaba621d73f98b.wav,everyone.,ɪ,3,1.2377,1.3063,0.0686,0.857,-13.3412,13.341,<pad>,0.067642,substitution,0.95,rule_based_v1
35f51c70c88d44e59cfaba621d73f98b.wav,everyone.,w,4,1.3063,1.3749,0.0686,1.371,-4.4101,2.5265,<pad>,0.103528,distortion,0.553,rule_based_v1
35f51c70c88d44e59cfaba621d73f98b.wav,everyone.,ʌ,5,1.3749,1.4434,0.0686,0.98,-9.2994,6.7634,<pad>,0.057924,substitution,0.95,rule_based_v1
35f51c70c88d44e59cfaba621d73f98b.wav,everyone.,n,6,1.4434,1.512,0.0686,1.143,-10.7141,10.714,<pad>,0.036013,substitution,0.95,rule_based_v1
35f51c70c88d44e59cfaba621d73f98b.wav,Today,t,0,2.553,2.617,0.064,1.067,-6.0228,3.9545,<pad>,0.098138,substitution,0.895,rule_based_v1
35f51c70c88d44e59cfaba621d73f98b.wav,Today,ə,1,2.617,2.681,0.064,1.067,-6.9321,4.9524,<pad>,0.134164,substitution,0.95,rule_based_v1
35f51c70c88d44e59cfaba621d73f98b.wav,Today,d,2,2.681,2.745,0.064,1.28,-6.6443,3.443,<pad>,0.139485,substitution,0.844,rule_based_v1
35f51c70c88d44e59cfaba621d73f98b.wav,Today,e,3,2.745,2.809,0.064,0.8,-11.7957,9.3015,<pad>,0.139638,substitution,0.95,rule_based_v1
35f51c70c88d44e59cfaba621d73f98b.wav,Today,ɪ,4,2.809,2.873,0.064,0.8,-12.5115,12.5112,<pad>,0.071637,substitution,0.95,rule_based_v1
35f51c70c88d44e59cfaba621d73f98b.wav,I,a,0,2.993,3.033,0.04,0.5,-13.4733,13.4733,<pad>,0.121071,substitution,0.95,rule_based_v1
35f51c70c88d44e59cfaba621d73f98b.wav,I,ɪ,1,3.033,3.073,0.04,0.5,-8.3688,8.3662,<pad>,0.084207,substitution,0.95,rule_based_v1
35f51c70c88d44e59cfaba621d73f98b.wav,want,w,0,3.113,3.1732,0.0603,1.205,-3.6163,1.9756,<pad>,0.080237,distortion,0.55,rule_based_v1
35f51c70c88d44e59cfaba621d73f98b.wav,want,ɔ,1,3.1732,3.2335,0.0603,0.753,-9.526,6.4926,<pad>,0.124981,substitution,0.95,rule_based_v1
35f51c70c88d44e59cfaba621d73f98b.wav,want,n,2,3.2335,3.2938,0.0603,1.004,-4.6749,4.5787,<pad>,0.097947,substitution,0.95,rule_based_v1
35f51c70c88d44e59cfaba621d73f98b.wav,want,t,3,3.2938,3.354,0.0603,1.004,-2.1116,0.0,t,0.02864,correct,0.95,rule_based_v1
35f51c70c88d44e59cfaba621d73f98b.wav,to,t,0,3.394,3.4207,0.0267,0.444,-4.7342,4.7176,<pad>,0.087343,substitution,0.95,rule_based_v1
35f51c70c88d44e59cfaba621d73f98b.wav,to,u,1,3.4207,3.4473,0.0267,0.333,-8.0979,8.0305,ə,0.080572,substitution,0.95,rule_based_v1
35f51c70c88d44e59cfaba621d73f98b.wav,to,ː,2,3.4473,3.474,0.0267,0.333,-0.0008,0.0,<pad>,0.043787,correct,0.95,rule_based_v1
35f51c70c88d44e59cfaba621d73f98b.wav,talk,t,0,3.534,3.589,0.055,0.917,-3.976,0.1666,<pad>,0.156358,correct,0.908,rule_based_v1
35f51c70c88d44e59cfaba621d73f98b.wav,talk,ɔ,1,3.589,3.644,0.055,0.688,-6.5958,0.825,<pad>,0.157642,correct,0.744,rule_based_v1
35f51c70c88d44e59cfaba621d73f98b.wav,talk,ː,2,3.644,3.699,0.055,0.688,-0.0,0.0,<pad>,0.075546,correct,0.95,rule_based_v1
35f51c70c88d44e59cfaba621d73f98b.wav,talk,k,3,3.699,3.754,0.055,0.786,-9.4715,9.4696,<pad>,0.010133,substitution,0.95,rule_based_v1
35f51c70c88d44e59cfaba621d73f98b.wav,about,ɐ,0,3.814,3.874,0.06,0.75,-12.7516,12.7513,<pad>,0.057681,substitution,0.95,rule_based_v1
35f51c70c88d44e59cfaba621d73f98b.wav,about,b,1,3.874,3.934,0.06,1.2,-7.0702,1.6258,<pad>,0.164136,distortion,0.55,rule_based_v1
35f51c70c88d44e59cfaba621d73f98b.wav,about,a,2,3.934,3.994,0.06,0.75,-13.3478,13.3478,<pad>,0.137562,substitution,0.95,rule_based_v1
35f51c70c88d44e59cfaba621d73f98b.wav,about,ʊ,3,3.994,4.054,0.06,0.75,-12.9133,12.9114,<pad>,0.102733,substitution,0.95,rule_based_v1
35f51c70c88d44e59cfaba621d73f98b.wav,about,t,4,4.054,4.114,0.06,1.0,-7.4758,7.4672,<pad>,0.051701,substitution,0.95,rule_based_v1
35f51c70c88d44e59cfaba621d73f98b.wav,healthy,h,0,4.214,4.2902,0.0762,1.27,-3.1938,1.4296,<pad>,0.077741,distortion,0.55,rule_based_v1
35f51c70c88d44e59cfaba621d73f98b.wav,healthy,ɛ,1,4.2902,4.3664,0.0762,0.952,-8.7604,5.3096,<pad>,0.102381,substitution,0.95,rule_based_v1
35f51c70c88d44e59cfaba621d73f98b.wav,healthy,l,2,4.3664,4.4426,0.0762,1.27,-1.4778,0.6018,<pad>,0.05873,correct,0.8,rule_based_v1
35f51c70c88d44e59cfaba621d73f98b.wav,healthy,θ,3,4.4426,4.5188,0.0762,0.847,-7.8571,4.5744,<pad>,0.142888,substitution,0.95,rule_based_v1
35f51c70c88d44e59cfaba621d73f98b.wav,healthy,i,4,4.5188,4.595,0.0762,0.952,-6.6863,4.5396,<pad>,0.106037,substitution,0.95,rule_based_v1
35f51c70c88d44e59cfaba621d73f98b.wav,lifestyle.,l,0,4.655,4.7306,0.0756,1.259,-4.1639,1.0256,<pad>,0.132076,distortion,0.55,rule_based_v1
35f51c70c88d44e59cfaba621d73f98b.wav,lifestyle.,a,1,4.7306,4.8061,0.0756,0.944,-11.3315,7.513,<pad>,0.096969,substitution,0.95,rule_based_v1
35f51c70c88d44e59cfaba621d73f98b.wav,lifestyle.,ɪ,2,4.8061,4.8817,0.0756,0.944,-8.778,8.776,<pad>,0.028193,substitution,0.95,rule_based_v1
35f51c70c88d44e59cfaba621d73f98b.wav,lifestyle.,f,3,4.8817,4.9572,0.0756,0.84,-6.7574,4.7036,<pad>,0.031259,substitution,0.95,rule_based_v1
35f51c70c88d44e59cfaba621d73f98b.wav,lifestyle.,s,4,4.9572,5.0328,0.0756,0.756,-4.8057,1.4826,<pad>,0.032273,distortion,0.55,rule_based_v1
35f51c70c88d44e59cfaba621d73f98b.wav,lifestyle.,t,5,5.0328,5.1083,0.0756,1.259,-8.8194,8.8191,<pad>,0.107384,substitution,0.95,rule_based_v1
35f51c70c88d44e59cfaba621d73f98b.wav,lifestyle.,a,6,5.1083,5.1839,0.0756,0.944,-11.0543,8.6173,<pad>,0.038008,substitution,0.95,rule_based_v1
35f51c70c88d44e59cfaba621d73f98b.wav,lifestyle.,ɪ,7,5.1839,5.2594,0.0756,0.944,-14.2571,10.3224,<pad>,0.023127,substitution,0.95,rule_based_v1
35f51c70c88d44e59cfaba621d73f98b.wav,lifestyle.,l,8,5.2594,5.335,0.0756,1.259,-12.7389,12.7388,<pad>,0.016308,substitution,0.95,rule_based_v1
35f51c70c88d44e59cfaba621d73f98b.wav,People,p,0,6.376,6.4327,0.0567,0.944,-0.7742,0.0,p,0.146666,correct,0.95,rule_based_v1
35f51c70c88d44e59cfaba621d73f98b.wav,People,i,1,6.4327,6.4893,0.0567,0.708,-6.461,2.5082,<pad>,0.161367,distortion,0.551,rule_based_v1
35f51c70c88d44e59cfaba621d73f98b.wav,People,ː,2,6.4893,6.546,0.0567,0.708,-0.0,0.0,<pad>,0.123186,correct,0.95,rule_based_v1
35f51c70c88d44e59cfaba621d73f98b.wav,People,p,3,6.546,6.6027,0.0567,0.944,-12.1275,12.1272,<pad>,0.001796,substitution,0.95,rule_based_v1
35f51c70c88d44e59cfaba621d73f98b.wav,People,ə,4,6.6027,6.6593,0.0567,0.944,-12.6478,12.6478,<pad>,0.167864,substitution,0.95,rule_based_v1
35f51c70c88d44e59cfaba621d73f98b.wav,People,l,5,6.6593,6.716,0.0567,0.944,-11.5217,7.0753,<pad>,0.190953,substitution,0.95,rule_based_v1
35f51c70c88d44e59cfaba621d73f98b.wav,should,ʃ,0,6.796,6.856,0.06,0.6,-4.7433,1.2964,<pad>,0.062248,distortion,0.55,rule_based_v1
35f51c70c88d44e59cfaba621d73f98b.wav,should,ʊ,1,6.856,6.916,0.06,0.75,-7.0989,4.7052,<pad>,0.126855,substitution,0.95,rule_based_v1
35f51c70c88d44e59cfaba621d73f98b.wav,should,d,2,6.916,6.976,0.06,1.2,-5.3967,2.7804,<pad>,0.025751,distortion,0.578,rule_based_v1
35f51c70c88d44e59cfaba621d73f98b.wav,exercise,ɛ,0,7.097,7.1695,0.0725,0.906,-13.3706,11.1537,<pad>,0.015251,substitution,0.95,rule_based_v1
35f51c70c88d44e59cfaba621d73f98b.wav,exercise,k,1,7.1695,7.242,0.0725,1.036,-7.5323,3.267,<pad>,0.03168,substitution,0.827,rule_based_v1
35f51c70c88d44e59cfaba621d73f98b.wav,exercise,s,2,7.242,7.3145,0.0725,0.725,-6.0633,6.0549,<pad>,0.127641,substitution,0.95,rule_based_v1
35f51c70c88d44e59cfaba621d73f98b.wav,exercise,ɚ,3,7.3145,7.387,0.0725,0.906,-6.4367,3.9644,<pad>,0.028961,substitution,0.896,rule_based_v1
35f51c70c88d44e59cfaba621d73f98b.wav,exercise,s,4,7.387,7.4595,0.0725,0.725,-5.5558,2.5105,<pad>,0.130954,distortion,0.551,rule_based_v1
35f51c70c88d44e59cfaba621d73f98b.wav,exercise,a,5,7.4595,7.532,0.0725,0.906,-12.3406,12.3403,<pad>,0.154556,substitution,0.95,rule_based_v1
35f51c70c88d44e59cfaba621d73f98b.wav,exercise,ɪ,6,7.532,7.6045,0.0725,0.906,-14.263,11.1214,<pad>,0.105834,substitution,0.95,rule_based_v1
35f51c70c88d44e59cfaba621d73f98b.wav,exercise,z,7,7.6045,7.677,0.0725,0.906,-16.5708,16.5708,<pad>,0.034304,substitution,0.95,rule_based_v1
35f51c70c88d44e59cfaba621d73f98b.wav,every,ɛ,0,7.877,7.942,0.065,0.813,-13.718,13.7179,<pad>,0.051398,substitution,0.95,rule_based_v1
35f51c70c88d44e59cfaba621d73f98b.wav,every,v,1,7.942,8.007,0.065,0.929,-3.6227,0.8126,<pad>,0.025577,correct,0.747,rule_based_v1
35f51c70c88d44e59cfaba621d73f98b.wav,every,ɹ,2,8.007,8.072,0.065,0.813,-3.0678,0.5803,<pad>,0.17791,correct,0.805,rule_based_v1
35f51c70c88d44e59cfaba621d73f98b.wav,every,i,3,8.072,8.137,0.065,0.813,-8.4204,6.0315,<pad>,0.156074,substitution,0.95,rule_based_v1
35f51c70c88d44e59cfaba621d73f98b.wav,day,d,0,8.197,8.2573,0.0603,1.207,-6.3962,3.5911,<pad>,0.155842,substitution,0.859,rule_based_v1
35f51c70c88d44e59cfaba621d73f98b.wav,day,e,1,8.2573,8.3177,0.0603,0.754,-11.1676,8.6088,<pad>,0.138104,substitution,0.95,rule_based_v1
35f51c70c88d44e59cfaba621d73f98b.wav,day,ɪ,2,8.3177,8.378,0.0603,0.754,-15.3085,15.3085,<pad>,0.061045,substitution,0.95,rule_based_v1
35f51c70c88d44e59cfaba621d73f98b.wav,and,æ,0,8.658,8.6847,0.0267,0.296,-13.9881,13.9879,<pad>,0.096532,substitution,0.95,rule_based_v1
35f51c70c88d44e59cfaba621d73f98b.wav,and,n,1,8.6847,8.7113,0.0267,0.444,-5.0576,5.0508,<pad>,0.069979,substitution,0.95,rule_based_v1
35f51c70c88d44e59cfaba621d73f98b.wav,and,d,2,8.7113,8.738,0.0267,0.533,-9.69,9.5793,<pad>,0.072306,substitution,0.95,rule_based_v1
35f51c70c88d44e59cfaba621d73f98b.wav,eat,i,0,8.818,8.8647,0.0467,0.583,-9.0124,5.8554,<pad>,0.106756,substitution,0.95,rule_based_v1
35f51c70c88d44e59cfaba621d73f98b.wav,eat,ː,1,8.8647,8.9113,0.0467,0.583,-0.0002,0.0,<pad>,0.070627,correct,0.95,rule_based_v1
35f51c70c88d44e59cfaba621d73f98b.wav,eat,t,2,8.9113,8.958,0.0467,0.778,-6.7109,6.7089,<pad>,0.005169,substitution,0.95,rule_based_v1
35f51c70c88d44e59cfaba621d73f98b.wav,vegetables,v,0,9.038,9.0926,0.0546,0.781,-0.0999,0.0,v,0.174187,correct,0.95,rule_based_v1
35f51c70c88d44e59cfaba621d73f98b.wav,vegetables,ɛ,1,9.0926,9.1473,0.0546,0.683,-5.2645,5.1889,<pad>,0.133632,substitution,0.95,rule_based_v1
35f51c70c88d44e59cfaba621d73f98b.wav,vegetables,d,2,9.1473,9.2019,0.0546,1.093,-9.6079,9.6061,<pad>,0.0372,substitution,0.95,rule_based_v1
35f51c70c88d44e59cfaba621d73f98b.wav,vegetables,ʒ,3,9.2019,9.2565,0.0546,0.683,-10.2566,5.8946,<pad>,0.070464,substitution,0.95,rule_based_v1
35f51c70c88d44e59cfaba621d73f98b.wav,vegetables,ɪ,4,9.2565,9.3112,0.0546,0.683,-4.9395,3.0506,<pad>,0.045748,substitution,0.805,rule_based_v1
35f51c70c88d44e59cfaba621d73f98b.wav,vegetables,ɾ,5,9.3112,9.3658,0.0546,0.683,-10.7938,10.7933,<pad>,0.115251,substitution,0.95,rule_based_v1
35f51c70c88d44e59cfaba621d73f98b.wav,vegetables,ə,6,9.3658,9.4205,0.0546,0.911,-8.5497,5.1704,<pad>,0.085519,substitution,0.95,rule_based_v1
35f51c70c88d44e59cfaba621d73f98b.wav,vegetables,b,7,9.4205,9.4751,0.0546,1.093,-11.0044,8.9724,<pad>,0.078195,substitution,0.95,rule_based_v1
35f51c70c88d44e59cfaba621d73f98b.wav,vegetables,ə,8,9.4751,9.5297,0.0546,0.911,-15.5088,15.5087,<pad>,0.110197,substitution,0.95,rule_based_v1
35f51c70c88d44e59cfaba621d73f98b.wav,vegetables,l,9,9.5297,9.5844,0.0546,0.911,-12.8695,12.8695,<pad>,0.061423,substitution,0.95,rule_based_v1
35f51c70c88d44e59cfaba621d73f98b.wav,vegetables,z,10,9.5844,9.639,0.0546,0.683,-14.0528,8.875,<pad>,0.03167,substitution,0.95,rule_based_v1
35f51c70c88d44e59cfaba621d73f98b.wav,regularly.,ɹ,0,9.759,9.8212,0.0622,0.778,-8.5874,3.3495,<pad>,0.179778,substitution,0.835,rule_based_v1
35f51c70c88d44e59cfaba621d73f98b.wav,regularly.,ɛ,1,9.8212,9.8834,0.0622,0.778,-14.6879,14.6878,<pad>,0.06299,substitution,0.95,rule_based_v1
35f51c70c88d44e59cfaba621d73f98b.wav,regularly.,ɡ,2,9.8834,9.9457,0.0622,1.244,-7.278,3.9714,<pad>,0.095214,substitution,0.897,rule_based_v1
35f51c70c88d44e59cfaba621d73f98b.wav,regularly.,j,3,9.9457,10.0079,0.0622,1.244,-6.1764,4.3442,<pad>,0.118073,substitution,0.934,rule_based_v1
35f51c70c88d44e59cfaba621d73f98b.wav,regularly.,ʊ,4,10.0079,10.0701,0.0622,0.778,-14.6075,12.553,<pad>,0.11355,substitution,0.95,rule_based_v1
35f51c70c88d44e59cfaba621d73f98b.wav,regularly.,l,5,10.0701,10.1323,0.0622,1.037,-10.7928,8.2336,<pad>,0.073864,substitution,0.95,rule_based_v1
35f51c70c88d44e59cfaba621d73f98b.wav,regularly.,ɚ,6,10.1323,10.1946,0.0622,0.778,-11.149,11.0593,<pad>,0.05515,substitution,0.95,rule_based_v1
35f51c70c88d44e59cfaba621d73f98b.wav,regularly.,l,7,10.1946,10.2568,0.0622,1.037,-7.992,4.6791,<pad>,0.0587,substitution,0.95,rule_based_v1
35f51c70c88d44e59cfaba621d73f98b.wav,regularly.,i,8,10.2568,10.319,0.0622,0.778,-12.251,12.251,<pad>,0.018396,substitution,0.95,rule_based_v1
35f51c70c88d44e59cfaba621d73f98b.wav,Many,m,0,11.44,11.5,0.06,0.857,-8.4314,1.9908,<pad>,0.176351,distortion,0.55,rule_based_v1
35f51c70c88d44e59cfaba621d73f98b.wav,Many,ɛ,1,11.5,11.56,0.06,0.75,-12.7489,12.7478,<pad>,0.093818,substitution,0.95,rule_based_v1
35f51c70c88d44e59cfaba621d73f98b.wav,Many,n,2,11.56,11.62,0.06,1.0,-5.9523,1.3346,<pad>,0.086008,distortion,0.55,rule_based_v1
35f51c70c88d44e59cfaba621d73f98b.wav,Many,i,3,11.62,11.68,0.06,0.75,-11.9446,11.9446,<pad>,0.118351,substitution,0.95,rule_based_v1
35f51c70c88d44e59cfaba621d73f98b.wav,people's,p,0,11.74,11.7943,0.0543,0.905,-5.3788,0.6115,<pad>,0.186027,correct,0.797,rule_based_v1
35f51c70c88d44e59cfaba621d73f98b.wav,people's,i,1,11.7943,11.8486,0.0543,0.679,-9.1256,4.8649,<pad>,0.172552,substitution,0.95,rule_based_v1
35f51c70c88d44e59cfaba621d73f98b.wav,people's,ː,2,11.8486,11.9029,0.0543,0.679,-0.0001,0.0,<pad>,0.01352,correct,0.95,rule_based_v1
35f51c70c88d44e59cfaba621d73f98b.wav,people's,p,3,11.9029,11.9571,0.0543,0.905,-10.9299,10.9298,<pad>,0.072445,substitution,0.95,rule_based_v1
35f51c70c88d44e59cfaba621d73f98b.wav,people's,ə,4,11.9571,12.0114,0.0543,0.905,-8.9139,5.1343,<pad>,0.105831,substitution,0.95,rule_based_v1
35f51c70c88d44e59cfaba621d73f98b.wav,people's,l,5,12.0114,12.0657,0.0543,0.905,-7.1308,3.9496,<pad>,0.08269,substitution,0.895,rule_based_v1
35f51c70c88d44e59cfaba621d73f98b.wav,people's,z,6,12.0657,12.12,0.0543,0.679,-11.9392,11.8985,<pad>,0.025123,substitution,0.95,rule_based_v1
35f51c70c88d44e59cfaba621d73f98b.wav,thinks,θ,0,12.201,12.257,0.056,0.622,-6.8444,3.6938,<pad>,0.056335,substitution,0.869,rule_based_v1
35f51c70c88d44e59cfaba621d73f98b.wav,thinks,ɪ,1,12.257,12.313,0.056,0.7,-6.1046,1.9152,<pad>,0.124224,distortion,0.55,rule_based_v1
35f51c70c88d44e59cfaba621d73f98b.wav,thinks,ŋ,2,12.313,12.369,0.056,0.8,-14.0546,14.0546,<pad>,0.06339,substitution,0.95,rule_based_v1
35f51c70c88d44e59cfaba621d73f98b.wav,thinks,k,3,12.369,12.425,0.056,0.8,-12.1577,12.1576,<pad>,0.050068,substitution,0.95,rule_based_v1
35f51c70c88d44e59cfaba621d73f98b.wav,thinks,s,4,12.425,12.481,0.056,0.56,-8.9517,7.8424,ŋ,0.021023,substitution,0.95,rule_based_v1
35f51c70c88d44e59cfaba621d73f98b.wav,that,ð,0,12.561,12.621,0.06,1.0,-6.2218,1.0811,<pad>,0.167931,distortion,0.55,rule_based_v1
35f51c70c88d44e59cfaba621d73f98b.wav,that,æ,1,12.621,12.681,0.06,0.667,-12.2769,12.2729,<pad>,0.095536,substitution,0.95,rule_based_v1
35f51c70c88d44e59cfaba621d73f98b.wav,that,t,2,12.681,12.741,0.06,1.0,-2.8253,1.0411,<pad>,0.003361,distortion,0.55,rule_based_v1
35f51c70c88d44e59cfaba621d73f98b.wav,sleeping,s,0,12.821,12.8753,0.0543,0.543,-8.912,8.9109,<pad>,0.022069,substitution,0.95,rule_based_v1
35f51c70c88d44e59cfaba621d73f98b.wav,sleeping,l,1,12.8753,12.9296,0.0543,0.905,-3.5786,0.3289,<pad>,0.08416,correct,0.868,rule_based_v1
35f51c70c88d44e59cfaba621d73f98b.wav,sleeping,i,2,12.9296,12.9839,0.0543,0.679,-8.1181,3.3611,<pad>,0.117174,substitution,0.836,rule_based_v1
35f51c70c88d44e59cfaba621d73f98b.wav,sleeping,ː,3,12.9839,13.0381,0.0543,0.679,-0.0001,0.0,<pad>,0.013988,correct,0.95,rule_based_v1
35f51c70c88d44e59cfaba621d73f98b.wav,sleeping,p,4,13.0381,13.0924,0.0543,0.905,-10.6493,10.6492,<pad>,0.083104,substitution,0.95,rule_based_v1
35f51c70c88d44e59cfaba621d73f98b.wav,sleeping,ɪ,5,13.0924,13.1467,0.0543,0.679,-13.7612,8.47,<pad>,0.067598,substitution,0.95,rule_based_v1
35f51c70c88d44e59cfaba621d73f98b.wav,sleeping,ŋ,6,13.1467,13.201,0.0543,0.776,-10.5723,7.0356,ɪ,0.040777,substitution,0.95,rule_based_v1
35f51c70c88d44e59cfaba621d73f98b.wav,5,f,0,13.281,13.3262,0.0452,0.503,-5.6738,2.772,<pad>,0.024136,distortion,0.577,rule_based_v1
35f51c70c88d44e59cfaba621d73f98b.wav,5,a,1,13.3262,13.3715,0.0452,0.566,-12.1494,12.1493,<pad>,0.178188,substitution,0.95,rule_based_v1
35f51c70c88d44e59cfaba621d73f98b.wav,5,ɪ,2,13.3715,13.4168,0.0452,0.566,-13.1919,8.3376,<pad>,0.137479,substitution,0.95,rule_based_v1
35f51c70c88d44e59cfaba621d73f98b.wav,5,v,3,13.4168,13.462,0.0452,0.646,-16.8186,16.8186,<pad>,0.109468,substitution,0.95,rule_based_v1
35f51c70c88d44e59cfaba621d73f98b.wav,hours,a,0,13.542,13.607,0.065,0.812,-12.574,10.0825,<pad>,0.009029,substitution,0.95,rule_based_v1
35f51c70c88d44e59cfaba621d73f98b.wav,hours,ʊ,1,13.607,13.672,0.065,0.812,-14.1612,14.1608,<pad>,0.021314,substitution,0.95,rule_based_v1
35f51c70c88d44e59cfaba621d73f98b.wav,hours,ɚ,2,13.672,13.737,0.065,0.812,-9.1691,6.4127,<pad>,0.148941,substitution,0.95,rule_based_v1
35f51c70c88d44e59cfaba621d73f98b.wav,hours,z,3,13.737,13.802,0.065,0.812,-11.9691,11.9093,<pad>,0.096175,substitution,0.95,rule_based_v1
35f51c70c88d44e59cfaba621d73f98b.wav,is,ɪ,0,13.862,13.912,0.05,0.625,-10.093,10.0921,<pad>,0.070311,substitution,0.95,rule_based_v1
35f51c70c88d44e59cfaba621d73f98b.wav,is,z,1,13.912,13.962,0.05,0.625,-0.0541,0.0,z,0.044984,correct,0.95,rule_based_v1
35f51c70c88d44e59cfaba621d73f98b.wav,enough,ɪ,0,14.042,14.112,0.07,0.875,-13.5582,10.5617,<pad>,0.085066,substitution,0.95,rule_based_v1
35f51c70c88d44e59cfaba621d73f98b.wav,enough,n,1,14.112,14.182,0.07,1.167,-10.6787,8.519,<pad>,0.066106,substitution,0.95,rule_based_v1
35f51c70c88d44e59cfaba621d73f98b.wav,enough,ʌ,2,14.182,14.252,0.07,1.0,-14.5795,14.5795,<pad>,0.055581,substitution,0.95,rule_based_v1
35f51c70c88d44e59cfaba621d73f98b.wav,enough,f,3,14.252,14.322,0.07,0.778,-11.4029,11.4028,<pad>,0.009247,substitution,0.95,rule_based_v1
35f51c70c88d44e59cfaba621d73f98b.wav,but,b,0,14.662,14.7157,0.0537,1.073,-0.2191,0.0,b,0.165309,correct,0.95,rule_based_v1
35f51c70c88d44e59cfaba621d73f98b.wav,but,ʌ,1,14.7157,14.7693,0.0537,0.767,-6.1709,2.1967,<pad>,0.122721,distortion,0.52,rule_based_v1
35f51c70c88d44e59cfaba621d73f98b.wav,but,t,2,14.7693,14.823,0.0537,0.894,-4.9123,4.8967,<pad>,0.052507,substitution,0.95,rule_based_v1
35f51c70c88d44e59cfaba621d73f98b.wav,it,ɪ,0,14.863,14.893,0.03,0.375,-9.1224,9.1196,<pad>,0.031021,substitution,0.95,rule_based_v1
35f51c70c88d44e59cfaba621d73f98b.wav,it,t,1,14.893,14.923,0.03,0.5,-4.9976,4.9886,<pad>,0.014805,substitution,0.95,rule_based_v1
35f51c70c88d44e59cfaba621d73f98b.wav,is,ɪ,0,15.003,15.053,0.05,0.625,-9.9137,9.2122,<pad>,0.050746,substitution,0.95,rule_based_v1
35f51c70c88d44e59cfaba621d73f98b.wav,is,z,1,15.053,15.103,0.05,0.625,-4.3542,1.1759,<pad>,0.035831,distortion,0.55,rule_based_v1
35f51c70c88d44e59cfaba621d73f98b.wav,not.,n,0,15.163,15.218,0.055,0.917,-9.6404,4.9446,<pad>,0.097375,substitution,0.95,rule_based_v1
35f51c70c88d44e59cfaba621d73f98b.wav,not.,ɑ,1,15.218,15.273,0.055,0.687,-17.4068,17.4068,<pad>,0.051697,substitution,0.95,rule_based_v1
35f51c70c88d44e59cfaba621d73f98b.wav,not.,ː,2,15.273,15.328,0.055,0.687,-0.0,0.0,<pad>,0.014364,correct,0.95,rule_based_v1
35f51c70c88d44e59cfaba621d73f98b.wav,not.,t,3,15.328,15.383,0.055,0.917,-7.0401,7.0381,<pad>,0.001375,substitution,0.95,rule_based_v1
35f51c70c88d44e59cfaba621d73f98b.wav,If,ɪ,0,16.544,16.584,0.04,0.5,-11.5467,11.5465,<pad>,0.018817,substitution,0.95,rule_based_v1
35f51c70c88d44e59cfaba621d73f98b.wav,If,f,1,16.584,16.624,0.04,0.444,-6.1894,1.2096,<pad>,0.007857,distortion,0.55,rule_based_v1
35f51c70c88d44e59cfaba621d73f98b.wav,you,j,0,16.664,16.7173,0.0533,1.067,-0.4115,0.0,j,0.211258,correct,0.95,rule_based_v1
35f51c70c88d44e59cfaba621d73f98b.wav,you,u,1,16.7173,16.7707,0.0533,0.667,-8.0478,4.1067,<pad>,0.227312,substitution,0.911,rule_based_v1
35f51c70c88d44e59cfaba621d73f98b.wav,you,ː,2,16.7707,16.824,0.0533,0.667,-0.0013,0.0,<pad>,0.087583,correct,0.95,rule_based_v1
35f51c70c88d44e59cfaba621d73f98b.wav,take,t,0,16.884,16.934,0.05,0.833,-10.6953,10.6949,<pad>,0.129616,substitution,0.95,rule_based_v1
35f51c70c88d44e59cfaba621d73f98b.wav,take,e,1,16.934,16.984,0.05,0.625,-10.9198,6.5921,<pad>,0.119597,substitution,0.95,rule_based_v1
35f51c70c88d44e59cfaba621d73f98b.wav,take,ɪ,2,16.984,17.034,0.05,0.625,-11.4529,11.4524,<pad>,0.072274,substitution,0.95,rule_based_v1
35f51c70c88d44e59cfaba621d73f98b.wav,take,k,3,17.034,17.084,0.05,0.714,-6.4786,6.4766,<pad>,0.000382,substitution,0.95,rule_based_v1
35f51c70c88d44e59cfaba621d73f98b.wav,care,k,0,17.144,17.231,0.087,1.243,-12.2782,10.012,<pad>,0.158822,substitution,0.95,rule_based_v1
35f51c70c88d44e59cfaba621d73f98b.wav,care,ɛ,1,17.231,17.318,0.087,1.088,-13.81,13.8099,<pad>,0.108605,substitution,0.95,rule_based_v1
35f51c70c88d44e59cfaba621d73f98b.wav,care,ɹ,2,17.318,17.405,0.087,1.088,-5.7379,5.6817,<pad>,0.067705,substitution,0.95,rule_based_v1
35f51c70c88d44e59cfaba621d73f98b.wav,of,ʌ,0,17.485,17.525,0.04,0.571,-8.6021,8.5994,<pad>,0.020015,substitution,0.95,rule_based_v1
35f51c70c88d44e59cfaba621d73f98b.wav,of,v,1,17.525,17.565,0.04,0.571,-4.3634,1.3565,<pad>,0.009933,distortion,0.55,rule_based_v1
35f51c70c88d44e59cfaba621d73f98b.wav,your,j,0,17.605,17.6583,0.0533,1.067,-0.4404,0.0,j,0.156663,correct,0.95,rule_based_v1
35f51c70c88d44e59cfaba621d73f98b.wav,your,ʊ,1,17.6583,17.7117,0.0533,0.667,-11.232,4.9677,<pad>,0.148772,substitution,0.95,rule_based_v1
35f51c70c88d44e59cfaba621d73f98b.wav,your,ɹ,2,17.7117,17.765,0.0533,0.667,-6.4908,6.4848,<pad>,0.073796,substitution,0.95,rule_based_v1
35f51c70c88d44e59cfaba621d73f98b.wav,"body,",b,0,17.805,17.873,0.068,1.36,-6.1946,0.0,b,0.135988,correct,0.95,rule_based_v1
35f51c70c88d44e59cfaba621d73f98b.wav,"body,",ɑ,1,17.873,17.941,0.068,0.85,-17.6322,17.6322,<pad>,0.115844,substitution,0.95,rule_based_v1
35f51c70c88d44e59cfaba621d73f98b.wav,"body,",ː,2,17.941,18.009,0.068,0.85,-0.0002,0.0,<pad>,0.03158,correct,0.95,rule_based_v1
35f51c70c88d44e59cfaba621d73f98b.wav,"body,",d,3,18.009,18.077,0.068,1.36,-7.4043,2.6442,<pad>,0.07753,distortion,0.564,rule_based_v1
35f51c70c88d44e59cfaba621d73f98b.wav,"body,",i,4,18.077,18.145,0.068,0.85,-8.393,8.1944,<pad>,0.054115,substitution,0.95,rule_based_v1
35f51c70c88d44e59cfaba621d73f98b.wav,your,j,0,18.525,18.5853,0.0603,1.207,-2.2254,0.0555,<pad>,0.131399,correct,0.936,rule_based_v1
35f51c70c88d44e59cfaba621d73f98b.wav,your,ʊ,1,18.5853,18.6457,0.0603,0.754,-12.8076,8.4552,<pad>,0.188855,substitution,0.95,rule_based_v1
35f51c70c88d44e59cfaba621d73f98b.wav,your,ɹ,2,18.6457,18.706,0.0603,0.754,-6.4962,6.4751,<pad>,0.092888,substitution,0.95,rule_based_v1
35f51c70c88d44e59cfaba621d73f98b.wav,life,l,0,18.786,18.851,0.065,1.083,-8.3577,7.8006,<pad>,0.154696,substitution,0.95,rule_based_v1
35f51c70c88d44e59cfaba621d73f98b.wav,life,a,1,18.851,18.916,0.065,0.812,-13.4394,13.4394,<pad>,0.074187,substitution,0.95,rule_based_v1
35f51c70c88d44e59cfaba621d73f98b.wav,life,ɪ,2,18.916,18.981,0.065,0.812,-8.3522,8.3494,<pad>,0.059381,substitution,0.95,rule_based_v1
35f51c70c88d44e59cfaba621d73f98b.wav,life,f,3,18.981,19.046,0.065,0.722,-11.703,11.7029,<pad>,0.005276,substitution,0.95,rule_based_v1
35f51c70c88d44e59cfaba621d73f98b.wav,become,b,0,19.146,19.21,0.064,1.28,-11.7245,8.8436,<pad>,0.181881,substitution,0.95,rule_based_v1
35f51c70c88d44e59cfaba621d73f98b.wav,become,ɪ,1,19.21,19.274,0.064,0.8,-12.5842,12.5838,<pad>,0.008458,substitution,0.95,rule_based_v1
35f51c70c88d44e59cfaba621d73f98b.wav,become,k,2,19.274,19.338,0.064,0.914,-8.1763,5.0016,<pad>,0.150011,substitution,0.95,rule_based_v1
35f51c70c88d44e59cfaba621d73f98b.wav,become,ʌ,3,19.338,19.402,0.064,0.914,-7.4714,5.0837,<pad>,0.143318,substitution,0.95,rule_based_v1
35f51c70c88d44e59cfaba621d73f98b.wav,become,m,4,19.402,19.466,0.064,0.914,-3.714,1.4353,<pad>,0.076095,distortion,0.55,rule_based_v1
35f51c70c88d44e59cfaba621d73f98b.wav,much,m,0,19.526,19.576,0.05,0.714,-7.6331,3.7829,<pad>,0.119918,substitution,0.878,rule_based_v1
35f51c70c88d44e59cfaba621d73f98b.wav,much,ʌ,1,19.576,19.626,0.05,0.714,-13.8587,13.8586,<pad>,0.085198,substitution,0.95,rule_based_v1
35f51c70c88d44e59cfaba621d73f98b.wav,much,t,2,19.626,19.676,0.05,0.833,-6.5985,6.5957,<pad>,0.006262,substitution,0.95,rule_based_v1
35f51c70c88d44e59cfaba621d73f98b.wav,much,ʃ,3,19.676,19.726,0.05,0.5,-10.6899,10.4106,<pad>,0.042692,substitution,0.95,rule_based_v1
35f51c70c88d44e59cfaba621d73f98b.wav,better.,b,0,19.826,19.8963,0.0702,1.405,-13.4103,9.7533,<pad>,0.116461,substitution,0.95,rule_based_v1
35f51c70c88d44e59cfaba621d73f98b.wav,better.,ɛ,1,19.8963,19.9665,0.0702,0.878,-12.2311,12.2305,<pad>,0.016759,substitution,0.95,rule_based_v1
35f51c70c88d44e59cfaba621d73f98b.wav,better.,ɾ,2,19.9665,20.0367,0.0702,0.878,-4.1137,2.7608,<pad>,0.074891,distortion,0.576,rule_based_v1
35f51c70c88d44e59cfaba621d73f98b.wav,better.,ɚ,3,20.0367,20.107,0.0702,0.878,-6.5272,3.5621,<pad>,0.03742,substitution,0.856,rule_based_v1
36883d7dc502439a9fbc329fe12eef9b.wav,"Hello,",h,0,1.287,1.3522,0.0652,1.087,-9.064,8.9977,<pad>,0.042581,substitution,0.95,rule_based_v1
36883d7dc502439a9fbc329fe12eef9b.wav,"Hello,",ə,1,1.3522,1.4174,0.0652,1.087,-10.4321,10.3928,<pad>,0.046857,substitution,0.95,rule_based_v1
36883d7dc502439a9fbc329fe12eef9b.wav,"Hello,",l,2,1.4174,1.4826,0.0652,1.087,-4.972,2.6907,<pad>,0.030814,distortion,0.569,rule_based_v1
36883d7dc502439a9fbc329fe12eef9b.wav,"Hello,",o,3,1.4826,1.5478,0.0652,0.815,-8.1799,7.4674,<pad>,0.028673,substitution,0.95,rule_based_v1
36883d7dc502439a9fbc329fe12eef9b.wav,"Hello,",ʊ,4,1.5478,1.613,0.0652,0.815,-8.604,8.4606,<pad>,0.033824,substitution,0.95,rule_based_v1
36883d7dc502439a9fbc329fe12eef9b.wav,what,w,0,1.633,1.7213,0.0883,1.767,-7.173,5.5461,<pad>,0.026433,substitution,0.95,rule_based_v1
36883d7dc502439a9fbc329fe12eef9b.wav,what,ʌ,1,1.7213,1.8097,0.0883,1.262,-11.9005,11.871,<pad>,0.009827,substitution,0.95,rule_based_v1
36883d7dc502439a9fbc329fe12eef9b.wav,what,t,2,1.8097,1.898,0.0883,1.472,-5.239,3.3926,<pad>,0.009384,substitution,0.839,rule_based_v1
36883d7dc502439a9fbc329fe12eef9b.wav,up?,ʌ,0,2.02,2.081,0.061,0.871,-11.4993,11.4912,<pad>,0.011356,substitution,0.95,rule_based_v1
36883d7dc502439a9fbc329fe12eef9b.wav,up?,p,1,2.081,2.142,0.061,1.017,-7.5429,7.3393,<pad>,0.005445,substitution,0.95,rule_based_v1
37e80e6ad5af4b1faf3581169ceb75d3.wav,Artificial,ɑ,0,0.263,0.319,0.056,0.7,-15.9976,15.9975,<pad>,0.241497,substitution,0.95,rule_based_v1
37e80e6ad5af4b1faf3581169ceb75d3.wav,Artificial,ː,1,0.319,0.375,0.056,0.7,-0.0016,0.0,<pad>,0.126847,correct,0.95,rule_based_v1
37e80e6ad5af4b1faf3581169ceb75d3.wav,Artificial,ɹ,2,0.375,0.431,0.056,0.7,-6.6197,3.4495,<pad>,0.183146,substitution,0.845,rule_based_v1
37e80e6ad5af4b1faf3581169ceb75d3.wav,Artificial,ɾ,3,0.431,0.487,0.056,0.7,-6.4607,2.8236,<pad>,0.101662,distortion,0.582,rule_based_v1
37e80e6ad5af4b1faf3581169ceb75d3.wav,Artificial,ɪ,4,0.487,0.543,0.056,0.7,-8.7284,8.7276,<pad>,0.00511,substitution,0.95,rule_based_v1
37e80e6ad5af4b1faf3581169ceb75d3.wav,Artificial,f,5,0.543,0.599,0.056,0.622,-8.5258,8.5242,<pad>,0.178918,substitution,0.95,rule_based_v1
37e80e6ad5af4b1faf3581169ceb75d3.wav,Artificial,ɪ,6,0.599,0.655,0.056,0.7,-14.0262,9.8346,<pad>,0.102016,substitution,0.95,rule_based_v1
37e80e6ad5af4b1faf3581169ceb75d3.wav,Artificial,ʃ,7,0.655,0.711,0.056,0.56,-11.3077,6.1108,<pad>,0.061372,substitution,0.95,rule_based_v1
37e80e6ad5af4b1faf3581169ceb75d3.wav,Artificial,ə,8,0.711,0.767,0.056,0.933,-14.3495,14.3494,<pad>,0.11931,substitution,0.95,rule_based_v1
37e80e6ad5af4b1faf3581169ceb75d3.wav,Artificial,l,9,0.767,0.823,0.056,0.933,-12.351,12.3509,<pad>,0.130515,substitution,0.95,rule_based_v1
37e80e6ad5af4b1faf3581169ceb75d3.wav,intelligence,ɪ,0,0.883,0.9375,0.0545,0.682,-13.465,8.9068,<pad>,0.15554,substitution,0.95,rule_based_v1
37e80e6ad5af4b1faf3581169ceb75d3.wav,intelligence,n,1,0.9375,0.9921,0.0545,0.909,-8.9479,8.9452,<pad>,0.02789,substitution,0.95,rule_based_v1
37e80e6ad5af4b1faf3581169ceb75d3.wav,intelligence,t,2,0.9921,1.0466,0.0545,0.909,-5.1057,1.1773,<pad>,0.086164,distortion,0.55,rule_based_v1
37e80e6ad5af4b1faf3581169ceb75d3.wav,intelligence,ɛ,3,1.0466,1.1012,0.0545,0.682,-9.3012,9.2997,<pad>,0.176803,substitution,0.95,rule_based_v1
37e80e6ad5af4b1faf3581169ceb75d3.wav,intelligence,l,4,1.1012,1.1557,0.0545,0.909,-11.4998,5.6696,<pad>,0.097524,substitution,0.95,rule_based_v1
37e80e6ad5af4b1faf3581169ceb75d3.wav,intelligence,ɪ,5,1.1557,1.2103,0.0545,0.682,-13.0262,13.0254,<pad>,0.149864,substitution,0.95,rule_based_v1
37e80e6ad5af4b1faf3581169ceb75d3.wav,intelligence,d,6,1.2103,1.2648,0.0545,1.091,-11.4396,8.3859,l,0.046538,substitution,0.95,rule_based_v1
37e80e6ad5af4b1faf3581169ceb75d3.wav,intelligence,ʒ,7,1.2648,1.3194,0.0545,0.682,-13.0921,9.9803,<pad>,0.038781,substitution,0.95,rule_based_v1
37e80e6ad5af4b1faf3581169ceb75d3.wav,intelligence,ə,8,1.3194,1.3739,0.0545,0.909,-10.0391,10.0385,<pad>,0.073315,substitution,0.95,rule_based_v1
37e80e6ad5af4b1faf3581169ceb75d3.wav,intelligence,n,9,1.3739,1.4285,0.0545,0.909,-9.4318,4.8186,<pad>,0.055081,substitution,0.95,rule_based_v1
37e80e6ad5af4b1faf3581169ceb75d3.wav,intelligence,s,10,1.4285,1.483,0.0545,0.545,-13.29,13.2869,<pad>,0.035332,substitution,0.95,rule_based_v1
37e80e6ad5af4b1faf3581169ceb75d3.wav,is,ɪ,0,1.563,1.593,0.03,0.375,-7.8981,7.896,<pad>,0.046473,substitution,0.95,rule_based_v1
37e80e6ad5af4b1faf3581169ceb75d3.wav,is,z,1,1.593,1.623,0.03,0.375,-0.1675,0.0,z,0.035122,correct,0.95,rule_based_v1
37e80e6ad5af4b1faf3581169ceb75d3.wav,changing,t,0,1.683,1.7253,0.0423,0.706,-7.3887,2.2782,<pad>,0.057486,distortion,0.528,rule_based_v1
37e80e6ad5af4b1faf3581169ceb75d3.wav,changing,ʃ,1,1.7253,1.7677,0.0423,0.423,-10.9258,7.7154,<pad>,0.104516,substitution,0.95,rule_based_v1
37e80e6ad5af4b1faf3581169ceb75d3.wav,changing,e,2,1.7677,1.81,0.0423,0.529,-12.6122,12.6117,<pad>,0.099898,substitution,0.95,rule_based_v1
37e80e6ad5af4b1faf3581169ceb75d3.wav,changing,ɪ,3,1.81,1.8523,0.0423,0.529,-15.1538,15.1538,<pad>,0.111684,substitution,0.95,rule_based_v1
37e80e6ad5af4b1faf3581169ceb75d3.wav,changing,n,4,1.8523,1.8947,0.0423,0.706,-0.198,0.0,n,0.077969,correct,0.95,rule_based_v1
37e80e6ad5af4b1faf3581169ceb75d3.wav,changing,d,5,1.8947,1.937,0.0423,0.847,-5.5491,2.7099,dʒ,0.060135,distortion,0.571,rule_based_v1
37e80e6ad5af4b1faf3581169ceb75d3.wav,changing,ʒ,6,1.937,1.9793,0.0423,0.529,-12.5193,12.5059,<pad>,0.130336,substitution,0.95,rule_based_v1
37e80e6ad5af4b1faf3581169ceb75d3.wav,changing,ɪ,7,1.9793,2.0217,0.0423,0.529,-7.1678,3.4654,<pad>,0.114568,substitution,0.847,rule_based_v1
37e80e6ad5af4b1faf3581169ceb75d3.wav,changing,ŋ,8,2.0217,2.064,0.0423,0.605,-6.3302,2.2326,<pad>,0.115992,distortion,0.523,rule_based_v1
37e80e6ad5af4b1faf3581169ceb75d3.wav,the,ð,0,2.104,2.154,0.05,0.833,-3.9872,0.0,ð,0.127558,correct,0.95,rule_based_v1
37e80e6ad5af4b1faf3581169ceb75d3.wav,the,ə,1,2.154,2.204,0.05,0.833,-8.7493,8.7487,<pad>,0.082455,substitution,0.95,rule_based_v1
37e80e6ad5af4b1faf3581169ceb75d3.wav,world,w,0,2.244,2.296,0.052,1.04,-4.5949,3.731,<pad>,0.145292,substitution,0.873,rule_based_v1
37e80e6ad5af4b1faf3581169ceb75d3.wav,world,ɜ,1,2.296,2.348,0.052,0.65,-13.6503,7.8884,<pad>,0.19365,substitution,0.95,rule_based_v1
37e80e6ad5af4b1faf3581169ceb75d3.wav,world,ː,2,2.348,2.4,0.052,0.65,-0.0002,0.0,<pad>,0.175552,correct,0.95,rule_based_v1
37e80e6ad5af4b1faf3581169ceb75d3.wav,world,l,3,2.4,2.452,0.052,0.867,-7.2955,7.0766,<pad>,0.124325,substitution,0.95,rule_based_v1
37e80e6ad5af4b1faf3581169ceb75d3.wav,world,d,4,2.452,2.504,0.052,1.04,-8.1579,7.2985,l,0.049555,substitution,0.95,rule_based_v1
37e80e6ad5af4b1faf3581169ceb75d3.wav,very,v,0,2.564,2.624,0.06,0.857,-7.486,2.6092,<pad>,0.114967,distortion,0.561,rule_based_v1
37e80e6ad5af4b1faf3581169ceb75d3.wav,very,ɛ,1,2.624,2.684,0.06,0.75,-14.0302,14.0301,<pad>,0.145268,substitution,0.95,rule_based_v1
37e80e6ad5af4b1faf3581169ceb75d3.wav,very,ɹ,2,2.684,2.744,0.06,0.75,-6.829,4.7335,<pad>,0.141908,substitution,0.95,rule_based_v1
37e80e6ad5af4b1faf3581169ceb75d3.wav,very,i,3,2.744,2.804,0.06,0.75,-7.2515,4.637,<pad>,0.108857,substitution,0.95,rule_based_v1
37e80e6ad5af4b1faf3581169ceb75d3.wav,fast.,f,0,2.864,2.964,0.1,1.111,-9.022,7.5279,<pad>,0.121106,substitution,0.95,rule_based_v1
37e80e6ad5af4b1faf3581169ceb75d3.wav,fast.,æ,1,2.964,3.064,0.1,1.111,-12.6293,10.8362,<pad>,0.130635,substitution,0.95,rule_based_v1
37e80e6ad5af4b1faf3581169ceb75d3.wav,fast.,s,2,3.064,3.164,0.1,1.0,-12.2432,12.2431,<pad>,0.048144,substitution,0.95,rule_based_v1
37e80e6ad5af4b1faf3581169ceb75d3.wav,fast.,t,3,3.164,3.264,0.1,1.667,-9.9667,8.0668,<pad>,0.033915,substitution,0.95,rule_based_v1
37e80e6ad5af4b1faf3581169ceb75d3.wav,Many,m,0,4.364,4.414,0.05,0.714,-7.4349,1.9552,<pad>,0.176115,distortion,0.55,rule_based_v1
37e80e6ad5af4b1faf3581169ceb75d3.wav,Many,ɛ,1,4.414,4.464,0.05,0.625,-5.2147,0.6215,<pad>,0.212402,correct,0.795,rule_based_v1
37e80e6ad5af4b1faf3581169ceb75d3.wav,Many,n,2,4.464,4.514,0.05,0.833,-4.0411,0.0,n,0.243667,correct,0.95,rule_based_v1
37e80e6ad5af4b1faf3581169ceb75d3.wav,Many,i,3,4.514,4.564,0.05,0.625,-4.1666,0.5358,<pad>,0.167895,correct,0.816,rule_based_v1
37e80e6ad5af4b1faf3581169ceb75d3.wav,companies,k,0,4.644,4.6991,0.0551,0.787,-11.3029,11.3026,<pad>,0.137668,substitution,0.95,rule_based_v1
37e80e6ad5af4b1faf3581169ceb75d3.wav,companies,ʌ,1,4.6991,4.7543,0.0551,0.787,-7.7816,3.6435,<pad>,0.175338,substitution,0.864,rule_based_v1
37e80e6ad5af4b1faf3581169ceb75d3.wav,companies,m,2,4.7542,4.8094,0.0551,0.787,-7.5441,7.5112,<pad>,0.068303,substitution,0.95,rule_based_v1
37e80e6ad5af4b1faf3581169ceb75d3.wav,companies,p,3,4.8094,4.8645,0.0551,0.919,-6.8262,3.9869,m,0.084692,substitution,0.899,rule_based_v1
37e80e6ad5af4b1faf3581169ceb75d3.wav,companies,ə,4,4.8645,4.9196,0.0551,0.919,-12.3308,8.039,<pad>,0.136377,substitution,0.95,rule_based_v1
37e80e6ad5af4b1faf3581169ceb75d3.wav,companies,n,5,4.9196,4.9748,0.0551,0.919,-10.4798,7.4711,ə,0.125897,substitution,0.95,rule_based_v1
37e80e6ad5af4b1faf3581169ceb75d3.wav,companies,i,6,4.9748,5.0299,0.0551,0.689,-12.3293,9.5165,n,0.117963,substitution,0.95,rule_based_v1
37e80e6ad5af4b1faf3581169ceb75d3.wav,companies,z,7,5.0299,5.085,0.0551,0.689,-12.1049,8.2326,<pad>,0.045672,substitution,0.95,rule_based_v1
37e80e6ad5af4b1faf3581169ceb75d3.wav,are,ɑ,0,5.145,5.1783,0.0333,0.417,-16.7386,16.7385,<pad>,0.158704,substitution,0.95,rule_based_v1
37e80e6ad5af4b1faf3581169ceb75d3.wav,are,ː,1,5.1783,5.2117,0.0333,0.417,-0.0009,0.0,<pad>,0.124616,correct,0.95,rule_based_v1
37e80e6ad5af4b1faf3581169ceb75d3.wav,are,ɹ,2,5.2117,5.245,0.0333,0.417,-6.7889,6.7875,<pad>,0.130719,substitution,0.95,rule_based_v1
37e80e6ad5af4b1faf3581169ceb75d3.wav,investing,ɪ,0,5.285,5.3425,0.0575,0.719,-13.9478,8.8206,<pad>,0.162685,substitution,0.95,rule_based_v1
37e80e6ad5af4b1faf3581169ceb75d3.wav,investing,n,1,5.3425,5.4,0.0575,0.958,-7.7328,7.7202,<pad>,0.035272,substitution,0.95,rule_based_v1
37e80e6ad5af4b1faf3581169ceb75d3.wav,investing,v,2,5.4,5.4575,0.0575,0.821,-7.051,1.2318,<pad>,0.177541,distortion,0.55,rule_based_v1
37e80e6ad5af4b1faf3581169ceb75d3.wav,investing,ɛ,3,5.4575,5.515,0.0575,0.719,-5.3558,0.0577,<pad>,0.105124,correct,0.936,rule_based_v1
37e80e6ad5af4b1faf3581169ceb75d3.wav,investing,s,4,5.515,5.5725,0.0575,0.575,-11.2797,11.2795,<pad>,0.040268,substitution,0.95,rule_based_v1
37e80e6ad5af4b1faf3581169ceb75d3.wav,investing,t,5,5.5725,5.63,0.0575,0.958,-10.0764,10.0751,<pad>,0.051276,substitution,0.95,rule_based_v1
37e80e6ad5af4b1faf3581169ceb75d3.wav,investing,ɪ,6,5.63,5.6875,0.0575,0.719,-12.1344,7.831,s,0.158185,substitution,0.95,rule_based_v1
37e80e6ad5af4b1faf3581169ceb75d3.wav,investing,ŋ,7,5.6875,5.745,0.0575,0.821,-16.1814,16.1799,<pad>,0.129725,substitution,0.95,rule_based_v1
37e80e6ad5af4b1faf3581169ceb75d3.wav,heavily,h,0,5.825,5.8917,0.0667,1.111,-10.7927,7.7539,<pad>,0.112999,substitution,0.95,rule_based_v1
37e80e6ad5af4b1faf3581169ceb75d3.wav,heavily,ɛ,1,5.8917,5.9583,0.0667,0.833,-10.7115,10.7106,<pad>,0.145638,substitution,0.95,rule_based_v1
37e80e6ad5af4b1faf3581169ceb75d3.wav,heavily,v,2,5.9583,6.025,0.0667,0.952,-7.7274,4.766,<pad>,0.078886,substitution,0.95,rule_based_v1
37e80e6ad5af4b1faf3581169ceb75d3.wav,heavily,i,3,6.025,6.0917,0.0667,0.833,-12.4714,10.6331,<pad>,0.114959,substitution,0.95,rule_based_v1
37e80e6ad5af4b1faf3581169ceb75d3.wav,heavily,l,4,6.0917,6.1583,0.0667,1.111,-6.7417,4.7956,<pad>,0.077506,substitution,0.95,rule_based_v1
37e80e6ad5af4b1faf3581169ceb75d3.wav,heavily,i,5,6.1583,6.225,0.0667,0.833,-7.0005,4.5616,<pad>,0.06477,substitution,0.95,rule_based_v1
37e80e6ad5af4b1faf3581169ceb75d3.wav,in,ɪ,0,6.285,6.325,0.04,0.5,-13.2792,13.2787,<pad>,0.122391,substitution,0.95,rule_based_v1
37e80e6ad5af4b1faf3581169ceb75d3.wav,in,n,1,6.325,6.365,0.04,0.667,-1.7182,0.0,n,0.143217,correct,0.95,rule_based_v1
37e80e6ad5af4b1faf3581169ceb75d3.wav,machine,m,0,6.405,6.4617,0.0567,0.81,-9.0074,5.567,<pad>,0.097188,substitution,0.95,rule_based_v1
37e80e6ad5af4b1faf3581169ceb75d3.wav,machine,ə,1,6.4617,6.5183,0.0567,0.944,-10.4256,10.4254,<pad>,0.057928,substitution,0.95,rule_based_v1
37e80e6ad5af4b1faf3581169ceb75d3.wav,machine,ʃ,2,6.5183,6.575,0.0567,0.567,-6.6211,1.6728,<pad>,0.054998,distortion,0.55,rule_based_v1
37e80e6ad5af4b1faf3581169ceb75d3.wav,machine,i,3,6.575,6.6317,0.0567,0.708,-13.5065,13.5064,<pad>,0.089084,substitution,0.95,rule_based_v1
37e80e6ad5af4b1faf3581169ceb75d3.wav,machine,ː,4,6.6317,6.6883,0.0567,0.708,-0.0002,0.0,<pad>,0.104021,correct,0.95,rule_based_v1
37e80e6ad5af4b1faf3581169ceb75d3.wav,machine,n,5,6.6883,6.745,0.0567,0.944,-12.0767,7.4358,<pad>,0.147621,substitution,0.95,rule_based_v1
37e80e6ad5af4b1faf3581169ceb75d3.wav,learning,l,0,6.785,6.8317,0.0467,0.778,-4.1771,0.6274,<pad>,0.166395,correct,0.793,rule_based_v1
37e80e6ad5af4b1faf3581169ceb75d3.wav,learning,ɜ,1,6.8317,6.8783,0.0467,0.583,-13.2854,7.9171,<pad>,0.141431,substitution,0.95,rule_based_v1
37e80e6ad5af4b1faf3581169ceb75d3.wav,learning,ː,2,6.8783,6.925,0.0467,0.583,-0.0001,0.0,<pad>,0.158059,correct,0.95,rule_based_v1
37e80e6ad5af4b1faf3581169ceb75d3.wav,learning,n,3,6.925,6.9717,0.0467,0.778,-5.2672,3.5001,<pad>,0.135327,substitution,0.85,rule_based_v1
37e80e6ad5af4b1faf3581169ceb75d3.wav,learning,ɪ,4,6.9717,7.0183,0.0467,0.583,-6.0175,1.8303,n,0.128757,distortion,0.55,rule_based_v1
37e80e6ad5af4b1faf3581169ceb75d3.wav,learning,ŋ,5,7.0183,7.065,0.0467,0.667,-14.7221,14.7221,<pad>,0.133548,substitution,0.95,rule_based_v1
37e80e6ad5af4b1faf3581169ceb75d3.wav,and,æ,0,7.165,7.1983,0.0333,0.37,-14.5016,14.5016,<pad>,0.108548,substitution,0.95,rule_based_v1
37e80e6ad5af4b1faf3581169ceb75d3.wav,and,n,1,7.1983,7.2317,0.0333,0.556,-5.5487,5.5446,<pad>,0.154295,substitution,0.95,rule_based_v1
37e80e6ad5af4b1faf3581169ceb75d3.wav,and,d,2,7.2317,7.265,0.0333,0.667,-8.1345,7.9739,n,0.110182,substitution,0.95,rule_based_v1
37e80e6ad5af4b1faf3581169ceb75d3.wav,automation.,ɔ,0,7.345,7.401,0.056,0.7,-17.0341,17.034,<pad>,0.148803,substitution,0.95,rule_based_v1
37e80e6ad5af4b1faf3581169ceb75d3.wav,automation.,ː,1,7.401,7.457,0.056,0.7,-0.0389,-3.4263,<pad>,0.125798,correct,0.95,rule_based_v1
37e80e6ad5af4b1faf3581169ceb75d3.wav,automation.,ɾ,2,7.457,7.513,0.056,0.7,-7.6584,4.5691,<pad>,0.117807,substitution,0.95,rule_based_v1
37e80e6ad5af4b1faf3581169ceb75d3.wav,automation.,ə,3,7.513,7.569,0.056,0.933,-9.1161,9.1156,<pad>,0.14518,substitution,0.95,rule_based_v1
37e80e6ad5af4b1faf3581169ceb75d3.wav,automation.,m,4,7.569,7.625,0.056,0.8,-6.1164,0.5446,<pad>,0.11206,correct,0.814,rule_based_v1
37e80e6ad5af4b1faf3581169ceb75d3.wav,automation.,e,5,7.625,7.681,0.056,0.7,-10.8509,6.5321,<pad>,0.095235,substitution,0.95,rule_based_v1
37e80e6ad5af4b1faf3581169ceb75d3.wav,automation.,ɪ,6,7.681,7.737,0.056,0.7,-13.8257,13.8257,<pad>,0.06872,substitution,0.95,rule_based_v1
37e80e6ad5af4b1faf3581169ceb75d3.wav,automation.,ʃ,7,7.737,7.793,0.056,0.56,-15.8458,15.8456,<pad>,0.052054,substitution,0.95,rule_based_v1
37e80e6ad5af4b1faf3581169ceb75d3.wav,automation.,ə,8,7.793,7.849,0.056,0.933,-14.0496,14.0495,<pad>,0.042826,substitution,0.95,rule_based_v1
37e80e6ad5af4b1faf3581169ceb75d3.wav,automation.,n,9,7.849,7.905,0.056,0.933,-11.7849,6.5466,<pad>,0.026409,substitution,0.95,rule_based_v1
37e80e6ad5af4b1faf3581169ceb75d3.wav,"However,",h,0,8.886,8.9527,0.0667,1.111,-6.9077,3.241,<pad>,0.139451,substitution,0.824,rule_based_v1
37e80e6ad5af4b1faf3581169ceb75d3.wav,"However,",a,1,8.9527,9.0193,0.0667,0.833,-13.8555,13.8555,<pad>,0.140835,substitution,0.95,rule_based_v1
37e80e6ad5af4b1faf3581169ceb75d3.wav,"However,",ʊ,2,9.0193,9.086,0.0667,0.833,-12.1218,11.965,<pad>,0.248121,substitution,0.95,rule_based_v1
37e80e6ad5af4b1faf3581169ceb75d3.wav,"However,",ɛ,3,9.086,9.1527,0.0667,0.833,-9.3315,6.0212,<pad>,0.166206,substitution,0.95,rule_based_v1
37e80e6ad5af4b1faf3581169ceb75d3.wav,"However,",v,4,9.1527,9.2193,0.0667,0.952,-8.826,5.313,<pad>,0.089024,substitution,0.95,rule_based_v1
37e80e6ad5af4b1faf3581169ceb75d3.wav,"However,",ɚ,5,9.2193,9.286,0.0667,0.833,-8.0474,5.4693,<pad>,0.11315,substitution,0.95,rule_based_v1
37e80e6ad5af4b1faf3581169ceb75d3.wav,it,ɪ,0,9.546,9.576,0.03,0.375,-10.866,10.8659,<pad>,0.13967,substitution,0.95,rule_based_v1
37e80e6ad5af4b1faf3581169ceb75d3.wav,it,t,1,9.576,9.606,0.03,0.5,-6.0892,6.0773,<pad>,0.044608,substitution,0.95,rule_based_v1
37e80e6ad5af4b1faf3581169ceb75d3.wav,is,ɪ,0,9.666,9.716,0.05,0.625,-9.2,9.1955,<pad>,0.095232,substitution,0.95,rule_based_v1
37e80e6ad5af4b1faf3581169ceb75d3.wav,is,z,1,9.716,9.766,0.05,0.625,-3.03,0.0,z,0.054759,correct,0.95,rule_based_v1
37e80e6ad5af4b1faf3581169ceb75d3.wav,important,ɪ,0,9.826,9.868,0.042,0.525,-9.9558,9.6387,m,0.120922,substitution,0.95,rule_based_v1
37e80e6ad5af4b1faf3581169ceb75d3.wav,important,m,1,9.868,9.91,0.042,0.6,-10.8969,10.8957,<pad>,0.00681,substitution,0.95,rule_based_v1
37e80e6ad5af4b1faf3581169ceb75d3.wav,important,p,2,9.91,9.952,0.042,0.7,-6.0784,1.1732,<pad>,0.014344,distortion,0.55,rule_based_v1
37e80e6ad5af4b1faf3581169ceb75d3.wav,important,ɔ,3,9.952,9.994,0.042,0.525,-8.8812,2.4608,<pad>,0.227263,distortion,0.546,rule_based_v1
37e80e6ad5af4b1faf3581169ceb75d3.wav,important,ː,4,9.994,10.036,0.042,0.525,-0.0,0.0,<pad>,0.270097,correct,0.95,rule_based_v1
37e80e6ad5af4b1faf3581169ceb75d3.wav,important,ɹ,5,10.036,10.078,0.042,0.525,-9.4954,9.4948,<pad>,0.086748,substitution,0.95,rule_based_v1
37e80e6ad5af4b1faf3581169ceb75d3.wav,important,t,6,10.078,10.12,0.042,0.7,-4.436,4.4045,<pad>,0.002776,substitution,0.94,rule_based_v1
37e80e6ad5af4b1faf3581169ceb75d3.wav,important,ə,7,10.12,10.162,0.042,0.7,-7.2805,5.2062,t,0.091535,substitution,0.95,rule_based_v1
37e80e6ad5af4b1faf3581169ceb75d3.wav,important,n,8,10.162,10.204,0.042,0.7,-3.7041,0.0412,<pad>,0.122133,correct,0.94,rule_based_v1
37e80e6ad5af4b1faf3581169ceb75d3.wav,important,t,9,10.204,10.246,0.042,0.7,-2.0775,0.1234,<pad>,0.048875,correct,0.919,rule_based_v1
37e80e6ad5af4b1faf3581169ceb75d3.wav,to,t,0,10.286,10.3193,0.0333,0.556,-6.7034,6.7006,<pad>,0.051488,substitution,0.95,rule_based_v1
37e80e6ad5af4b1faf3581169ceb75d3.wav,to,u,1,10.3193,10.3527,0.0333,0.417,-11.6893,11.6825,<pad>,0.14325,substitution,0.95,rule_based_v1
37e80e6ad5af4b1faf3581169ceb75d3.wav,to,ː,2,10.3527,10.386,0.0333,0.417,-0.118,0.0,ə,0.103398,correct,0.95,rule_based_v1
37e80e6ad5af4b1faf3581169ceb75d3.wav,use,j,0,10.526,10.556,0.03,0.6,-12.4733,12.4731,<pad>,0.094922,substitution,0.95,rule_based_v1
37e80e6ad5af4b1faf3581169ceb75d3.wav,use,u,1,10.556,10.586,0.03,0.375,-10.2878,10.2876,<pad>,0.096421,substitution,0.95,rule_based_v1
37e80e6ad5af4b1faf3581169ceb75d3.wav,use,ː,2,10.586,10.616,0.03,0.375,-0.0004,0.0,<pad>,0.054143,correct,0.95,rule_based_v1
37e80e6ad5af4b1faf3581169ceb75d3.wav,use,s,3,10.616,10.646,0.03,0.3,-10.9836,10.9829,<pad>,0.039119,substitution,0.95,rule_based_v1
37e80e6ad5af4b1faf3581169ceb75d3.wav,these,ð,0,10.706,10.746,0.04,0.667,-7.661,2.7531,<pad>,0.108858,distortion,0.575,rule_based_v1
37e80e6ad5af4b1faf3581169ceb75d3.wav,these,i,1,10.746,10.786,0.04,0.5,-7.1377,2.6424,<pad>,0.160188,distortion,0.564,rule_based_v1
37e80e6ad5af4b1faf3581169ceb75d3.wav,these,ː,2,10.786,10.826,0.04,0.5,-0.0021,0.0,<pad>,0.062128,correct,0.95,rule_based_v1
37e80e6ad5af4b1faf3581169ceb75d3.wav,these,z,3,10.826,10.866,0.04,0.5,-4.5072,0.0,z,0.033994,correct,0.95,rule_based_v1
37e80e6ad5af4b1faf3581169ceb75d3.wav,technologies,t,0,10.906,10.9628,0.0567,0.946,-4.2201,0.0,t,0.059596,correct,0.95,rule_based_v1
37e80e6ad5af4b1faf3581169ceb75d3.wav,technologies,ɛ,1,10.9628,11.0195,0.0567,0.709,-5.0997,0.0,ɛ,0.130888,correct,0.95,rule_based_v1
37e80e6ad5af4b1faf3581169ceb75d3.wav,technologies,k,2,11.0195,11.0762,0.0567,0.811,-11.9118,11.9118,<pad>,0.011478,substitution,0.95,rule_based_v1
37e80e6ad5af4b1faf3581169ceb75d3.wav,technologies,n,3,11.0762,11.133,0.0567,0.946,-12.8596,12.8595,<pad>,0.07234,substitution,0.95,rule_based_v1
37e80e6ad5af4b1faf3581169ceb75d3.wav,technologies,ɑ,4,11.133,11.1898,0.0567,0.709,-13.676,9.9654,<pad>,0.15033,substitution,0.95,rule_based_v1
37e80e6ad5af4b1faf3581169ceb75d3.wav,technologies,ː,5,11.1898,11.2465,0.0567,0.709,-0.0103,-2.4359,n,0.138472,correct,0.95,rule_based_v1
37e80e6ad5af4b1faf3581169ceb75d3.wav,technologies,l,6,11.2465,11.3032,0.0567,0.946,-8.4976,6.0668,<pad>,0.089583,substitution,0.95,rule_based_v1
37e80e6ad5af4b1faf3581169ceb75d3.wav,technologies,ə,7,11.3032,11.36,0.0567,0.946,-12.7837,12.7694,<pad>,0.127835,substitution,0.95,rule_based_v1
37e80e6ad5af4b1faf3581169ceb75d3.wav,technologies,d,8,11.36,11.4167,0.0567,1.135,-12.9324,12.9319,<pad>,0.038437,substitution,0.95,rule_based_v1
37e80e6ad5af4b1faf3581169ceb75d3.wav,technologies,ʒ,9,11.4168,11.4735,0.0567,0.709,-16.2618,12.1232,<pad>,0.067094,substitution,0.95,rule_based_v1
37e80e6ad5af4b1faf3581169ceb75d3.wav,technologies,i,10,11.4735,11.5302,0.0567,0.709,-10.9419,7.4224,<pad>,0.095362,substitution,0.95,rule_based_v1
37e80e6ad5af4b1faf3581169ceb75d3.wav,technologies,z,11,11.5302,11.587,0.0567,0.709,-13.6418,13.6412,<pad>,0.042963,substitution,0.95,rule_based_v1
37e80e6ad5af4b1faf3581169ceb75d3.wav,responsible.,ɹ,0,11.647,11.7003,0.0533,0.667,-3.8922,0.0,ɹ,0.128916,correct,0.95,rule_based_v1
37e80e6ad5af4b1faf3581169ceb75d3.wav,responsible.,ᵻ,1,11.7003,11.7537,0.0533,0.667,-14.5357,14.5356,<pad>,0.048671,substitution,0.95,rule_based_v1
37e80e6ad5af4b1faf3581169ceb75d3.wav,responsible.,s,2,11.7537,11.807,0.0533,0.533,-3.4007,0.0,s,0.02271,correct,0.95,rule_based_v1
37e80e6ad5af4b1faf3581169ceb75d3.wav,responsible.,p,3,11.807,11.8603,0.0533,0.889,-11.5526,11.5523,<pad>,0.125668,substitution,0.95,rule_based_v1
37e80e6ad5af4b1faf3581169ceb75d3.wav,responsible.,ɑ,4,11.8603,11.9137,0.0533,0.667,-15.6939,11.2409,<pad>,0.146606,substitution,0.95,rule_based_v1
37e80e6ad5af4b1faf3581169ceb75d3.wav,responsible.,ː,5,11.9137,11.967,0.0533,0.667,-0.3068,-4.0622,<pad>,0.103295,correct,0.95,rule_based_v1
37e80e6ad5af4b1faf3581169ceb75d3.wav,responsible.,n,6,11.967,12.0203,0.0533,0.889,-12.9814,12.9814,<pad>,0.050794,substitution,0.95,rule_based_v1
37e80e6ad5af4b1faf3581169ceb75d3.wav,responsible.,s,7,12.0203,12.0737,0.0533,0.533,-14.5177,14.5174,<pad>,0.045874,substitution,0.95,rule_based_v1
37e80e6ad5af4b1faf3581169ceb75d3.wav,responsible.,ᵻ,8,12.0737,12.127,0.0533,0.667,-15.1988,12.8888,n,0.083923,substitution,0.95,rule_based_v1
37e80e6ad5af4b1faf3581169ceb75d3.wav,responsible.,b,9,12.127,12.1803,0.0533,1.067,-13.1993,13.1631,s,0.028117,substitution,0.95,rule_based_v1
37e80e6ad5af4b1faf3581169ceb75d3.wav,responsible.,ə,10,12.1803,12.2337,0.0533,0.889,-8.7172,8.7161,<pad>,0.0416,substitution,0.95,rule_based_v1
37e80e6ad5af4b1faf3581169ceb75d3.wav,responsible.,l,11,12.2337,12.287,0.0533,0.889,-10.4537,6.7684,<pad>,0.020855,substitution,0.95,rule_based_v1
37e80e6ad5af4b1faf3581169ceb75d3.wav,Sometimes,s,0,13.367,13.422,0.055,0.55,-8.163,8.1627,<pad>,0.147753,substitution,0.95,rule_based_v1
37e80e6ad5af4b1faf3581169ceb75d3.wav,Sometimes,ʌ,1,13.422,13.477,0.055,0.786,-7.1227,2.9805,<pad>,0.205692,distortion,0.598,rule_based_v1
37e80e6ad5af4b1faf3581169ceb75d3.wav,Sometimes,m,2,13.477,13.532,0.055,0.786,-11.9274,11.9274,<pad>,0.254471,substitution,0.95,rule_based_v1
37e80e6ad5af4b1faf3581169ceb75d3.wav,Sometimes,t,3,13.532,13.587,0.055,0.917,-9.7405,8.0015,m,0.076245,substitution,0.95,rule_based_v1
37e80e6ad5af4b1faf3581169ceb75d3.wav,Sometimes,a,4,13.587,13.642,0.055,0.687,-9.8079,6.5504,t,0.24028,substitution,0.95,rule_based_v1
37e80e6ad5af4b1faf3581169ceb75d3.wav,Sometimes,ɪ,5,13.642,13.697,0.055,0.687,-12.853,12.8518,<pad>,0.169553,substitution,0.95,rule_based_v1
37e80e6ad5af4b1faf3581169ceb75d3.wav,Sometimes,m,6,13.697,13.752,0.055,0.786,-10.9633,6.0101,<pad>,0.136329,substitution,0.95,rule_based_v1
37e80e6ad5af4b1faf3581169ceb75d3.wav,Sometimes,z,7,13.752,13.807,0.055,0.687,-17.3522,17.3522,<pad>,0.045587,substitution,0.95,rule_based_v1
37e80e6ad5af4b1faf3581169ceb75d3.wav,people's,p,0,13.867,13.9127,0.0457,0.762,-2.7982,0.0,p,0.072567,correct,0.95,rule_based_v1
37e80e6ad5af4b1faf3581169ceb75d3.wav,people's,i,1,13.9127,13.9584,0.0457,0.571,-6.654,1.6625,<pad>,0.122954,distortion,0.55,rule_based_v1
37e80e6ad5af4b1faf3581169ceb75d3.wav,people's,ː,2,13.9584,14.0041,0.0457,0.571,-0.0,0.0,<pad>,0.06255,correct,0.95,rule_based_v1
37e80e6ad5af4b1faf3581169ceb75d3.wav,people's,p,3,14.0041,14.0499,0.0457,0.762,-12.2005,12.2005,<pad>,0.014001,substitution,0.95,rule_based_v1
37e80e6ad5af4b1faf3581169ceb75d3.wav,people's,ə,4,14.0499,14.0956,0.0457,0.762,-9.7042,5.2457,p,0.140937,substitution,0.95,rule_based_v1
37e80e6ad5af4b1faf3581169ceb75d3.wav,people's,l,5,14.0956,14.1413,0.0457,0.762,-5.9034,1.8162,<pad>,0.114585,distortion,0.55,rule_based_v1
37e80e6ad5af4b1faf3581169ceb75d3.wav,people's,z,6,14.1413,14.187,0.0457,0.571,-9.4581,9.4408,<pad>,0.03044,substitution,0.95,rule_based_v1
37e80e6ad5af4b1faf3581169ceb75d3.wav,depends,d,0,14.227,14.2757,0.0487,0.974,-3.6341,0.0,d,0.124953,correct,0.95,rule_based_v1
37e80e6ad5af4b1faf3581169ceb75d3.wav,depends,ᵻ,1,14.2757,14.3244,0.0487,0.609,-14.9954,14.9953,<pad>,0.072497,substitution,0.95,rule_based_v1
37e80e6ad5af4b1faf3581169ceb75d3.wav,depends,p,2,14.3244,14.3731,0.0487,0.812,-11.2283,11.2282,<pad>,0.01968,substitution,0.95,rule_based_v1
37e80e6ad5af4b1faf3581169ceb75d3.wav,depends,ɛ,3,14.3731,14.4219,0.0487,0.609,-11.6551,6.2728,<pad>,0.147845,substitution,0.95,rule_based_v1
37e80e6ad5af4b1faf3581169ceb75d3.wav,depends,n,4,14.4219,14.4706,0.0487,0.812,-10.2478,5.7896,ɛ,0.17088,substitution,0.95,rule_based_v1
37e80e6ad5af4b1faf3581169ceb75d3.wav,depends,d,5,14.4706,14.5193,0.0487,0.974,-14.004,14.0038,<pad>,0.155673,substitution,0.95,rule_based_v1
37e80e6ad5af4b1faf3581169ceb75d3.wav,depends,z,6,14.5193,14.568,0.0487,0.609,-10.5643,9.8924,n,0.036025,substitution,0.95,rule_based_v1
37e80e6ad5af4b1faf3581169ceb75d3.wav,too,t,0,14.628,14.6747,0.0467,0.778,-4.6668,0.0,t,0.039644,correct,0.95,rule_based_v1
37e80e6ad5af4b1faf3581169ceb75d3.wav,too,u,1,14.6747,14.7213,0.0467,0.583,-6.8609,2.5829,<pad>,0.139593,distortion,0.558,rule_based_v1
37e80e6ad5af4b1faf3581169ceb75d3.wav,too,ː,2,14.7213,14.768,0.0467,0.583,-0.0001,0.0,<pad>,0.158464,correct,0.95,rule_based_v1
37e80e6ad5af4b1faf3581169ceb75d3.wav,much,m,0,14.808,14.848,0.04,0.571,-4.895,0.0,m,0.160222,correct,0.95,rule_based_v1
37e80e6ad5af4b1faf3581169ceb75d3.wav,much,ʌ,1,14.848,14.888,0.04,0.571,-14.0204,14.0203,<pad>,0.133534,substitution,0.95,rule_based_v1
37e80e6ad5af4b1faf3581169ceb75d3.wav,much,t,2,14.888,14.928,0.04,0.667,-6.1395,6.1362,<pad>,0.024217,substitution,0.95,rule_based_v1
37e80e6ad5af4b1faf3581169ceb75d3.wav,much,ʃ,3,14.928,14.968,0.04,0.4,-8.6824,3.4569,<pad>,0.040656,substitution,0.846,rule_based_v1
37e80e6ad5af4b1faf3581169ceb75d3.wav,on,ɔ,0,15.048,15.088,0.04,0.5,-15.7374,15.7373,<pad>,0.124633,substitution,0.95,rule_based_v1
37e80e6ad5af4b1faf3581169ceb75d3.wav,on,n,1,15.088,15.128,0.04,0.667,-2.9223,0.0,n,0.159032,correct,0.95,rule_based_v1
37e80e6ad5af4b1faf3581169ceb75d3.wav,AI,e,0,15.188,15.273,0.085,1.062,-11.2722,9.3758,<pad>,0.106071,substitution,0.95,rule_based_v1
37e80e6ad5af4b1faf3581169ceb75d3.wav,AI,ɪ,1,15.273,15.358,0.085,1.062,-12.5559,12.5555,<pad>,0.126412,substitution,0.95,rule_based_v1
37e80e6ad5af4b1faf3581169ceb75d3.wav,AI,a,2,15.358,15.443,0.085,1.062,-11.3549,9.5009,<pad>,0.149248,substitution,0.95,rule_based_v1
37e80e6ad5af4b1faf3581169ceb75d3.wav,AI,ɪ,3,15.443,15.528,0.085,1.062,-15.481,15.4809,<pad>,0.085342,substitution,0.95,rule_based_v1
37e80e6ad5af4b1faf3581169ceb75d3.wav,without,w,0,15.588,15.6313,0.0433,0.867,-3.2781,0.5773,<pad>,0.088087,correct,0.806,rule_based_v1
37e80e6ad5af4b1faf3581169ceb75d3.wav,without,ɪ,1,15.6313,15.6747,0.0433,0.542,-5.3996,1.2028,<pad>,0.073973,distortion,0.55,rule_based_v1
37e80e6ad5af4b1faf3581169ceb75d3.wav,without,ð,2,15.6747,15.718,0.0433,0.722,-7.6144,2.43,<pad>,0.128424,distortion,0.543,rule_based_v1
37e80e6ad5af4b1faf3581169ceb75d3.wav,without,a,3,15.718,15.7613,0.0433,0.542,-7.1626,2.4288,<pad>,0.168927,distortion,0.543,rule_based_v1
37e80e6ad5af4b1faf3581169ceb75d3.wav,without,ʊ,4,15.7613,15.8047,0.0433,0.542,-14.1957,14.1954,<pad>,0.123226,substitution,0.95,rule_based_v1
37e80e6ad5af4b1faf3581169ceb75d3.wav,without,t,5,15.8047,15.848,0.0433,0.722,-3.3391,3.02,<pad>,0.009383,substitution,0.802,rule_based_v1
37e80e6ad5af4b1faf3581169ceb75d3.wav,checking,t,0,15.888,15.938,0.05,0.833,-7.6126,3.8128,<pad>,0.066372,substitution,0.881,rule_based_v1
37e80e6ad5af4b1faf3581169ceb75d3.wav,checking,ʃ,1,15.938,15.988,0.05,0.5,-9.3569,4.3248,ɛ,0.15704,substitution,0.932,rule_based_v1
37e80e6ad5af4b1faf3581169ceb75d3.wav,checking,ɛ,2,15.988,16.038,0.05,0.625,-13.7814,13.7814,<pad>,0.050164,substitution,0.95,rule_based_v1
37e80e6ad5af4b1faf3581169ceb75d3.wav,checking,k,3,16.038,16.088,0.05,0.714,-9.642,9.6418,<pad>,0.033579,substitution,0.95,rule_based_v1
37e80e6ad5af4b1faf3581169ceb75d3.wav,checking,ɪ,4,16.088,16.138,0.05,0.625,-8.3676,3.7393,k,0.117316,substitution,0.874,rule_based_v1
37e80e6ad5af4b1faf3581169ceb75d3.wav,checking,ŋ,5,16.138,16.188,0.05,0.714,-10.9764,8.3066,<pad>,0.132774,substitution,0.95,rule_based_v1
37e80e6ad5af4b1faf3581169ceb75d3.wav,the,ð,0,16.228,16.278,0.05,0.833,-4.5587,0.0,ð,0.14237,correct,0.95,rule_based_v1
37e80e6ad5af4b1faf3581169ceb75d3.wav,the,ə,1,16.278,16.328,0.05,0.833,-11.6951,11.6906,<pad>,0.16414,substitution,0.95,rule_based_v1
37e80e6ad5af4b1faf3581169ceb75d3.wav,information,ɪ,0,16.368,16.422,0.054,0.675,-12.2163,10.2861,<pad>,0.111685,substitution,0.95,rule_based_v1
37e80e6ad5af4b1faf3581169ceb75d3.wav,information,n,1,16.422,16.476,0.054,0.9,-4.6686,2.1678,<pad>,0.01137,distortion,0.617,rule_based_v1
37e80e6ad5af4b1faf3581169ceb75d3.wav,information,f,2,16.476,16.53,0.054,0.6,-3.2838,0.0,f,0.104594,correct,0.95,rule_based_v1
37e80e6ad5af4b1faf3581169ceb75d3.wav,information,ɚ,3,16.53,16.584,0.054,0.675,-3.6654,0.1717,ɹ,0.130418,correct,0.907,rule_based_v1
37e80e6ad5af4b1faf3581169ceb75d3.wav,information,m,4,16.584,16.638,0.054,0.771,-11.5508,11.5496,<pad>,0.140854,substitution,0.95,rule_based_v1
37e80e6ad5af4b1faf3581169ceb75d3.wav,information,e,5,16.638,16.692,0.054,0.675,-14.4157,13.6385,<pad>,0.117795,substitution,0.95,rule_based_v1
37e80e6ad5af4b1faf3581169ceb75d3.wav,information,ɪ,6,16.692,16.746,0.054,0.675,-14.1372,9.2534,<pad>,0.074534,substitution,0.95,rule_based_v1
37e80e6ad5af4b1faf3581169ceb75d3.wav,information,ʃ,7,16.746,16.8,0.054,0.54,-13.8055,9.2002,<pad>,0.060126,substitution,0.95,rule_based_v1
37e80e6ad5af4b1faf3581169ceb75d3.wav,information,ə,8,16.8,16.854,0.054,0.9,-13.5464,13.546,<pad>,0.112764,substitution,0.95,rule_based_v1
37e80e6ad5af4b1faf3581169ceb75d3.wav,information,n,9,16.854,16.908,0.054,0.9,-11.893,11.8929,<pad>,0.150604,substitution,0.95,rule_based_v1
37e80e6ad5af4b1faf3581169ceb75d3.wav,carefully.,k,0,16.968,17.028,0.06,0.857,-9.9355,6.452,<pad>,0.05504,substitution,0.95,rule_based_v1
37e80e6ad5af4b1faf3581169ceb75d3.wav,carefully.,ɛ,1,17.028,17.088,0.06,0.75,-9.748,6.8284,<pad>,0.169441,substitution,0.95,rule_based_v1
37e80e6ad5af4b1faf3581169ceb75d3.wav,carefully.,ɹ,2,17.088,17.148,0.06,0.75,-4.974,4.9508,<pad>,0.100198,substitution,0.95,rule_based_v1
37e80e6ad5af4b1faf3581169ceb75d3.wav,carefully.,f,3,17.148,17.208,0.06,0.667,-8.1007,4.7402,<pad>,0.007997,substitution,0.95,rule_based_v1
37e80e6ad5af4b1faf3581169ceb75d3.wav,carefully.,ə,4,17.208,17.268,0.06,1.0,-8.6865,6.672,<pad>,0.080712,substitution,0.95,rule_based_v1
37e80e6ad5af4b1faf3581169ceb75d3.wav,carefully.,l,5,17.268,17.328,0.06,1.0,-7.9077,4.2386,<pad>,0.056467,substitution,0.924,rule_based_v1
37e80e6ad5af4b1faf3581169ceb75d3.wav,carefully.,i,6,17.328,17.388,0.06,0.75,-7.8545,7.622,<pad>,0.02937,substitution,0.95,rule_based_v1
37e80e6ad5af4b1faf3581169ceb75d3.wav,I,a,0,18.489,18.519,0.03,0.375,-13.1527,13.1526,<pad>,0.164085,substitution,0.95,rule_based_v1
37e80e6ad5af4b1faf3581169ceb75d3.wav,I,ɪ,1,18.519,18.549,0.03,0.375,-9.9985,9.9979,<pad>,0.114758,substitution,0.95,rule_based_v1
37e80e6ad5af4b1faf3581169ceb75d3.wav,believe,b,0,18.589,18.639,0.05,1.0,-5.2145,0.0,b,0.155933,correct,0.95,rule_based_v1
37e80e6ad5af4b1faf3581169ceb75d3.wav,believe,ᵻ,1,18.639,18.689,0.05,0.625,-6.9549,4.0589,<pad>,0.09515,substitution,0.906,rule_based_v1
37e80e6ad5af4b1faf3581169ceb75d3.wav,believe,l,2,18.689,18.739,0.05,0.833,-5.28,3.6097,<pad>,0.146545,substitution,0.861,rule_based_v1
37e80e6ad5af4b1faf3581169ceb75d3.wav,believe,i,3,18.739,18.789,0.05,0.625,-12.8169,10.6465,<pad>,0.179989,substitution,0.95,rule_based_v1
37e80e6ad5af4b1faf3581169ceb75d3.wav,believe,ː,4,18.789,18.839,0.05,0.625,-0.0768,-4.1409,<pad>,0.16714,correct,0.95,rule_based_v1
37e80e6ad5af4b1faf3581169ceb75d3.wav,believe,v,5,18.839,18.889,0.05,0.714,-16.348,16.348,<pad>,0.054905,substitution,0.95,rule_based_v1
37e80e6ad5af4b1faf3581169ceb75d3.wav,that,ð,0,18.929,18.9757,0.0467,0.778,-4.1446,0.0517,<pad>,0.085861,correct,0.937,rule_based_v1
37e80e6ad5af4b1faf3581169ceb75d3.wav,that,æ,1,18.9757,19.0223,0.0467,0.519,-7.4994,4.4608,<pad>,0.158881,substitution,0.946,rule_based_v1
37e80e6ad5af4b1faf3581169ceb75d3.wav,that,t,2,19.0223,19.069,0.0467,0.778,-3.5267,0.9618,<pad>,0.140306,correct,0.71,rule_based_v1
37e80e6ad5af4b1faf3581169ceb75d3.wav,AI,e,0,19.109,19.174,0.065,0.812,-11.8925,11.8923,<pad>,0.150325,substitution,0.95,rule_based_v1
37e80e6ad5af4b1faf3581169ceb75d3.wav,AI,ɪ,1,19.174,19.239,0.065,0.812,-10.7727,10.7717,<pad>,0.15673,substitution,0.95,rule_based_v1
37e80e6ad5af4b1faf3581169ceb75d3.wav,AI,a,2,19.239,19.304,0.065,0.812,-10.9918,7.5912,<pad>,0.155954,substitution,0.95,rule_based_v1
37e80e6ad5af4b1faf3581169ceb75d3.wav,AI,ɪ,3,19.304,19.369,0.065,0.812,-14.2485,14.2482,<pad>,0.121356,substitution,0.95,rule_based_v1
37e80e6ad5af4b1faf3581169ceb75d3.wav,should,ʃ,0,19.409,19.469,0.06,0.6,-5.032,2.4047,<pad>,0.059778,distortion,0.54,rule_based_v1
37e80e6ad5af4b1faf3581169ceb75d3.wav,should,ʊ,1,19.469,19.529,0.06,0.75,-8.3583,6.1439,<pad>,0.114939,substitution,0.95,rule_based_v1
37e80e6ad5af4b1faf3581169ceb75d3.wav,should,d,2,19.529,19.589,0.06,1.2,-2.3731,0.2523,<pad>,0.091386,correct,0.887,rule_based_v1
37e80e6ad5af4b1faf3581169ceb75d3.wav,assist,ɐ,0,19.629,19.689,0.06,0.75,-10.6543,8.412,<pad>,0.050402,substitution,0.95,rule_based_v1
37e80e6ad5af4b1faf3581169ceb75d3.wav,assist,s,1,19.689,19.749,0.06,0.6,-1.5784,0.4573,<pad>,0.047973,correct,0.836,rule_based_v1
37e80e6ad5af4b1faf3581169ceb75d3.wav,assist,ɪ,2,19.749,19.809,0.06,0.75,-7.8518,4.1498,<pad>,0.129763,substitution,0.915,rule_based_v1
37e80e6ad5af4b1faf3581169ceb75d3.wav,assist,s,3,19.809,19.869,0.06,0.6,-5.9605,3.2141,<pad>,0.069879,substitution,0.821,rule_based_v1
37e80e6ad5af4b1faf3581169ceb75d3.wav,assist,t,4,19.869,19.929,0.06,1.0,-4.6716,1.6821,<pad>,0.01807,distortion,0.568,rule_based_v1
37e80e6ad5af4b1faf3581169ceb75d3.wav,humans,h,0,19.969,20.0165,0.0475,0.792,-1.1732,0.0,h,0.051603,correct,0.95,rule_based_v1
37e80e6ad5af4b1faf3581169ceb75d3.wav,humans,j,1,20.0165,20.064,0.0475,0.95,-3.3936,0.0,j,0.131835,correct,0.95,rule_based_v1
37e80e6ad5af4b1faf3581169ceb75d3.wav,humans,u,2,20.064,20.1115,0.0475,0.594,-9.0874,9.0867,<pad>,0.1304,substitution,0.95,rule_based_v1
37e80e6ad5af4b1faf3581169ceb75d3.wav,humans,ː,3,20.1115,20.159,0.0475,0.594,-0.0006,0.0,<pad>,0.164469,correct,0.95,rule_based_v1
37e80e6ad5af4b1faf3581169ceb75d3.wav,humans,m,4,20.159,20.2065,0.0475,0.679,-5.9085,0.9663,<pad>,0.152374,correct,0.708,rule_based_v1
37e80e6ad5af4b1faf3581169ceb75d3.wav,humans,ə,5,20.2065,20.254,0.0475,0.792,-5.1687,1.4529,<pad>,0.121022,distortion,0.55,rule_based_v1
37e80e6ad5af4b1faf3581169ceb75d3.wav,humans,n,6,20.254,20.3015,0.0475,0.792,-10.085,10.0849,<pad>,0.08697,substitution,0.95,rule_based_v1
37e80e6ad5af4b1faf3581169ceb75d3.wav,humans,z,7,20.3015,20.349,0.0475,0.594,-12.9641,10.0492,n,0.032383,substitution,0.95,rule_based_v1
37e80e6ad5af4b1faf3581169ceb75d3.wav,instead,ɪ,0,20.429,20.4757,0.0467,0.583,-13.5632,9.1055,<pad>,0.115406,substitution,0.95,rule_based_v1
37e80e6ad5af4b1faf3581169ceb75d3.wav,instead,n,1,20.4757,20.5223,0.0467,0.778,-6.6066,6.5105,<pad>,0.037831,substitution,0.95,rule_based_v1
37e80e6ad5af4b1faf3581169ceb75d3.wav,instead,s,2,20.5223,20.569,0.0467,0.467,-2.9519,0.0,s,0.029282,correct,0.95,rule_based_v1
37e80e6ad5af4b1faf3581169ceb75d3.wav,instead,t,3,20.569,20.6157,0.0467,0.778,-7.2672,7.2662,<pad>,0.078251,substitution,0.95,rule_based_v1
37e80e6ad5af4b1faf3581169ceb75d3.wav,instead,ɛ,4,20.6157,20.6623,0.0467,0.583,-10.6919,7.3058,<pad>,0.169992,substitution,0.95,rule_based_v1
37e80e6ad5af4b1faf3581169ceb75d3.wav,instead,d,5,20.6623,20.709,0.0467,0.933,-9.5534,4.6254,<pad>,0.080347,substitution,0.95,rule_based_v1
37e80e6ad5af4b1faf3581169ceb75d3.wav,of,ʌ,0,20.749,20.7795,0.0305,0.436,-11.3755,11.3749,<pad>,0.043908,substitution,0.95,rule_based_v1
37e80e6ad5af4b1faf3581169ceb75d3.wav,of,v,1,20.7795,20.81,0.0305,0.436,-8.2278,8.2274,<pad>,0.034223,substitution,0.95,rule_based_v1
37e80e6ad5af4b1faf3581169ceb75d3.wav,replacing,ɹ,0,20.85,20.9011,0.0511,0.639,-7.2102,5.0712,<pad>,0.115314,substitution,0.95,rule_based_v1
37e80e6ad5af4b1faf3581169ceb75d3.wav,replacing,ᵻ,1,20.9011,20.9522,0.0511,0.639,-14.5053,14.5052,<pad>,0.017933,substitution,0.95,rule_based_v1
37e80e6ad5af4b1faf3581169ceb75d3.wav,replacing,p,2,20.9522,21.0033,0.0511,0.852,-11.3189,11.3188,<pad>,0.014029,substitution,0.95,rule_based_v1
37e80e6ad5af4b1faf3581169ceb75d3.wav,replacing,l,3,21.0033,21.0544,0.0511,0.852,-8.2116,3.7567,p,0.107171,substitution,0.876,rule_based_v1
37e80e6ad5af4b1faf3581169ceb75d3.wav,replacing,e,4,21.0544,21.1056,0.0511,0.639,-12.3797,12.1767,l,0.143434,substitution,0.95,rule_based_v1
37e80e6ad5af4b1faf3581169ceb75d3.wav,replacing,ɪ,5,21.1056,21.1567,0.0511,0.639,-10.3065,6.5901,<pad>,0.064496,substitution,0.95,rule_based_v1
37e80e6ad5af4b1faf3581169ceb75d3.wav,replacing,s,6,21.1567,21.2078,0.0511,0.511,-12.6902,12.6897,<pad>,0.041704,substitution,0.95,rule_based_v1
37e80e6ad5af4b1faf3581169ceb75d3.wav,replacing,ɪ,7,21.2078,21.2589,0.0511,0.639,-12.7682,12.7681,<pad>,0.136623,substitution,0.95,rule_based_v1
37e80e6ad5af4b1faf3581169ceb75d3.wav,replacing,ŋ,8,21.2589,21.31,0.0511,0.73,-13.0785,10.0066,s,0.161879,substitution,0.95,rule_based_v1
37e80e6ad5af4b1faf3581169ceb75d3.wav,them,ð,0,21.35,21.39,0.04,0.667,-6.8933,3.6783,<pad>,0.12037,substitution,0.868,rule_based_v1
37e80e6ad5af4b1faf3581169ceb75d3.wav,them,ɛ,1,21.39,21.43,0.04,0.5,-15.4949,15.4948,<pad>,0.119423,substitution,0.95,rule_based_v1
37e80e6ad5af4b1faf3581169ceb75d3.wav,them,m,2,21.43,21.47,0.04,0.571,-4.6572,0.4773,<pad>,0.051966,correct,0.831,rule_based_v1
37e80e6ad5af4b1faf3581169ceb75d3.wav,completely.,k,0,21.51,21.562,0.052,0.743,-9.0468,9.0443,<pad>,0.112766,substitution,0.95,rule_based_v1
37e80e6ad5af4b1faf3581169ceb75d3.wav,completely.,ə,1,21.562,21.614,0.052,0.867,-6.9054,3.3955,<pad>,0.142227,substitution,0.84,rule_based_v1
37e80e6ad5af4b1faf3581169ceb75d3.wav,completely.,m,2,21.614,21.666,0.052,0.743,-0.9461,0.0,m,0.020769,correct,0.95,rule_based_v1
37e80e6ad5af4b1faf3581169ceb75d3.wav,completely.,p,3,21.666,21.718,0.052,0.867,-6.299,2.4153,<pad>,0.010232,distortion,0.642,rule_based_v1
37e80e6ad5af4b1faf3581169ceb75d3.wav,completely.,l,4,21.718,21.77,0.052,0.867,-10.4189,10.4187,<pad>,0.107296,substitution,0.95,rule_based_v1
37e80e6ad5af4b1faf3581169ceb75d3.wav,completely.,i,5,21.77,21.822,0.052,0.65,-11.4461,11.2516,l,0.103468,substitution,0.95,rule_based_v1
37e80e6ad5af4b1faf3581169ceb75d3.wav,completely.,ː,6,21.822,21.874,0.052,0.65,-0.173,-4.427,<pad>,0.039576,correct,0.95,rule_based_v1
37e80e6ad5af4b1faf3581169ceb75d3.wav,completely.,t,7,21.874,21.926,0.052,0.867,-13.4217,13.4217,<pad>,0.038652,substitution,0.95,rule_based_v1
37e80e6ad5af4b1faf3581169ceb75d3.wav,completely.,l,8,21.926,21.978,0.052,0.867,-12.6803,12.68,<pad>,0.061389,substitution,0.95,rule_based_v1
37e80e6ad5af4b1faf3581169ceb75d3.wav,completely.,i,9,21.978,22.03,0.052,0.65,-10.122,7.6799,t,0.032385,substitution,0.95,rule_based_v1
3a64ad5d24d0423faeda0d2713f5b9e7.wav,Artificial,ɑ,0,0.263,0.319,0.056,0.7,-15.9976,15.9975,<pad>,0.241497,substitution,0.95,rule_based_v1
3a64ad5d24d0423faeda0d2713f5b9e7.wav,Artificial,ː,1,0.319,0.375,0.056,0.7,-0.0016,0.0,<pad>,0.126847,correct,0.95,rule_based_v1
3a64ad5d24d0423faeda0d2713f5b9e7.wav,Artificial,ɹ,2,0.375,0.431,0.056,0.7,-6.6197,3.4495,<pad>,0.183146,substitution,0.845,rule_based_v1
3a64ad5d24d0423faeda0d2713f5b9e7.wav,Artificial,ɾ,3,0.431,0.487,0.056,0.7,-6.4607,2.8236,<pad>,0.101662,distortion,0.582,rule_based_v1
3a64ad5d24d0423faeda0d2713f5b9e7.wav,Artificial,ɪ,4,0.487,0.543,0.056,0.7,-8.7284,8.7276,<pad>,0.00511,substitution,0.95,rule_based_v1
3a64ad5d24d0423faeda0d2713f5b9e7.wav,Artificial,f,5,0.543,0.599,0.056,0.622,-8.5258,8.5242,<pad>,0.178918,substitution,0.95,rule_based_v1
3a64ad5d24d0423faeda0d2713f5b9e7.wav,Artificial,ɪ,6,0.599,0.655,0.056,0.7,-14.0262,9.8346,<pad>,0.102016,substitution,0.95,rule_based_v1
3a64ad5d24d0423faeda0d2713f5b9e7.wav,Artificial,ʃ,7,0.655,0.711,0.056,0.56,-11.3077,6.1108,<pad>,0.061372,substitution,0.95,rule_based_v1
3a64ad5d24d0423faeda0d2713f5b9e7.wav,Artificial,ə,8,0.711,0.767,0.056,0.933,-14.3495,14.3494,<pad>,0.11931,substitution,0.95,rule_based_v1
3a64ad5d24d0423faeda0d2713f5b9e7.wav,Artificial,l,9,0.767,0.823,0.056,0.933,-12.351,12.3509,<pad>,0.130515,substitution,0.95,rule_based_v1
3a64ad5d24d0423faeda0d2713f5b9e7.wav,intelligence,ɪ,0,0.883,0.9375,0.0545,0.682,-13.465,8.9068,<pad>,0.15554,substitution,0.95,rule_based_v1
3a64ad5d24d0423faeda0d2713f5b9e7.wav,intelligence,n,1,0.9375,0.9921,0.0545,0.909,-8.9479,8.9452,<pad>,0.02789,substitution,0.95,rule_based_v1
3a64ad5d24d0423faeda0d2713f5b9e7.wav,intelligence,t,2,0.9921,1.0466,0.0545,0.909,-5.1057,1.1773,<pad>,0.086164,distortion,0.55,rule_based_v1
3a64ad5d24d0423faeda0d2713f5b9e7.wav,intelligence,ɛ,3,1.0466,1.1012,0.0545,0.682,-9.3012,9.2997,<pad>,0.176803,substitution,0.95,rule_based_v1
3a64ad5d24d0423faeda0d2713f5b9e7.wav,intelligence,l,4,1.1012,1.1557,0.0545,0.909,-11.4998,5.6696,<pad>,0.097524,substitution,0.95,rule_based_v1
3a64ad5d24d0423faeda0d2713f5b9e7.wav,intelligence,ɪ,5,1.1557,1.2103,0.0545,0.682,-13.0262,13.0254,<pad>,0.149864,substitution,0.95,rule_based_v1
3a64ad5d24d0423faeda0d2713f5b9e7.wav,intelligence,d,6,1.2103,1.2648,0.0545,1.091,-11.4396,8.3859,l,0.046538,substitution,0.95,rule_based_v1
3a64ad5d24d0423faeda0d2713f5b9e7.wav,intelligence,ʒ,7,1.2648,1.3194,0.0545,0.682,-13.0921,9.9803,<pad>,0.038781,substitution,0.95,rule_based_v1
3a64ad5d24d0423faeda0d2713f5b9e7.wav,intelligence,ə,8,1.3194,1.3739,0.0545,0.909,-10.0391,10.0385,<pad>,0.073315,substitution,0.95,rule_based_v1
3a64ad5d24d0423faeda0d2713f5b9e7.wav,intelligence,n,9,1.3739,1.4285,0.0545,0.909,-9.4318,4.8186,<pad>,0.055081,substitution,0.95,rule_based_v1
3a64ad5d24d0423faeda0d2713f5b9e7.wav,intelligence,s,10,1.4285,1.483,0.0545,0.545,-13.29,13.2869,<pad>,0.035332,substitution,0.95,rule_based_v1
3a64ad5d24d0423faeda0d2713f5b9e7.wav,is,ɪ,0,1.563,1.593,0.03,0.375,-7.8981,7.896,<pad>,0.046473,substitution,0.95,rule_based_v1
3a64ad5d24d0423faeda0d2713f5b9e7.wav,is,z,1,1.593,1.623,0.03,0.375,-0.1675,0.0,z,0.035122,correct,0.95,rule_based_v1
3a64ad5d24d0423faeda0d2713f5b9e7.wav,changing,t,0,1.683,1.7253,0.0423,0.706,-7.3887,2.2782,<pad>,0.057486,distortion,0.528,rule_based_v1
3a64ad5d24d0423faeda0d2713f5b9e7.wav,changing,ʃ,1,1.7253,1.7677,0.0423,0.423,-10.9258,7.7154,<pad>,0.104516,substitution,0.95,rule_based_v1
3a64ad5d24d0423faeda0d2713f5b9e7.wav,changing,e,2,1.7677,1.81,0.0423,0.529,-12.6122,12.6117,<pad>,0.099898,substitution,0.95,rule_based_v1
3a64ad5d24d0423faeda0d2713f5b9e7.wav,changing,ɪ,3,1.81,1.8523,0.0423,0.529,-15.1538,15.1538,<pad>,0.111684,substitution,0.95,rule_based_v1
3a64ad5d24d0423faeda0d2713f5b9e7.wav,changing,n,4,1.8523,1.8947,0.0423,0.706,-0.198,0.0,n,0.077969,correct,0.95,rule_based_v1
3a64ad5d24d0423faeda0d2713f5b9e7.wav,changing,d,5,1.8947,1.937,0.0423,0.847,-5.5491,2.7099,dʒ,0.060135,distortion,0.571,rule_based_v1
3a64ad5d24d0423faeda0d2713f5b9e7.wav,changing,ʒ,6,1.937,1.9793,0.0423,0.529,-12.5193,12.5059,<pad>,0.130336,substitution,0.95,rule_based_v1
3a64ad5d24d0423faeda0d2713f5b9e7.wav,changing,ɪ,7,1.9793,2.0217,0.0423,0.529,-7.1678,3.4654,<pad>,0.114568,substitution,0.847,rule_based_v1
3a64ad5d24d0423faeda0d2713f5b9e7.wav,changing,ŋ,8,2.0217,2.064,0.0423,0.605,-6.3302,2.2326,<pad>,0.115992,distortion,0.523,rule_based_v1
3a64ad5d24d0423faeda0d2713f5b9e7.wav,the,ð,0,2.104,2.154,0.05,0.833,-3.9872,0.0,ð,0.127558,correct,0.95,rule_based_v1
3a64ad5d24d0423faeda0d2713f5b9e7.wav,the,ə,1,2.154,2.204,0.05,0.833,-8.7493,8.7487,<pad>,0.082455,substitution,0.95,rule_based_v1
3a64ad5d24d0423faeda0d2713f5b9e7.wav,world,w,0,2.244,2.296,0.052,1.04,-4.5949,3.731,<pad>,0.145292,substitution,0.873,rule_based_v1
3a64ad5d24d0423faeda0d2713f5b9e7.wav,world,ɜ,1,2.296,2.348,0.052,0.65,-13.6503,7.8884,<pad>,0.19365,substitution,0.95,rule_based_v1
3a64ad5d24d0423faeda0d2713f5b9e7.wav,world,ː,2,2.348,2.4,0.052,0.65,-0.0002,0.0,<pad>,0.175552,correct,0.95,rule_based_v1
3a64ad5d24d0423faeda0d2713f5b9e7.wav,world,l,3,2.4,2.452,0.052,0.867,-7.2955,7.0766,<pad>,0.124325,substitution,0.95,rule_based_v1
3a64ad5d24d0423faeda0d2713f5b9e7.wav,world,d,4,2.452,2.504,0.052,1.04,-8.1579,7.2985,l,0.049555,substitution,0.95,rule_based_v1
3a64ad5d24d0423faeda0d2713f5b9e7.wav,very,v,0,2.564,2.624,0.06,0.857,-7.486,2.6092,<pad>,0.114967,distortion,0.561,rule_based_v1
3a64ad5d24d0423faeda0d2713f5b9e7.wav,very,ɛ,1,2.624,2.684,0.06,0.75,-14.0302,14.0301,<pad>,0.145268,substitution,0.95,rule_based_v1
3a64ad5d24d0423faeda0d2713f5b9e7.wav,very,ɹ,2,2.684,2.744,0.06,0.75,-6.829,4.7335,<pad>,0.141908,substitution,0.95,rule_based_v1
3a64ad5d24d0423faeda0d2713f5b9e7.wav,very,i,3,2.744,2.804,0.06,0.75,-7.2515,4.637,<pad>,0.108857,substitution,0.95,rule_based_v1
3a64ad5d24d0423faeda0d2713f5b9e7.wav,fast.,f,0,2.864,2.964,0.1,1.111,-9.022,7.5279,<pad>,0.121106,substitution,0.95,rule_based_v1
3a64ad5d24d0423faeda0d2713f5b9e7.wav,fast.,æ,1,2.964,3.064,0.1,1.111,-12.6293,10.8362,<pad>,0.130635,substitution,0.95,rule_based_v1
3a64ad5d24d0423faeda0d2713f5b9e7.wav,fast.,s,2,3.064,3.164,0.1,1.0,-12.2432,12.2431,<pad>,0.048144,substitution,0.95,rule_based_v1
3a64ad5d24d0423faeda0d2713f5b9e7.wav,fast.,t,3,3.164,3.264,0.1,1.667,-9.9667,8.0668,<pad>,0.033915,substitution,0.95,rule_based_v1
3a64ad5d24d0423faeda0d2713f5b9e7.wav,Many,m,0,4.364,4.414,0.05,0.714,-7.4349,1.9552,<pad>,0.176115,distortion,0.55,rule_based_v1
3a64ad5d24d0423faeda0d2713f5b9e7.wav,Many,ɛ,1,4.414,4.464,0.05,0.625,-5.2147,0.6215,<pad>,0.212402,correct,0.795,rule_based_v1
3a64ad5d24d0423faeda0d2713f5b9e7.wav,Many,n,2,4.464,4.514,0.05,0.833,-4.0411,0.0,n,0.243667,correct,0.95,rule_based_v1
3a64ad5d24d0423faeda0d2713f5b9e7.wav,Many,i,3,4.514,4.564,0.05,0.625,-4.1666,0.5358,<pad>,0.167895,correct,0.816,rule_based_v1
3a64ad5d24d0423faeda0d2713f5b9e7.wav,companies,k,0,4.644,4.6991,0.0551,0.787,-11.3029,11.3026,<pad>,0.137668,substitution,0.95,rule_based_v1
3a64ad5d24d0423faeda0d2713f5b9e7.wav,companies,ʌ,1,4.6991,4.7543,0.0551,0.787,-7.7816,3.6435,<pad>,0.175338,substitution,0.864,rule_based_v1
3a64ad5d24d0423faeda0d2713f5b9e7.wav,companies,m,2,4.7542,4.8094,0.0551,0.787,-7.5441,7.5112,<pad>,0.068303,substitution,0.95,rule_based_v1
3a64ad5d24d0423faeda0d2713f5b9e7.wav,companies,p,3,4.8094,4.8645,0.0551,0.919,-6.8262,3.9869,m,0.084692,substitution,0.899,rule_based_v1
3a64ad5d24d0423faeda0d2713f5b9e7.wav,companies,ə,4,4.8645,4.9196,0.0551,0.919,-12.3308,8.039,<pad>,0.136377,substitution,0.95,rule_based_v1
3a64ad5d24d0423faeda0d2713f5b9e7.wav,companies,n,5,4.9196,4.9748,0.0551,0.919,-10.4798,7.4711,ə,0.125897,substitution,0.95,rule_based_v1
3a64ad5d24d0423faeda0d2713f5b9e7.wav,companies,i,6,4.9748,5.0299,0.0551,0.689,-12.3293,9.5165,n,0.117963,substitution,0.95,rule_based_v1
3a64ad5d24d0423faeda0d2713f5b9e7.wav,companies,z,7,5.0299,5.085,0.0551,0.689,-12.1049,8.2326,<pad>,0.045672,substitution,0.95,rule_based_v1
3a64ad5d24d0423faeda0d2713f5b9e7.wav,are,ɑ,0,5.145,5.1783,0.0333,0.417,-16.7386,16.7385,<pad>,0.158704,substitution,0.95,rule_based_v1
3a64ad5d24d0423faeda0d2713f5b9e7.wav,are,ː,1,5.1783,5.2117,0.0333,0.417,-0.0009,0.0,<pad>,0.124616,correct,0.95,rule_based_v1
3a64ad5d24d0423faeda0d2713f5b9e7.wav,are,ɹ,2,5.2117,5.245,0.0333,0.417,-6.7889,6.7875,<pad>,0.130719,substitution,0.95,rule_based_v1
3a64ad5d24d0423faeda0d2713f5b9e7.wav,investing,ɪ,0,5.285,5.3425,0.0575,0.719,-13.9478,8.8206,<pad>,0.162685,substitution,0.95,rule_based_v1
3a64ad5d24d0423faeda0d2713f5b9e7.wav,investing,n,1,5.3425,5.4,0.0575,0.958,-7.7328,7.7202,<pad>,0.035272,substitution,0.95,rule_based_v1
3a64ad5d24d0423faeda0d2713f5b9e7.wav,investing,v,2,5.4,5.4575,0.0575,0.821,-7.051,1.2318,<pad>,0.177541,distortion,0.55,rule_based_v1
3a64ad5d24d0423faeda0d2713f5b9e7.wav,investing,ɛ,3,5.4575,5.515,0.0575,0.719,-5.3558,0.0577,<pad>,0.105124,correct,0.936,rule_based_v1
3a64ad5d24d0423faeda0d2713f5b9e7.wav,investing,s,4,5.515,5.5725,0.0575,0.575,-11.2797,11.2795,<pad>,0.040268,substitution,0.95,rule_based_v1
3a64ad5d24d0423faeda0d2713f5b9e7.wav,investing,t,5,5.5725,5.63,0.0575,0.958,-10.0764,10.0751,<pad>,0.051276,substitution,0.95,rule_based_v1
3a64ad5d24d0423faeda0d2713f5b9e7.wav,investing,ɪ,6,5.63,5.6875,0.0575,0.719,-12.1344,7.831,s,0.158185,substitution,0.95,rule_based_v1
3a64ad5d24d0423faeda0d2713f5b9e7.wav,investing,ŋ,7,5.6875,5.745,0.0575,0.821,-16.1814,16.1799,<pad>,0.129725,substitution,0.95,rule_based_v1
3a64ad5d24d0423faeda0d2713f5b9e7.wav,heavily,h,0,5.825,5.8917,0.0667,1.111,-10.7927,7.7539,<pad>,0.112999,substitution,0.95,rule_based_v1
3a64ad5d24d0423faeda0d2713f5b9e7.wav,heavily,ɛ,1,5.8917,5.9583,0.0667,0.833,-10.7115,10.7106,<pad>,0.145638,substitution,0.95,rule_based_v1
3a64ad5d24d0423faeda0d2713f5b9e7.wav,heavily,v,2,5.9583,6.025,0.0667,0.952,-7.7274,4.766,<pad>,0.078886,substitution,0.95,rule_based_v1
3a64ad5d24d0423faeda0d2713f5b9e7.wav,heavily,i,3,6.025,6.0917,0.0667,0.833,-12.4714,10.6331,<pad>,0.114959,substitution,0.95,rule_based_v1
3a64ad5d24d0423faeda0d2713f5b9e7.wav,heavily,l,4,6.0917,6.1583,0.0667,1.111,-6.7417,4.7956,<pad>,0.077506,substitution,0.95,rule_based_v1
3a64ad5d24d0423faeda0d2713f5b9e7.wav,heavily,i,5,6.1583,6.225,0.0667,0.833,-7.0005,4.5616,<pad>,0.06477,substitution,0.95,rule_based_v1
3a64ad5d24d0423faeda0d2713f5b9e7.wav,in,ɪ,0,6.285,6.325,0.04,0.5,-13.2792,13.2787,<pad>,0.122391,substitution,0.95,rule_based_v1
3a64ad5d24d0423faeda0d2713f5b9e7.wav,in,n,1,6.325,6.365,0.04,0.667,-1.7182,0.0,n,0.143217,correct,0.95,rule_based_v1
3a64ad5d24d0423faeda0d2713f5b9e7.wav,machine,m,0,6.405,6.4617,0.0567,0.81,-9.0074,5.567,<pad>,0.097188,substitution,0.95,rule_based_v1
3a64ad5d24d0423faeda0d2713f5b9e7.wav,machine,ə,1,6.4617,6.5183,0.0567,0.944,-10.4256,10.4254,<pad>,0.057928,substitution,0.95,rule_based_v1
3a64ad5d24d0423faeda0d2713f5b9e7.wav,machine,ʃ,2,6.5183,6.575,0.0567,0.567,-6.6211,1.6728,<pad>,0.054998,distortion,0.55,rule_based_v1
3a64ad5d24d0423faeda0d2713f5b9e7.wav,machine,i,3,6.575,6.6317,0.0567,0.708,-13.5065,13.5064,<pad>,0.089084,substitution,0.95,rule_based_v1
3a64ad5d24d0423faeda0d2713f5b9e7.wav,machine,ː,4,6.6317,6.6883,0.0567,0.708,-0.0002,0.0,<pad>,0.104021,correct,0.95,rule_based_v1
3a64ad5d24d0423faeda0d2713f5b9e7.wav,machine,n,5,6.6883,6.745,0.0567,0.944,-12.0767,7.4358,<pad>,0.147621,substitution,0.95,rule_based_v1
3a64ad5d24d0423faeda0d2713f5b9e7.wav,learning,l,0,6.785,6.8317,0.0467,0.778,-4.1771,0.6274,<pad>,0.166395,correct,0.793,rule_based_v1
3a64ad5d24d0423faeda0d2713f5b9e7.wav,learning,ɜ,1,6.8317,6.8783,0.0467,0.583,-13.2854,7.9171,<pad>,0.141431,substitution,0.95,rule_based_v1
3a64ad5d24d0423faeda0d2713f5b9e7.wav,learning,ː,2,6.8783,6.925,0.0467,0.583,-0.0001,0.0,<pad>,0.158059,correct,0.95,rule_based_v1
3a64ad5d24d0423faeda0d2713f5b9e7.wav,learning,n,3,6.925,6.9717,0.0467,0.778,-5.2672,3.5001,<pad>,0.135327,substitution,0.85,rule_based_v1
3a64ad5d24d0423faeda0d2713f5b9e7.wav,learning,ɪ,4,6.9717,7.0183,0.0467,0.583,-6.0175,1.8303,n,0.128757,distortion,0.55,rule_based_v1
3a64ad5d24d0423faeda0d2713f5b9e7.wav,learning,ŋ,5,7.0183,7.065,0.0467,0.667,-14.7221,14.7221,<pad>,0.133548,substitution,0.95,rule_based_v1
3a64ad5d24d0423faeda0d2713f5b9e7.wav,and,æ,0,7.165,7.1983,0.0333,0.37,-14.5016,14.5016,<pad>,0.108548,substitution,0.95,rule_based_v1
3a64ad5d24d0423faeda0d2713f5b9e7.wav,and,n,1,7.1983,7.2317,0.0333,0.556,-5.5487,5.5446,<pad>,0.154295,substitution,0.95,rule_based_v1
3a64ad5d24d0423faeda0d2713f5b9e7.wav,and,d,2,7.2317,7.265,0.0333,0.667,-8.1345,7.9739,n,0.110182,substitution,0.95,rule_based_v1
3a64ad5d24d0423faeda0d2713f5b9e7.wav,automation.,ɔ,0,7.345,7.401,0.056,0.7,-17.0341,17.034,<pad>,0.148803,substitution,0.95,rule_based_v1
3a64ad5d24d0423faeda0d2713f5b9e7.wav,automation.,ː,1,7.401,7.457,0.056,0.7,-0.0389,-3.4263,<pad>,0.125798,correct,0.95,rule_based_v1
3a64ad5d24d0423faeda0d2713f5b9e7.wav,automation.,ɾ,2,7.457,7.513,0.056,0.7,-7.6584,4.5691,<pad>,0.117807,substitution,0.95,rule_based_v1
3a64ad5d24d0423faeda0d2713f5b9e7.wav,automation.,ə,3,7.513,7.569,0.056,0.933,-9.1161,9.1156,<pad>,0.14518,substitution,0.95,rule_based_v1
3a64ad5d24d0423faeda0d2713f5b9e7.wav,automation.,m,4,7.569,7.625,0.056,0.8,-6.1164,0.5446,<pad>,0.11206,correct,0.814,rule_based_v1
3a64ad5d24d0423faeda0d2713f5b9e7.wav,automation.,e,5,7.625,7.681,0.056,0.7,-10.8509,6.5321,<pad>,0.095235,substitution,0.95,rule_based_v1
3a64ad5d24d0423faeda0d2713f5b9e7.wav,automation.,ɪ,6,7.681,7.737,0.056,0.7,-13.8257,13.8257,<pad>,0.06872,substitution,0.95,rule_based_v1
3a64ad5d24d0423faeda0d2713f5b9e7.wav,automation.,ʃ,7,7.737,7.793,0.056,0.56,-15.8458,15.8456,<pad>,0.052054,substitution,0.95,rule_based_v1
3a64ad5d24d0423faeda0d2713f5b9e7.wav,automation.,ə,8,7.793,7.849,0.056,0.933,-14.0496,14.0495,<pad>,0.042826,substitution,0.95,rule_based_v1
3a64ad5d24d0423faeda0d2713f5b9e7.wav,automation.,n,9,7.849,7.905,0.056,0.933,-11.7849,6.5466,<pad>,0.026409,substitution,0.95,rule_based_v1
3a64ad5d24d0423faeda0d2713f5b9e7.wav,"However,",h,0,8.886,8.9527,0.0667,1.111,-6.9077,3.241,<pad>,0.139451,substitution,0.824,rule_based_v1
3a64ad5d24d0423faeda0d2713f5b9e7.wav,"However,",a,1,8.9527,9.0193,0.0667,0.833,-13.8555,13.8555,<pad>,0.140835,substitution,0.95,rule_based_v1
3a64ad5d24d0423faeda0d2713f5b9e7.wav,"However,",ʊ,2,9.0193,9.086,0.0667,0.833,-12.1218,11.965,<pad>,0.248121,substitution,0.95,rule_based_v1
3a64ad5d24d0423faeda0d2713f5b9e7.wav,"However,",ɛ,3,9.086,9.1527,0.0667,0.833,-9.3315,6.0212,<pad>,0.166206,substitution,0.95,rule_based_v1
3a64ad5d24d0423faeda0d2713f5b9e7.wav,"However,",v,4,9.1527,9.2193,0.0667,0.952,-8.826,5.313,<pad>,0.089024,substitution,0.95,rule_based_v1
3a64ad5d24d0423faeda0d2713f5b9e7.wav,"However,",ɚ,5,9.2193,9.286,0.0667,0.833,-8.0474,5.4693,<pad>,0.11315,substitution,0.95,rule_based_v1
3a64ad5d24d0423faeda0d2713f5b9e7.wav,it,ɪ,0,9.546,9.576,0.03,0.375,-10.866,10.8659,<pad>,0.13967,substitution,0.95,rule_based_v1
3a64ad5d24d0423faeda0d2713f5b9e7.wav,it,t,1,9.576,9.606,0.03,0.5,-6.0892,6.0773,<pad>,0.044608,substitution,0.95,rule_based_v1
3a64ad5d24d0423faeda0d2713f5b9e7.wav,is,ɪ,0,9.666,9.716,0.05,0.625,-9.2,9.1955,<pad>,0.095232,substitution,0.95,rule_based_v1
3a64ad5d24d0423faeda0d2713f5b9e7.wav,is,z,1,9.716,9.766,0.05,0.625,-3.03,0.0,z,0.054759,correct,0.95,rule_based_v1
3a64ad5d24d0423faeda0d2713f5b9e7.wav,important,ɪ,0,9.826,9.868,0.042,0.525,-9.9558,9.6387,m,0.120922,substitution,0.95,rule_based_v1
3a64ad5d24d0423faeda0d2713f5b9e7.wav,important,m,1,9.868,9.91,0.042,0.6,-10.8969,10.8957,<pad>,0.00681,substitution,0.95,rule_based_v1
3a64ad5d24d0423faeda0d2713f5b9e7.wav,important,p,2,9.91,9.952,0.042,0.7,-6.0784,1.1732,<pad>,0.014344,distortion,0.55,rule_based_v1
3a64ad5d24d0423faeda0d2713f5b9e7.wav,important,ɔ,3,9.952,9.994,0.042,0.525,-8.8812,2.4608,<pad>,0.227263,distortion,0.546,rule_based_v1
3a64ad5d24d0423faeda0d2713f5b9e7.wav,important,ː,4,9.994,10.036,0.042,0.525,-0.0,0.0,<pad>,0.270097,correct,0.95,rule_based_v1
3a64ad5d24d0423faeda0d2713f5b9e7.wav,important,ɹ,5,10.036,10.078,0.042,0.525,-9.4954,9.4948,<pad>,0.086748,substitution,0.95,rule_based_v1
3a64ad5d24d0423faeda0d2713f5b9e7.wav,important,t,6,10.078,10.12,0.042,0.7,-4.436,4.4045,<pad>,0.002776,substitution,0.94,rule_based_v1
3a64ad5d24d0423faeda0d2713f5b9e7.wav,important,ə,7,10.12,10.162,0.042,0.7,-7.2805,5.2062,t,0.091535,substitution,0.95,rule_based_v1
3a64ad5d24d0423faeda0d2713f5b9e7.wav,important,n,8,10.162,10.204,0.042,0.7,-3.7041,0.0412,<pad>,0.122133,correct,0.94,rule_based_v1
3a64ad5d24d0423faeda0d2713f5b9e7.wav,important,t,9,10.204,10.246,0.042,0.7,-2.0775,0.1234,<pad>,0.048875,correct,0.919,rule_based_v1
3a64ad5d24d0423faeda0d2713f5b9e7.wav,to,t,0,10.286,10.3193,0.0333,0.556,-6.7034,6.7006,<pad>,0.051488,substitution,0.95,rule_based_v1
3a64ad5d24d0423faeda0d2713f5b9e7.wav,to,u,1,10.3193,10.3527,0.0333,0.417,-11.6893,11.6825,<pad>,0.14325,substitution,0.95,rule_based_v1
3a64ad5d24d0423faeda0d2713f5b9e7.wav,to,ː,2,10.3527,10.386,0.0333,0.417,-0.118,0.0,ə,0.103398,correct,0.95,rule_based_v1
3a64ad5d24d0423faeda0d2713f5b9e7.wav,use,j,0,10.526,10.556,0.03,0.6,-12.4733,12.4731,<pad>,0.094922,substitution,0.95,rule_based_v1
3a64ad5d24d0423faeda0d2713f5b9e7.wav,use,u,1,10.556,10.586,0.03,0.375,-10.2878,10.2876,<pad>,0.096421,substitution,0.95,rule_based_v1
3a64ad5d24d0423faeda0d2713f5b9e7.wav,use,ː,2,10.586,10.616,0.03,0.375,-0.0004,0.0,<pad>,0.054143,correct,0.95,rule_based_v1
3a64ad5d24d0423faeda0d2713f5b9e7.wav,use,s,3,10.616,10.646,0.03,0.3,-10.9836,10.9829,<pad>,0.039119,substitution,0.95,rule_based_v1
3a64ad5d24d0423faeda0d2713f5b9e7.wav,these,ð,0,10.706,10.746,0.04,0.667,-7.661,2.7531,<pad>,0.108858,distortion,0.575,rule_based_v1
3a64ad5d24d0423faeda0d2713f5b9e7.wav,these,i,1,10.746,10.786,0.04,0.5,-7.1377,2.6424,<pad>,0.160188,distortion,0.564,rule_based_v1
3a64ad5d24d0423faeda0d2713f5b9e7.wav,these,ː,2,10.786,10.826,0.04,0.5,-0.0021,0.0,<pad>,0.062128,correct,0.95,rule_based_v1
3a64ad5d24d0423faeda0d2713f5b9e7.wav,these,z,3,10.826,10.866,0.04,0.5,-4.5072,0.0,z,0.033994,correct,0.95,rule_based_v1
3a64ad5d24d0423faeda0d2713f5b9e7.wav,technologies,t,0,10.906,10.9628,0.0567,0.946,-4.2201,0.0,t,0.059596,correct,0.95,rule_based_v1
3a64ad5d24d0423faeda0d2713f5b9e7.wav,technologies,ɛ,1,10.9628,11.0195,0.0567,0.709,-5.0997,0.0,ɛ,0.130888,correct,0.95,rule_based_v1
3a64ad5d24d0423faeda0d2713f5b9e7.wav,technologies,k,2,11.0195,11.0762,0.0567,0.811,-11.9118,11.9118,<pad>,0.011478,substitution,0.95,rule_based_v1
3a64ad5d24d0423faeda0d2713f5b9e7.wav,technologies,n,3,11.0762,11.133,0.0567,0.946,-12.8596,12.8595,<pad>,0.07234,substitution,0.95,rule_based_v1
3a64ad5d24d0423faeda0d2713f5b9e7.wav,technologies,ɑ,4,11.133,11.1898,0.0567,0.709,-13.676,9.9654,<pad>,0.15033,substitution,0.95,rule_based_v1
3a64ad5d24d0423faeda0d2713f5b9e7.wav,technologies,ː,5,11.1898,11.2465,0.0567,0.709,-0.0103,-2.4359,n,0.138472,correct,0.95,rule_based_v1
3a64ad5d24d0423faeda0d2713f5b9e7.wav,technologies,l,6,11.2465,11.3032,0.0567,0.946,-8.4976,6.0668,<pad>,0.089583,substitution,0.95,rule_based_v1
3a64ad5d24d0423faeda0d2713f5b9e7.wav,technologies,ə,7,11.3032,11.36,0.0567,0.946,-12.7837,12.7694,<pad>,0.127835,substitution,0.95,rule_based_v1
3a64ad5d24d0423faeda0d2713f5b9e7.wav,technologies,d,8,11.36,11.4167,0.0567,1.135,-12.9324,12.9319,<pad>,0.038437,substitution,0.95,rule_based_v1
3a64ad5d24d0423faeda0d2713f5b9e7.wav,technologies,ʒ,9,11.4168,11.4735,0.0567,0.709,-16.2618,12.1232,<pad>,0.067094,substitution,0.95,rule_based_v1
3a64ad5d24d0423faeda0d2713f5b9e7.wav,technologies,i,10,11.4735,11.5302,0.0567,0.709,-10.9419,7.4224,<pad>,0.095362,substitution,0.95,rule_based_v1
3a64ad5d24d0423faeda0d2713f5b9e7.wav,technologies,z,11,11.5302,11.587,0.0567,0.709,-13.6418,13.6412,<pad>,0.042963,substitution,0.95,rule_based_v1
3a64ad5d24d0423faeda0d2713f5b9e7.wav,responsible.,ɹ,0,11.647,11.7003,0.0533,0.667,-3.8922,0.0,ɹ,0.128916,correct,0.95,rule_based_v1
3a64ad5d24d0423faeda0d2713f5b9e7.wav,responsible.,ᵻ,1,11.7003,11.7537,0.0533,0.667,-14.5357,14.5356,<pad>,0.048671,substitution,0.95,rule_based_v1
3a64ad5d24d0423faeda0d2713f5b9e7.wav,responsible.,s,2,11.7537,11.807,0.0533,0.533,-3.4007,0.0,s,0.02271,correct,0.95,rule_based_v1
3a64ad5d24d0423faeda0d2713f5b9e7.wav,responsible.,p,3,11.807,11.8603,0.0533,0.889,-11.5526,11.5523,<pad>,0.125668,substitution,0.95,rule_based_v1
3a64ad5d24d0423faeda0d2713f5b9e7.wav,responsible.,ɑ,4,11.8603,11.9137,0.0533,0.667,-15.6939,11.2409,<pad>,0.146606,substitution,0.95,rule_based_v1
3a64ad5d24d0423faeda0d2713f5b9e7.wav,responsible.,ː,5,11.9137,11.967,0.0533,0.667,-0.3068,-4.0622,<pad>,0.103295,correct,0.95,rule_based_v1
3a64ad5d24d0423faeda0d2713f5b9e7.wav,responsible.,n,6,11.967,12.0203,0.0533,0.889,-12.9814,12.9814,<pad>,0.050794,substitution,0.95,rule_based_v1
3a64ad5d24d0423faeda0d2713f5b9e7.wav,responsible.,s,7,12.0203,12.0737,0.0533,0.533,-14.5177,14.5174,<pad>,0.045874,substitution,0.95,rule_based_v1
3a64ad5d24d0423faeda0d2713f5b9e7.wav,responsible.,ᵻ,8,12.0737,12.127,0.0533,0.667,-15.1988,12.8888,n,0.083923,substitution,0.95,rule_based_v1
3a64ad5d24d0423faeda0d2713f5b9e7.wav,responsible.,b,9,12.127,12.1803,0.0533,1.067,-13.1993,13.1631,s,0.028117,substitution,0.95,rule_based_v1
3a64ad5d24d0423faeda0d2713f5b9e7.wav,responsible.,ə,10,12.1803,12.2337,0.0533,0.889,-8.7172,8.7161,<pad>,0.0416,substitution,0.95,rule_based_v1
3a64ad5d24d0423faeda0d2713f5b9e7.wav,responsible.,l,11,12.2337,12.287,0.0533,0.889,-10.4537,6.7684,<pad>,0.020855,substitution,0.95,rule_based_v1
3a64ad5d24d0423faeda0d2713f5b9e7.wav,Sometimes,s,0,13.367,13.422,0.055,0.55,-8.163,8.1627,<pad>,0.147753,substitution,0.95,rule_based_v1
3a64ad5d24d0423faeda0d2713f5b9e7.wav,Sometimes,ʌ,1,13.422,13.477,0.055,0.786,-7.1227,2.9805,<pad>,0.205692,distortion,0.598,rule_based_v1
3a64ad5d24d0423faeda0d2713f5b9e7.wav,Sometimes,m,2,13.477,13.532,0.055,0.786,-11.9274,11.9274,<pad>,0.254471,substitution,0.95,rule_based_v1
3a64ad5d24d0423faeda0d2713f5b9e7.wav,Sometimes,t,3,13.532,13.587,0.055,0.917,-9.7405,8.0015,m,0.076245,substitution,0.95,rule_based_v1
3a64ad5d24d0423faeda0d2713f5b9e7.wav,Sometimes,a,4,13.587,13.642,0.055,0.687,-9.8079,6.5504,t,0.24028,substitution,0.95,rule_based_v1
3a64ad5d24d0423faeda0d2713f5b9e7.wav,Sometimes,ɪ,5,13.642,13.697,0.055,0.687,-12.853,12.8518,<pad>,0.169553,substitution,0.95,rule_based_v1
3a64ad5d24d0423faeda0d2713f5b9e7.wav,Sometimes,m,6,13.697,13.752,0.055,0.786,-10.9633,6.0101,<pad>,0.136329,substitution,0.95,rule_based_v1
3a64ad5d24d0423faeda0d2713f5b9e7.wav,Sometimes,z,7,13.752,13.807,0.055,0.687,-17.3522,17.3522,<pad>,0.045587,substitution,0.95,rule_based_v1
3a64ad5d24d0423faeda0d2713f5b9e7.wav,people's,p,0,13.867,13.9127,0.0457,0.762,-2.7982,0.0,p,0.072567,correct,0.95,rule_based_v1
3a64ad5d24d0423faeda0d2713f5b9e7.wav,people's,i,1,13.9127,13.9584,0.0457,0.571,-6.654,1.6625,<pad>,0.122954,distortion,0.55,rule_based_v1
3a64ad5d24d0423faeda0d2713f5b9e7.wav,people's,ː,2,13.9584,14.0041,0.0457,0.571,-0.0,0.0,<pad>,0.06255,correct,0.95,rule_based_v1
3a64ad5d24d0423faeda0d2713f5b9e7.wav,people's,p,3,14.0041,14.0499,0.0457,0.762,-12.2005,12.2005,<pad>,0.014001,substitution,0.95,rule_based_v1
3a64ad5d24d0423faeda0d2713f5b9e7.wav,people's,ə,4,14.0499,14.0956,0.0457,0.762,-9.7042,5.2457,p,0.140937,substitution,0.95,rule_based_v1
3a64ad5d24d0423faeda0d2713f5b9e7.wav,people's,l,5,14.0956,14.1413,0.0457,0.762,-5.9034,1.8162,<pad>,0.114585,distortion,0.55,rule_based_v1
3a64ad5d24d0423faeda0d2713f5b9e7.wav,people's,z,6,14.1413,14.187,0.0457,0.571,-9.4581,9.4408,<pad>,0.03044,substitution,0.95,rule_based_v1
3a64ad5d24d0423faeda0d2713f5b9e7.wav,depends,d,0,14.227,14.2757,0.0487,0.974,-3.6341,0.0,d,0.124953,correct,0.95,rule_based_v1
3a64ad5d24d0423faeda0d2713f5b9e7.wav,depends,ᵻ,1,14.2757,14.3244,0.0487,0.609,-14.9954,14.9953,<pad>,0.072497,substitution,0.95,rule_based_v1
3a64ad5d24d0423faeda0d2713f5b9e7.wav,depends,p,2,14.3244,14.3731,0.0487,0.812,-11.2283,11.2282,<pad>,0.01968,substitution,0.95,rule_based_v1
3a64ad5d24d0423faeda0d2713f5b9e7.wav,depends,ɛ,3,14.3731,14.4219,0.0487,0.609,-11.6551,6.2728,<pad>,0.147845,substitution,0.95,rule_based_v1
3a64ad5d24d0423faeda0d2713f5b9e7.wav,depends,n,4,14.4219,14.4706,0.0487,0.812,-10.2478,5.7896,ɛ,0.17088,substitution,0.95,rule_based_v1
3a64ad5d24d0423faeda0d2713f5b9e7.wav,depends,d,5,14.4706,14.5193,0.0487,0.974,-14.004,14.0038,<pad>,0.155673,substitution,0.95,rule_based_v1
3a64ad5d24d0423faeda0d2713f5b9e7.wav,depends,z,6,14.5193,14.568,0.0487,0.609,-10.5643,9.8924,n,0.036025,substitution,0.95,rule_based_v1
3a64ad5d24d0423faeda0d2713f5b9e7.wav,too,t,0,14.628,14.6747,0.0467,0.778,-4.6668,0.0,t,0.039644,correct,0.95,rule_based_v1
3a64ad5d24d0423faeda0d2713f5b9e7.wav,too,u,1,14.6747,14.7213,0.0467,0.583,-6.8609,2.5829,<pad>,0.139593,distortion,0.558,rule_based_v1
3a64ad5d24d0423faeda0d2713f5b9e7.wav,too,ː,2,14.7213,14.768,0.0467,0.583,-0.0001,0.0,<pad>,0.158464,correct,0.95,rule_based_v1
3a64ad5d24d0423faeda0d2713f5b9e7.wav,much,m,0,14.808,14.848,0.04,0.571,-4.895,0.0,m,0.160222,correct,0.95,rule_based_v1
3a64ad5d24d0423faeda0d2713f5b9e7.wav,much,ʌ,1,14.848,14.888,0.04,0.571,-14.0204,14.0203,<pad>,0.133534,substitution,0.95,rule_based_v1
3a64ad5d24d0423faeda0d2713f5b9e7.wav,much,t,2,14.888,14.928,0.04,0.667,-6.1395,6.1362,<pad>,0.024217,substitution,0.95,rule_based_v1
3a64ad5d24d0423faeda0d2713f5b9e7.wav,much,ʃ,3,14.928,14.968,0.04,0.4,-8.6824,3.4569,<pad>,0.040656,substitution,0.846,rule_based_v1
3a64ad5d24d0423faeda0d2713f5b9e7.wav,on,ɔ,0,15.048,15.088,0.04,0.5,-15.7374,15.7373,<pad>,0.124633,substitution,0.95,rule_based_v1
3a64ad5d24d0423faeda0d2713f5b9e7.wav,on,n,1,15.088,15.128,0.04,0.667,-2.9223,0.0,n,0.159032,correct,0.95,rule_based_v1
3a64ad5d24d0423faeda0d2713f5b9e7.wav,AI,e,0,15.188,15.273,0.085,1.062,-11.2722,9.3758,<pad>,0.106071,substitution,0.95,rule_based_v1
3a64ad5d24d0423faeda0d2713f5b9e7.wav,AI,ɪ,1,15.273,15.358,0.085,1.062,-12.5559,12.5555,<pad>,0.126412,substitution,0.95,rule_based_v1
3a64ad5d24d0423faeda0d2713f5b9e7.wav,AI,a,2,15.358,15.443,0.085,1.062,-11.3549,9.5009,<pad>,0.149248,substitution,0.95,rule_based_v1
3a64ad5d24d0423faeda0d2713f5b9e7.wav,AI,ɪ,3,15.443,15.528,0.085,1.062,-15.481,15.4809,<pad>,0.085342,substitution,0.95,rule_based_v1
3a64ad5d24d0423faeda0d2713f5b9e7.wav,without,w,0,15.588,15.6313,0.0433,0.867,-3.2781,0.5773,<pad>,0.088087,correct,0.806,rule_based_v1
3a64ad5d24d0423faeda0d2713f5b9e7.wav,without,ɪ,1,15.6313,15.6747,0.0433,0.542,-5.3996,1.2028,<pad>,0.073973,distortion,0.55,rule_based_v1
3a64ad5d24d0423faeda0d2713f5b9e7.wav,without,ð,2,15.6747,15.718,0.0433,0.722,-7.6144,2.43,<pad>,0.128424,distortion,0.543,rule_based_v1
3a64ad5d24d0423faeda0d2713f5b9e7.wav,without,a,3,15.718,15.7613,0.0433,0.542,-7.1626,2.4288,<pad>,0.168927,distortion,0.543,rule_based_v1
3a64ad5d24d0423faeda0d2713f5b9e7.wav,without,ʊ,4,15.7613,15.8047,0.0433,0.542,-14.1957,14.1954,<pad>,0.123226,substitution,0.95,rule_based_v1
3a64ad5d24d0423faeda0d2713f5b9e7.wav,without,t,5,15.8047,15.848,0.0433,0.722,-3.3391,3.02,<pad>,0.009383,substitution,0.802,rule_based_v1
3a64ad5d24d0423faeda0d2713f5b9e7.wav,checking,t,0,15.888,15.938,0.05,0.833,-7.6126,3.8128,<pad>,0.066372,substitution,0.881,rule_based_v1
3a64ad5d24d0423faeda0d2713f5b9e7.wav,checking,ʃ,1,15.938,15.988,0.05,0.5,-9.3569,4.3248,ɛ,0.15704,substitution,0.932,rule_based_v1
3a64ad5d24d0423faeda0d2713f5b9e7.wav,checking,ɛ,2,15.988,16.038,0.05,0.625,-13.7814,13.7814,<pad>,0.050164,substitution,0.95,rule_based_v1
3a64ad5d24d0423faeda0d2713f5b9e7.wav,checking,k,3,16.038,16.088,0.05,0.714,-9.642,9.6418,<pad>,0.033579,substitution,0.95,rule_based_v1
3a64ad5d24d0423faeda0d2713f5b9e7.wav,checking,ɪ,4,16.088,16.138,0.05,0.625,-8.3676,3.7393,k,0.117316,substitution,0.874,rule_based_v1
3a64ad5d24d0423faeda0d2713f5b9e7.wav,checking,ŋ,5,16.138,16.188,0.05,0.714,-10.9764,8.3066,<pad>,0.132774,substitution,0.95,rule_based_v1
3a64ad5d24d0423faeda0d2713f5b9e7.wav,the,ð,0,16.228,16.278,0.05,0.833,-4.5587,0.0,ð,0.14237,correct,0.95,rule_based_v1
3a64ad5d24d0423faeda0d2713f5b9e7.wav,the,ə,1,16.278,16.328,0.05,0.833,-11.6951,11.6906,<pad>,0.16414,substitution,0.95,rule_based_v1
3a64ad5d24d0423faeda0d2713f5b9e7.wav,information,ɪ,0,16.368,16.422,0.054,0.675,-12.2163,10.2861,<pad>,0.111685,substitution,0.95,rule_based_v1
3a64ad5d24d0423faeda0d2713f5b9e7.wav,information,n,1,16.422,16.476,0.054,0.9,-4.6686,2.1678,<pad>,0.01137,distortion,0.617,rule_based_v1
3a64ad5d24d0423faeda0d2713f5b9e7.wav,information,f,2,16.476,16.53,0.054,0.6,-3.2838,0.0,f,0.104594,correct,0.95,rule_based_v1
3a64ad5d24d0423faeda0d2713f5b9e7.wav,information,ɚ,3,16.53,16.584,0.054,0.675,-3.6654,0.1717,ɹ,0.130418,correct,0.907,rule_based_v1
3a64ad5d24d0423faeda0d2713f5b9e7.wav,information,m,4,16.584,16.638,0.054,0.771,-11.5508,11.5496,<pad>,0.140854,substitution,0.95,rule_based_v1
3a64ad5d24d0423faeda0d2713f5b9e7.wav,information,e,5,16.638,16.692,0.054,0.675,-14.4157,13.6385,<pad>,0.117795,substitution,0.95,rule_based_v1
3a64ad5d24d0423faeda0d2713f5b9e7.wav,information,ɪ,6,16.692,16.746,0.054,0.675,-14.1372,9.2534,<pad>,0.074534,substitution,0.95,rule_based_v1
3a64ad5d24d0423faeda0d2713f5b9e7.wav,information,ʃ,7,16.746,16.8,0.054,0.54,-13.8055,9.2002,<pad>,0.060126,substitution,0.95,rule_based_v1
3a64ad5d24d0423faeda0d2713f5b9e7.wav,information,ə,8,16.8,16.854,0.054,0.9,-13.5464,13.546,<pad>,0.112764,substitution,0.95,rule_based_v1
3a64ad5d24d0423faeda0d2713f5b9e7.wav,information,n,9,16.854,16.908,0.054,0.9,-11.893,11.8929,<pad>,0.150604,substitution,0.95,rule_based_v1
3a64ad5d24d0423faeda0d2713f5b9e7.wav,carefully.,k,0,16.968,17.028,0.06,0.857,-9.9355,6.452,<pad>,0.05504,substitution,0.95,rule_based_v1
3a64ad5d24d0423faeda0d2713f5b9e7.wav,carefully.,ɛ,1,17.028,17.088,0.06,0.75,-9.748,6.8284,<pad>,0.169441,substitution,0.95,rule_based_v1
3a64ad5d24d0423faeda0d2713f5b9e7.wav,carefully.,ɹ,2,17.088,17.148,0.06,0.75,-4.974,4.9508,<pad>,0.100198,substitution,0.95,rule_based_v1
3a64ad5d24d0423faeda0d2713f5b9e7.wav,carefully.,f,3,17.148,17.208,0.06,0.667,-8.1007,4.7402,<pad>,0.007997,substitution,0.95,rule_based_v1
3a64ad5d24d0423faeda0d2713f5b9e7.wav,carefully.,ə,4,17.208,17.268,0.06,1.0,-8.6865,6.672,<pad>,0.080712,substitution,0.95,rule_based_v1
3a64ad5d24d0423faeda0d2713f5b9e7.wav,carefully.,l,5,17.268,17.328,0.06,1.0,-7.9077,4.2386,<pad>,0.056467,substitution,0.924,rule_based_v1
3a64ad5d24d0423faeda0d2713f5b9e7.wav,carefully.,i,6,17.328,17.388,0.06,0.75,-7.8545,7.622,<pad>,0.02937,substitution,0.95,rule_based_v1
3a64ad5d24d0423faeda0d2713f5b9e7.wav,I,a,0,18.489,18.519,0.03,0.375,-13.1527,13.1526,<pad>,0.164085,substitution,0.95,rule_based_v1
3a64ad5d24d0423faeda0d2713f5b9e7.wav,I,ɪ,1,18.519,18.549,0.03,0.375,-9.9985,9.9979,<pad>,0.114758,substitution,0.95,rule_based_v1
3a64ad5d24d0423faeda0d2713f5b9e7.wav,believe,b,0,18.589,18.639,0.05,1.0,-5.2145,0.0,b,0.155933,correct,0.95,rule_based_v1
3a64ad5d24d0423faeda0d2713f5b9e7.wav,believe,ᵻ,1,18.639,18.689,0.05,0.625,-6.9549,4.0589,<pad>,0.09515,substitution,0.906,rule_based_v1
3a64ad5d24d0423faeda0d2713f5b9e7.wav,believe,l,2,18.689,18.739,0.05,0.833,-5.28,3.6097,<pad>,0.146545,substitution,0.861,rule_based_v1
3a64ad5d24d0423faeda0d2713f5b9e7.wav,believe,i,3,18.739,18.789,0.05,0.625,-12.8169,10.6465,<pad>,0.179989,substitution,0.95,rule_based_v1
3a64ad5d24d0423faeda0d2713f5b9e7.wav,believe,ː,4,18.789,18.839,0.05,0.625,-0.0768,-4.1409,<pad>,0.16714,correct,0.95,rule_based_v1
3a64ad5d24d0423faeda0d2713f5b9e7.wav,believe,v,5,18.839,18.889,0.05,0.714,-16.348,16.348,<pad>,0.054905,substitution,0.95,rule_based_v1
3a64ad5d24d0423faeda0d2713f5b9e7.wav,that,ð,0,18.929,18.9757,0.0467,0.778,-4.1446,0.0517,<pad>,0.085861,correct,0.937,rule_based_v1
3a64ad5d24d0423faeda0d2713f5b9e7.wav,that,æ,1,18.9757,19.0223,0.0467,0.519,-7.4994,4.4608,<pad>,0.158881,substitution,0.946,rule_based_v1
3a64ad5d24d0423faeda0d2713f5b9e7.wav,that,t,2,19.0223,19.069,0.0467,0.778,-3.5267,0.9618,<pad>,0.140306,correct,0.71,rule_based_v1
3a64ad5d24d0423faeda0d2713f5b9e7.wav,AI,e,0,19.109,19.174,0.065,0.812,-11.8925,11.8923,<pad>,0.150325,substitution,0.95,rule_based_v1
3a64ad5d24d0423faeda0d2713f5b9e7.wav,AI,ɪ,1,19.174,19.239,0.065,0.812,-10.7727,10.7717,<pad>,0.15673,substitution,0.95,rule_based_v1
3a64ad5d24d0423faeda0d2713f5b9e7.wav,AI,a,2,19.239,19.304,0.065,0.812,-10.9918,7.5912,<pad>,0.155954,substitution,0.95,rule_based_v1
3a64ad5d24d0423faeda0d2713f5b9e7.wav,AI,ɪ,3,19.304,19.369,0.065,0.812,-14.2485,14.2482,<pad>,0.121356,substitution,0.95,rule_based_v1
3a64ad5d24d0423faeda0d2713f5b9e7.wav,should,ʃ,0,19.409,19.469,0.06,0.6,-5.032,2.4047,<pad>,0.059778,distortion,0.54,rule_based_v1
3a64ad5d24d0423faeda0d2713f5b9e7.wav,should,ʊ,1,19.469,19.529,0.06,0.75,-8.3583,6.1439,<pad>,0.114939,substitution,0.95,rule_based_v1
3a64ad5d24d0423faeda0d2713f5b9e7.wav,should,d,2,19.529,19.589,0.06,1.2,-2.3731,0.2523,<pad>,0.091386,correct,0.887,rule_based_v1
3a64ad5d24d0423faeda0d2713f5b9e7.wav,assist,ɐ,0,19.629,19.689,0.06,0.75,-10.6543,8.412,<pad>,0.050402,substitution,0.95,rule_based_v1
3a64ad5d24d0423faeda0d2713f5b9e7.wav,assist,s,1,19.689,19.749,0.06,0.6,-1.5784,0.4573,<pad>,0.047973,correct,0.836,rule_based_v1
3a64ad5d24d0423faeda0d2713f5b9e7.wav,assist,ɪ,2,19.749,19.809,0.06,0.75,-7.8518,4.1498,<pad>,0.129763,substitution,0.915,rule_based_v1
3a64ad5d24d0423faeda0d2713f5b9e7.wav,assist,s,3,19.809,19.869,0.06,0.6,-5.9605,3.2141,<pad>,0.069879,substitution,0.821,rule_based_v1
3a64ad5d24d0423faeda0d2713f5b9e7.wav,assist,t,4,19.869,19.929,0.06,1.0,-4.6716,1.6821,<pad>,0.01807,distortion,0.568,rule_based_v1
3a64ad5d24d0423faeda0d2713f5b9e7.wav,humans,h,0,19.969,20.0165,0.0475,0.792,-1.1732,0.0,h,0.051603,correct,0.95,rule_based_v1
3a64ad5d24d0423faeda0d2713f5b9e7.wav,humans,j,1,20.0165,20.064,0.0475,0.95,-3.3936,0.0,j,0.131835,correct,0.95,rule_based_v1
3a64ad5d24d0423faeda0d2713f5b9e7.wav,humans,u,2,20.064,20.1115,0.0475,0.594,-9.0874,9.0867,<pad>,0.1304,substitution,0.95,rule_based_v1
3a64ad5d24d0423faeda0d2713f5b9e7.wav,humans,ː,3,20.1115,20.159,0.0475,0.594,-0.0006,0.0,<pad>,0.164469,correct,0.95,rule_based_v1
3a64ad5d24d0423faeda0d2713f5b9e7.wav,humans,m,4,20.159,20.2065,0.0475,0.679,-5.9085,0.9663,<pad>,0.152374,correct,0.708,rule_based_v1
3a64ad5d24d0423faeda0d2713f5b9e7.wav,humans,ə,5,20.2065,20.254,0.0475,0.792,-5.1687,1.4529,<pad>,0.121022,distortion,0.55,rule_based_v1
3a64ad5d24d0423faeda0d2713f5b9e7.wav,humans,n,6,20.254,20.3015,0.0475,0.792,-10.085,10.0849,<pad>,0.08697,substitution,0.95,rule_based_v1
3a64ad5d24d0423faeda0d2713f5b9e7.wav,humans,z,7,20.3015,20.349,0.0475,0.594,-12.9641,10.0492,n,0.032383,substitution,0.95,rule_based_v1
3a64ad5d24d0423faeda0d2713f5b9e7.wav,instead,ɪ,0,20.429,20.4757,0.0467,0.583,-13.5632,9.1055,<pad>,0.115406,substitution,0.95,rule_based_v1
3a64ad5d24d0423faeda0d2713f5b9e7.wav,instead,n,1,20.4757,20.5223,0.0467,0.778,-6.6066,6.5105,<pad>,0.037831,substitution,0.95,rule_based_v1
3a64ad5d24d0423faeda0d2713f5b9e7.wav,instead,s,2,20.5223,20.569,0.0467,0.467,-2.9519,0.0,s,0.029282,correct,0.95,rule_based_v1
3a64ad5d24d0423faeda0d2713f5b9e7.wav,instead,t,3,20.569,20.6157,0.0467,0.778,-7.2672,7.2662,<pad>,0.078251,substitution,0.95,rule_based_v1
3a64ad5d24d0423faeda0d2713f5b9e7.wav,instead,ɛ,4,20.6157,20.6623,0.0467,0.583,-10.6919,7.3058,<pad>,0.169992,substitution,0.95,rule_based_v1
3a64ad5d24d0423faeda0d2713f5b9e7.wav,instead,d,5,20.6623,20.709,0.0467,0.933,-9.5534,4.6254,<pad>,0.080347,substitution,0.95,rule_based_v1
3a64ad5d24d0423faeda0d2713f5b9e7.wav,of,ʌ,0,20.749,20.7795,0.0305,0.436,-11.3755,11.3749,<pad>,0.043908,substitution,0.95,rule_based_v1
3a64ad5d24d0423faeda0d2713f5b9e7.wav,of,v,1,20.7795,20.81,0.0305,0.436,-8.2278,8.2274,<pad>,0.034223,substitution,0.95,rule_based_v1
3a64ad5d24d0423faeda0d2713f5b9e7.wav,replacing,ɹ,0,20.85,20.9011,0.0511,0.639,-7.2102,5.0712,<pad>,0.115314,substitution,0.95,rule_based_v1
3a64ad5d24d0423faeda0d2713f5b9e7.wav,replacing,ᵻ,1,20.9011,20.9522,0.0511,0.639,-14.5053,14.5052,<pad>,0.017933,substitution,0.95,rule_based_v1
3a64ad5d24d0423faeda0d2713f5b9e7.wav,replacing,p,2,20.9522,21.0033,0.0511,0.852,-11.3189,11.3188,<pad>,0.014029,substitution,0.95,rule_based_v1
3a64ad5d24d0423faeda0d2713f5b9e7.wav,replacing,l,3,21.0033,21.0544,0.0511,0.852,-8.2116,3.7567,p,0.107171,substitution,0.876,rule_based_v1
3a64ad5d24d0423faeda0d2713f5b9e7.wav,replacing,e,4,21.0544,21.1056,0.0511,0.639,-12.3797,12.1767,l,0.143434,substitution,0.95,rule_based_v1
3a64ad5d24d0423faeda0d2713f5b9e7.wav,replacing,ɪ,5,21.1056,21.1567,0.0511,0.639,-10.3065,6.5901,<pad>,0.064496,substitution,0.95,rule_based_v1
3a64ad5d24d0423faeda0d2713f5b9e7.wav,replacing,s,6,21.1567,21.2078,0.0511,0.511,-12.6902,12.6897,<pad>,0.041704,substitution,0.95,rule_based_v1
3a64ad5d24d0423faeda0d2713f5b9e7.wav,replacing,ɪ,7,21.2078,21.2589,0.0511,0.639,-12.7682,12.7681,<pad>,0.136623,substitution,0.95,rule_based_v1
3a64ad5d24d0423faeda0d2713f5b9e7.wav,replacing,ŋ,8,21.2589,21.31,0.0511,0.73,-13.0785,10.0066,s,0.161879,substitution,0.95,rule_based_v1
3a64ad5d24d0423faeda0d2713f5b9e7.wav,them,ð,0,21.35,21.39,0.04,0.667,-6.8933,3.6783,<pad>,0.12037,substitution,0.868,rule_based_v1
3a64ad5d24d0423faeda0d2713f5b9e7.wav,them,ɛ,1,21.39,21.43,0.04,0.5,-15.4949,15.4948,<pad>,0.119423,substitution,0.95,rule_based_v1
3a64ad5d24d0423faeda0d2713f5b9e7.wav,them,m,2,21.43,21.47,0.04,0.571,-4.6572,0.4773,<pad>,0.051966,correct,0.831,rule_based_v1
3a64ad5d24d0423faeda0d2713f5b9e7.wav,completely.,k,0,21.51,21.562,0.052,0.743,-9.0468,9.0443,<pad>,0.112766,substitution,0.95,rule_based_v1
3a64ad5d24d0423faeda0d2713f5b9e7.wav,completely.,ə,1,21.562,21.614,0.052,0.867,-6.9054,3.3955,<pad>,0.142227,substitution,0.84,rule_based_v1
3a64ad5d24d0423faeda0d2713f5b9e7.wav,completely.,m,2,21.614,21.666,0.052,0.743,-0.9461,0.0,m,0.020769,correct,0.95,rule_based_v1
3a64ad5d24d0423faeda0d2713f5b9e7.wav,completely.,p,3,21.666,21.718,0.052,0.867,-6.299,2.4153,<pad>,0.010232,distortion,0.642,rule_based_v1
3a64ad5d24d0423faeda0d2713f5b9e7.wav,completely.,l,4,21.718,21.77,0.052,0.867,-10.4189,10.4187,<pad>,0.107296,substitution,0.95,rule_based_v1
3a64ad5d24d0423faeda0d2713f5b9e7.wav,completely.,i,5,21.77,21.822,0.052,0.65,-11.4461,11.2516,l,0.103468,substitution,0.95,rule_based_v1
3a64ad5d24d0423faeda0d2713f5b9e7.wav,completely.,ː,6,21.822,21.874,0.052,0.65,-0.173,-4.427,<pad>,0.039576,correct,0.95,rule_based_v1
3a64ad5d24d0423faeda0d2713f5b9e7.wav,completely.,t,7,21.874,21.926,0.052,0.867,-13.4217,13.4217,<pad>,0.038652,substitution,0.95,rule_based_v1
3a64ad5d24d0423faeda0d2713f5b9e7.wav,completely.,l,8,21.926,21.978,0.052,0.867,-12.6803,12.68,<pad>,0.061389,substitution,0.95,rule_based_v1
3a64ad5d24d0423faeda0d2713f5b9e7.wav,completely.,i,9,21.978,22.03,0.052,0.65,-10.122,7.6799,t,0.032385,substitution,0.95,rule_based_v1
4898b655593c4787b1353f604ed63014.wav,Artificial,ɑ,0,0.263,0.319,0.056,0.7,-15.9976,15.9975,<pad>,0.241497,substitution,0.95,rule_based_v1
4898b655593c4787b1353f604ed63014.wav,Artificial,ː,1,0.319,0.375,0.056,0.7,-0.0016,0.0,<pad>,0.126847,correct,0.95,rule_based_v1
4898b655593c4787b1353f604ed63014.wav,Artificial,ɹ,2,0.375,0.431,0.056,0.7,-6.6197,3.4495,<pad>,0.183146,substitution,0.845,rule_based_v1
4898b655593c4787b1353f604ed63014.wav,Artificial,ɾ,3,0.431,0.487,0.056,0.7,-6.4607,2.8236,<pad>,0.101662,distortion,0.582,rule_based_v1
4898b655593c4787b1353f604ed63014.wav,Artificial,ɪ,4,0.487,0.543,0.056,0.7,-8.7284,8.7276,<pad>,0.00511,substitution,0.95,rule_based_v1
4898b655593c4787b1353f604ed63014.wav,Artificial,f,5,0.543,0.599,0.056,0.622,-8.5258,8.5242,<pad>,0.178918,substitution,0.95,rule_based_v1
4898b655593c4787b1353f604ed63014.wav,Artificial,ɪ,6,0.599,0.655,0.056,0.7,-14.0262,9.8346,<pad>,0.102016,substitution,0.95,rule_based_v1
4898b655593c4787b1353f604ed63014.wav,Artificial,ʃ,7,0.655,0.711,0.056,0.56,-11.3077,6.1108,<pad>,0.061372,substitution,0.95,rule_based_v1
4898b655593c4787b1353f604ed63014.wav,Artificial,ə,8,0.711,0.767,0.056,0.933,-14.3495,14.3494,<pad>,0.11931,substitution,0.95,rule_based_v1
4898b655593c4787b1353f604ed63014.wav,Artificial,l,9,0.767,0.823,0.056,0.933,-12.351,12.3509,<pad>,0.130515,substitution,0.95,rule_based_v1
4898b655593c4787b1353f604ed63014.wav,intelligence,ɪ,0,0.883,0.9375,0.0545,0.682,-13.465,8.9068,<pad>,0.15554,substitution,0.95,rule_based_v1
4898b655593c4787b1353f604ed63014.wav,intelligence,n,1,0.9375,0.9921,0.0545,0.909,-8.9479,8.9452,<pad>,0.02789,substitution,0.95,rule_based_v1
4898b655593c4787b1353f604ed63014.wav,intelligence,t,2,0.9921,1.0466,0.0545,0.909,-5.1057,1.1773,<pad>,0.086164,distortion,0.55,rule_based_v1
4898b655593c4787b1353f604ed63014.wav,intelligence,ɛ,3,1.0466,1.1012,0.0545,0.682,-9.3012,9.2997,<pad>,0.176803,substitution,0.95,rule_based_v1
4898b655593c4787b1353f604ed63014.wav,intelligence,l,4,1.1012,1.1557,0.0545,0.909,-11.4998,5.6696,<pad>,0.097524,substitution,0.95,rule_based_v1
4898b655593c4787b1353f604ed63014.wav,intelligence,ɪ,5,1.1557,1.2103,0.0545,0.682,-13.0262,13.0254,<pad>,0.149864,substitution,0.95,rule_based_v1
4898b655593c4787b1353f604ed63014.wav,intelligence,d,6,1.2103,1.2648,0.0545,1.091,-11.4396,8.3859,l,0.046538,substitution,0.95,rule_based_v1
4898b655593c4787b1353f604ed63014.wav,intelligence,ʒ,7,1.2648,1.3194,0.0545,0.682,-13.0921,9.9803,<pad>,0.038781,substitution,0.95,rule_based_v1
4898b655593c4787b1353f604ed63014.wav,intelligence,ə,8,1.3194,1.3739,0.0545,0.909,-10.0391,10.0385,<pad>,0.073315,substitution,0.95,rule_based_v1
4898b655593c4787b1353f604ed63014.wav,intelligence,n,9,1.3739,1.4285,0.0545,0.909,-9.4318,4.8186,<pad>,0.055081,substitution,0.95,rule_based_v1
4898b655593c4787b1353f604ed63014.wav,intelligence,s,10,1.4285,1.483,0.0545,0.545,-13.29,13.2869,<pad>,0.035332,substitution,0.95,rule_based_v1
4898b655593c4787b1353f604ed63014.wav,is,ɪ,0,1.563,1.593,0.03,0.375,-7.8981,7.896,<pad>,0.046473,substitution,0.95,rule_based_v1
4898b655593c4787b1353f604ed63014.wav,is,z,1,1.593,1.623,0.03,0.375,-0.1675,0.0,z,0.035122,correct,0.95,rule_based_v1
4898b655593c4787b1353f604ed63014.wav,changing,t,0,1.683,1.7253,0.0423,0.706,-7.3887,2.2782,<pad>,0.057486,distortion,0.528,rule_based_v1
4898b655593c4787b1353f604ed63014.wav,changing,ʃ,1,1.7253,1.7677,0.0423,0.423,-10.9258,7.7154,<pad>,0.104516,substitution,0.95,rule_based_v1
4898b655593c4787b1353f604ed63014.wav,changing,e,2,1.7677,1.81,0.0423,0.529,-12.6122,12.6117,<pad>,0.099898,substitution,0.95,rule_based_v1
4898b655593c4787b1353f604ed63014.wav,changing,ɪ,3,1.81,1.8523,0.0423,0.529,-15.1538,15.1538,<pad>,0.111684,substitution,0.95,rule_based_v1
4898b655593c4787b1353f604ed63014.wav,changing,n,4,1.8523,1.8947,0.0423,0.706,-0.198,0.0,n,0.077969,correct,0.95,rule_based_v1
4898b655593c4787b1353f604ed63014.wav,changing,d,5,1.8947,1.937,0.0423,0.847,-5.5491,2.7099,dʒ,0.060135,distortion,0.571,rule_based_v1
4898b655593c4787b1353f604ed63014.wav,changing,ʒ,6,1.937,1.9793,0.0423,0.529,-12.5193,12.5059,<pad>,0.130336,substitution,0.95,rule_based_v1
4898b655593c4787b1353f604ed63014.wav,changing,ɪ,7,1.9793,2.0217,0.0423,0.529,-7.1678,3.4654,<pad>,0.114568,substitution,0.847,rule_based_v1
4898b655593c4787b1353f604ed63014.wav,changing,ŋ,8,2.0217,2.064,0.0423,0.605,-6.3302,2.2326,<pad>,0.115992,distortion,0.523,rule_based_v1
4898b655593c4787b1353f604ed63014.wav,the,ð,0,2.104,2.154,0.05,0.833,-3.9872,0.0,ð,0.127558,correct,0.95,rule_based_v1
4898b655593c4787b1353f604ed63014.wav,the,ə,1,2.154,2.204,0.05,0.833,-8.7493,8.7487,<pad>,0.082455,substitution,0.95,rule_based_v1
4898b655593c4787b1353f604ed63014.wav,world,w,0,2.244,2.296,0.052,1.04,-4.5949,3.731,<pad>,0.145292,substitution,0.873,rule_based_v1
4898b655593c4787b1353f604ed63014.wav,world,ɜ,1,2.296,2.348,0.052,0.65,-13.6503,7.8884,<pad>,0.19365,substitution,0.95,rule_based_v1
4898b655593c4787b1353f604ed63014.wav,world,ː,2,2.348,2.4,0.052,0.65,-0.0002,0.0,<pad>,0.175552,correct,0.95,rule_based_v1
4898b655593c4787b1353f604ed63014.wav,world,l,3,2.4,2.452,0.052,0.867,-7.2955,7.0766,<pad>,0.124325,substitution,0.95,rule_based_v1
4898b655593c4787b1353f604ed63014.wav,world,d,4,2.452,2.504,0.052,1.04,-8.1579,7.2985,l,0.049555,substitution,0.95,rule_based_v1
4898b655593c4787b1353f604ed63014.wav,very,v,0,2.564,2.624,0.06,0.857,-7.486,2.6092,<pad>,0.114967,distortion,0.561,rule_based_v1
4898b655593c4787b1353f604ed63014.wav,very,ɛ,1,2.624,2.684,0.06,0.75,-14.0302,14.0301,<pad>,0.145268,substitution,0.95,rule_based_v1
4898b655593c4787b1353f604ed63014.wav,very,ɹ,2,2.684,2.744,0.06,0.75,-6.829,4.7335,<pad>,0.141908,substitution,0.95,rule_based_v1
4898b655593c4787b1353f604ed63014.wav,very,i,3,2.744,2.804,0.06,0.75,-7.2515,4.637,<pad>,0.108857,substitution,0.95,rule_based_v1
4898b655593c4787b1353f604ed63014.wav,fast.,f,0,2.864,2.964,0.1,1.111,-9.022,7.5279,<pad>,0.121106,substitution,0.95,rule_based_v1
4898b655593c4787b1353f604ed63014.wav,fast.,æ,1,2.964,3.064,0.1,1.111,-12.6293,10.8362,<pad>,0.130635,substitution,0.95,rule_based_v1
4898b655593c4787b1353f604ed63014.wav,fast.,s,2,3.064,3.164,0.1,1.0,-12.2432,12.2431,<pad>,0.048144,substitution,0.95,rule_based_v1
4898b655593c4787b1353f604ed63014.wav,fast.,t,3,3.164,3.264,0.1,1.667,-9.9667,8.0668,<pad>,0.033915,substitution,0.95,rule_based_v1
4898b655593c4787b1353f604ed63014.wav,Many,m,0,4.364,4.414,0.05,0.714,-7.4349,1.9552,<pad>,0.176115,distortion,0.55,rule_based_v1
4898b655593c4787b1353f604ed63014.wav,Many,ɛ,1,4.414,4.464,0.05,0.625,-5.2147,0.6215,<pad>,0.212402,correct,0.795,rule_based_v1
4898b655593c4787b1353f604ed63014.wav,Many,n,2,4.464,4.514,0.05,0.833,-4.0411,0.0,n,0.243667,correct,0.95,rule_based_v1
4898b655593c4787b1353f604ed63014.wav,Many,i,3,4.514,4.564,0.05,0.625,-4.1666,0.5358,<pad>,0.167895,correct,0.816,rule_based_v1
4898b655593c4787b1353f604ed63014.wav,companies,k,0,4.644,4.6991,0.0551,0.787,-11.3029,11.3026,<pad>,0.137668,substitution,0.95,rule_based_v1
4898b655593c4787b1353f604ed63014.wav,companies,ʌ,1,4.6991,4.7543,0.0551,0.787,-7.7816,3.6435,<pad>,0.175338,substitution,0.864,rule_based_v1
4898b655593c4787b1353f604ed63014.wav,companies,m,2,4.7542,4.8094,0.0551,0.787,-7.5441,7.5112,<pad>,0.068303,substitution,0.95,rule_based_v1
4898b655593c4787b1353f604ed63014.wav,companies,p,3,4.8094,4.8645,0.0551,0.919,-6.8262,3.9869,m,0.084692,substitution,0.899,rule_based_v1
4898b655593c4787b1353f604ed63014.wav,companies,ə,4,4.8645,4.9196,0.0551,0.919,-12.3308,8.039,<pad>,0.136377,substitution,0.95,rule_based_v1
4898b655593c4787b1353f604ed63014.wav,companies,n,5,4.9196,4.9748,0.0551,0.919,-10.4798,7.4711,ə,0.125897,substitution,0.95,rule_based_v1
4898b655593c4787b1353f604ed63014.wav,companies,i,6,4.9748,5.0299,0.0551,0.689,-12.3293,9.5165,n,0.117963,substitution,0.95,rule_based_v1
4898b655593c4787b1353f604ed63014.wav,companies,z,7,5.0299,5.085,0.0551,0.689,-12.1049,8.2326,<pad>,0.045672,substitution,0.95,rule_based_v1
4898b655593c4787b1353f604ed63014.wav,are,ɑ,0,5.145,5.1783,0.0333,0.417,-16.7386,16.7385,<pad>,0.158704,substitution,0.95,rule_based_v1
4898b655593c4787b1353f604ed63014.wav,are,ː,1,5.1783,5.2117,0.0333,0.417,-0.0009,0.0,<pad>,0.124616,correct,0.95,rule_based_v1
4898b655593c4787b1353f604ed63014.wav,are,ɹ,2,5.2117,5.245,0.0333,0.417,-6.7889,6.7875,<pad>,0.130719,substitution,0.95,rule_based_v1
4898b655593c4787b1353f604ed63014.wav,investing,ɪ,0,5.285,5.3425,0.0575,0.719,-13.9478,8.8206,<pad>,0.162685,substitution,0.95,rule_based_v1
4898b655593c4787b1353f604ed63014.wav,investing,n,1,5.3425,5.4,0.0575,0.958,-7.7328,7.7202,<pad>,0.035272,substitution,0.95,rule_based_v1
4898b655593c4787b1353f604ed63014.wav,investing,v,2,5.4,5.4575,0.0575,0.821,-7.051,1.2318,<pad>,0.177541,distortion,0.55,rule_based_v1
4898b655593c4787b1353f604ed63014.wav,investing,ɛ,3,5.4575,5.515,0.0575,0.719,-5.3558,0.0577,<pad>,0.105124,correct,0.936,rule_based_v1
4898b655593c4787b1353f604ed63014.wav,investing,s,4,5.515,5.5725,0.0575,0.575,-11.2797,11.2795,<pad>,0.040268,substitution,0.95,rule_based_v1
4898b655593c4787b1353f604ed63014.wav,investing,t,5,5.5725,5.63,0.0575,0.958,-10.0764,10.0751,<pad>,0.051276,substitution,0.95,rule_based_v1
4898b655593c4787b1353f604ed63014.wav,investing,ɪ,6,5.63,5.6875,0.0575,0.719,-12.1344,7.831,s,0.158185,substitution,0.95,rule_based_v1
4898b655593c4787b1353f604ed63014.wav,investing,ŋ,7,5.6875,5.745,0.0575,0.821,-16.1814,16.1799,<pad>,0.129725,substitution,0.95,rule_based_v1
4898b655593c4787b1353f604ed63014.wav,heavily,h,0,5.825,5.8917,0.0667,1.111,-10.7927,7.7539,<pad>,0.112999,substitution,0.95,rule_based_v1
4898b655593c4787b1353f604ed63014.wav,heavily,ɛ,1,5.8917,5.9583,0.0667,0.833,-10.7115,10.7106,<pad>,0.145638,substitution,0.95,rule_based_v1
4898b655593c4787b1353f604ed63014.wav,heavily,v,2,5.9583,6.025,0.0667,0.952,-7.7274,4.766,<pad>,0.078886,substitution,0.95,rule_based_v1
4898b655593c4787b1353f604ed63014.wav,heavily,i,3,6.025,6.0917,0.0667,0.833,-12.4714,10.6331,<pad>,0.114959,substitution,0.95,rule_based_v1
4898b655593c4787b1353f604ed63014.wav,heavily,l,4,6.0917,6.1583,0.0667,1.111,-6.7417,4.7956,<pad>,0.077506,substitution,0.95,rule_based_v1
4898b655593c4787b1353f604ed63014.wav,heavily,i,5,6.1583,6.225,0.0667,0.833,-7.0005,4.5616,<pad>,0.06477,substitution,0.95,rule_based_v1
4898b655593c4787b1353f604ed63014.wav,in,ɪ,0,6.285,6.325,0.04,0.5,-13.2792,13.2787,<pad>,0.122391,substitution,0.95,rule_based_v1
4898b655593c4787b1353f604ed63014.wav,in,n,1,6.325,6.365,0.04,0.667,-1.7182,0.0,n,0.143217,correct,0.95,rule_based_v1
4898b655593c4787b1353f604ed63014.wav,machine,m,0,6.405,6.4617,0.0567,0.81,-9.0074,5.567,<pad>,0.097188,substitution,0.95,rule_based_v1
4898b655593c4787b1353f604ed63014.wav,machine,ə,1,6.4617,6.5183,0.0567,0.944,-10.4256,10.4254,<pad>,0.057928,substitution,0.95,rule_based_v1
4898b655593c4787b1353f604ed63014.wav,machine,ʃ,2,6.5183,6.575,0.0567,0.567,-6.6211,1.6728,<pad>,0.054998,distortion,0.55,rule_based_v1
4898b655593c4787b1353f604ed63014.wav,machine,i,3,6.575,6.6317,0.0567,0.708,-13.5065,13.5064,<pad>,0.089084,substitution,0.95,rule_based_v1
4898b655593c4787b1353f604ed63014.wav,machine,ː,4,6.6317,6.6883,0.0567,0.708,-0.0002,0.0,<pad>,0.104021,correct,0.95,rule_based_v1
4898b655593c4787b1353f604ed63014.wav,machine,n,5,6.6883,6.745,0.0567,0.944,-12.0767,7.4358,<pad>,0.147621,substitution,0.95,rule_based_v1
4898b655593c4787b1353f604ed63014.wav,learning,l,0,6.785,6.8317,0.0467,0.778,-4.1771,0.6274,<pad>,0.166395,correct,0.793,rule_based_v1
4898b655593c4787b1353f604ed63014.wav,learning,ɜ,1,6.8317,6.8783,0.0467,0.583,-13.2854,7.9171,<pad>,0.141431,substitution,0.95,rule_based_v1
4898b655593c4787b1353f604ed63014.wav,learning,ː,2,6.8783,6.925,0.0467,0.583,-0.0001,0.0,<pad>,0.158059,correct,0.95,rule_based_v1
4898b655593c4787b1353f604ed63014.wav,learning,n,3,6.925,6.9717,0.0467,0.778,-5.2672,3.5001,<pad>,0.135327,substitution,0.85,rule_based_v1
4898b655593c4787b1353f604ed63014.wav,learning,ɪ,4,6.9717,7.0183,0.0467,0.583,-6.0175,1.8303,n,0.128757,distortion,0.55,rule_based_v1
4898b655593c4787b1353f604ed63014.wav,learning,ŋ,5,7.0183,7.065,0.0467,0.667,-14.7221,14.7221,<pad>,0.133548,substitution,0.95,rule_based_v1
4898b655593c4787b1353f604ed63014.wav,and,æ,0,7.165,7.1983,0.0333,0.37,-14.5016,14.5016,<pad>,0.108548,substitution,0.95,rule_based_v1
4898b655593c4787b1353f604ed63014.wav,and,n,1,7.1983,7.2317,0.0333,0.556,-5.5487,5.5446,<pad>,0.154295,substitution,0.95,rule_based_v1
4898b655593c4787b1353f604ed63014.wav,and,d,2,7.2317,7.265,0.0333,0.667,-8.1345,7.9739,n,0.110182,substitution,0.95,rule_based_v1
4898b655593c4787b1353f604ed63014.wav,automation.,ɔ,0,7.345,7.401,0.056,0.7,-17.0341,17.034,<pad>,0.148803,substitution,0.95,rule_based_v1
4898b655593c4787b1353f604ed63014.wav,automation.,ː,1,7.401,7.457,0.056,0.7,-0.0389,-3.4263,<pad>,0.125798,correct,0.95,rule_based_v1
4898b655593c4787b1353f604ed63014.wav,automation.,ɾ,2,7.457,7.513,0.056,0.7,-7.6584,4.5691,<pad>,0.117807,substitution,0.95,rule_based_v1
4898b655593c4787b1353f604ed63014.wav,automation.,ə,3,7.513,7.569,0.056,0.933,-9.1161,9.1156,<pad>,0.14518,substitution,0.95,rule_based_v1
4898b655593c4787b1353f604ed63014.wav,automation.,m,4,7.569,7.625,0.056,0.8,-6.1164,0.5446,<pad>,0.11206,correct,0.814,rule_based_v1
4898b655593c4787b1353f604ed63014.wav,automation.,e,5,7.625,7.681,0.056,0.7,-10.8509,6.5321,<pad>,0.095235,substitution,0.95,rule_based_v1
4898b655593c4787b1353f604ed63014.wav,automation.,ɪ,6,7.681,7.737,0.056,0.7,-13.8257,13.8257,<pad>,0.06872,substitution,0.95,rule_based_v1
4898b655593c4787b1353f604ed63014.wav,automation.,ʃ,7,7.737,7.793,0.056,0.56,-15.8458,15.8456,<pad>,0.052054,substitution,0.95,rule_based_v1
4898b655593c4787b1353f604ed63014.wav,automation.,ə,8,7.793,7.849,0.056,0.933,-14.0496,14.0495,<pad>,0.042826,substitution,0.95,rule_based_v1
4898b655593c4787b1353f604ed63014.wav,automation.,n,9,7.849,7.905,0.056,0.933,-11.7849,6.5466,<pad>,0.026409,substitution,0.95,rule_based_v1
4898b655593c4787b1353f604ed63014.wav,"However,",h,0,8.886,8.9527,0.0667,1.111,-6.9077,3.241,<pad>,0.139451,substitution,0.824,rule_based_v1
4898b655593c4787b1353f604ed63014.wav,"However,",a,1,8.9527,9.0193,0.0667,0.833,-13.8555,13.8555,<pad>,0.140835,substitution,0.95,rule_based_v1
4898b655593c4787b1353f604ed63014.wav,"However,",ʊ,2,9.0193,9.086,0.0667,0.833,-12.1218,11.965,<pad>,0.248121,substitution,0.95,rule_based_v1
4898b655593c4787b1353f604ed63014.wav,"However,",ɛ,3,9.086,9.1527,0.0667,0.833,-9.3315,6.0212,<pad>,0.166206,substitution,0.95,rule_based_v1
4898b655593c4787b1353f604ed63014.wav,"However,",v,4,9.1527,9.2193,0.0667,0.952,-8.826,5.313,<pad>,0.089024,substitution,0.95,rule_based_v1
4898b655593c4787b1353f604ed63014.wav,"However,",ɚ,5,9.2193,9.286,0.0667,0.833,-8.0474,5.4693,<pad>,0.11315,substitution,0.95,rule_based_v1
4898b655593c4787b1353f604ed63014.wav,it,ɪ,0,9.546,9.576,0.03,0.375,-10.866,10.8659,<pad>,0.13967,substitution,0.95,rule_based_v1
4898b655593c4787b1353f604ed63014.wav,it,t,1,9.576,9.606,0.03,0.5,-6.0892,6.0773,<pad>,0.044608,substitution,0.95,rule_based_v1
4898b655593c4787b1353f604ed63014.wav,is,ɪ,0,9.666,9.716,0.05,0.625,-9.2,9.1955,<pad>,0.095232,substitution,0.95,rule_based_v1
4898b655593c4787b1353f604ed63014.wav,is,z,1,9.716,9.766,0.05,0.625,-3.03,0.0,z,0.054759,correct,0.95,rule_based_v1
4898b655593c4787b1353f604ed63014.wav,important,ɪ,0,9.826,9.868,0.042,0.525,-9.9558,9.6387,m,0.120922,substitution,0.95,rule_based_v1
4898b655593c4787b1353f604ed63014.wav,important,m,1,9.868,9.91,0.042,0.6,-10.8969,10.8957,<pad>,0.00681,substitution,0.95,rule_based_v1
4898b655593c4787b1353f604ed63014.wav,important,p,2,9.91,9.952,0.042,0.7,-6.0784,1.1732,<pad>,0.014344,distortion,0.55,rule_based_v1
4898b655593c4787b1353f604ed63014.wav,important,ɔ,3,9.952,9.994,0.042,0.525,-8.8812,2.4608,<pad>,0.227263,distortion,0.546,rule_based_v1
4898b655593c4787b1353f604ed63014.wav,important,ː,4,9.994,10.036,0.042,0.525,-0.0,0.0,<pad>,0.270097,correct,0.95,rule_based_v1
4898b655593c4787b1353f604ed63014.wav,important,ɹ,5,10.036,10.078,0.042,0.525,-9.4954,9.4948,<pad>,0.086748,substitution,0.95,rule_based_v1
4898b655593c4787b1353f604ed63014.wav,important,t,6,10.078,10.12,0.042,0.7,-4.436,4.4045,<pad>,0.002776,substitution,0.94,rule_based_v1
4898b655593c4787b1353f604ed63014.wav,important,ə,7,10.12,10.162,0.042,0.7,-7.2805,5.2062,t,0.091535,substitution,0.95,rule_based_v1
4898b655593c4787b1353f604ed63014.wav,important,n,8,10.162,10.204,0.042,0.7,-3.7041,0.0412,<pad>,0.122133,correct,0.94,rule_based_v1
4898b655593c4787b1353f604ed63014.wav,important,t,9,10.204,10.246,0.042,0.7,-2.0775,0.1234,<pad>,0.048875,correct,0.919,rule_based_v1
4898b655593c4787b1353f604ed63014.wav,to,t,0,10.286,10.3193,0.0333,0.556,-6.7034,6.7006,<pad>,0.051488,substitution,0.95,rule_based_v1
4898b655593c4787b1353f604ed63014.wav,to,u,1,10.3193,10.3527,0.0333,0.417,-11.6893,11.6825,<pad>,0.14325,substitution,0.95,rule_based_v1
4898b655593c4787b1353f604ed63014.wav,to,ː,2,10.3527,10.386,0.0333,0.417,-0.118,0.0,ə,0.103398,correct,0.95,rule_based_v1
4898b655593c4787b1353f604ed63014.wav,use,j,0,10.526,10.556,0.03,0.6,-12.4733,12.4731,<pad>,0.094922,substitution,0.95,rule_based_v1
4898b655593c4787b1353f604ed63014.wav,use,u,1,10.556,10.586,0.03,0.375,-10.2878,10.2876,<pad>,0.096421,substitution,0.95,rule_based_v1
4898b655593c4787b1353f604ed63014.wav,use,ː,2,10.586,10.616,0.03,0.375,-0.0004,0.0,<pad>,0.054143,correct,0.95,rule_based_v1
4898b655593c4787b1353f604ed63014.wav,use,s,3,10.616,10.646,0.03,0.3,-10.9836,10.9829,<pad>,0.039119,substitution,0.95,rule_based_v1
4898b655593c4787b1353f604ed63014.wav,these,ð,0,10.706,10.746,0.04,0.667,-7.661,2.7531,<pad>,0.108858,distortion,0.575,rule_based_v1
4898b655593c4787b1353f604ed63014.wav,these,i,1,10.746,10.786,0.04,0.5,-7.1377,2.6424,<pad>,0.160188,distortion,0.564,rule_based_v1
4898b655593c4787b1353f604ed63014.wav,these,ː,2,10.786,10.826,0.04,0.5,-0.0021,0.0,<pad>,0.062128,correct,0.95,rule_based_v1
4898b655593c4787b1353f604ed63014.wav,these,z,3,10.826,10.866,0.04,0.5,-4.5072,0.0,z,0.033994,correct,0.95,rule_based_v1
4898b655593c4787b1353f604ed63014.wav,technologies,t,0,10.906,10.9628,0.0567,0.946,-4.2201,0.0,t,0.059596,correct,0.95,rule_based_v1
4898b655593c4787b1353f604ed63014.wav,technologies,ɛ,1,10.9628,11.0195,0.0567,0.709,-5.0997,0.0,ɛ,0.130888,correct,0.95,rule_based_v1
4898b655593c4787b1353f604ed63014.wav,technologies,k,2,11.0195,11.0762,0.0567,0.811,-11.9118,11.9118,<pad>,0.011478,substitution,0.95,rule_based_v1
4898b655593c4787b1353f604ed63014.wav,technologies,n,3,11.0762,11.133,0.0567,0.946,-12.8596,12.8595,<pad>,0.07234,substitution,0.95,rule_based_v1
4898b655593c4787b1353f604ed63014.wav,technologies,ɑ,4,11.133,11.1898,0.0567,0.709,-13.676,9.9654,<pad>,0.15033,substitution,0.95,rule_based_v1
4898b655593c4787b1353f604ed63014.wav,technologies,ː,5,11.1898,11.2465,0.0567,0.709,-0.0103,-2.4359,n,0.138472,correct,0.95,rule_based_v1
4898b655593c4787b1353f604ed63014.wav,technologies,l,6,11.2465,11.3032,0.0567,0.946,-8.4976,6.0668,<pad>,0.089583,substitution,0.95,rule_based_v1
4898b655593c4787b1353f604ed63014.wav,technologies,ə,7,11.3032,11.36,0.0567,0.946,-12.7837,12.7694,<pad>,0.127835,substitution,0.95,rule_based_v1
4898b655593c4787b1353f604ed63014.wav,technologies,d,8,11.36,11.4167,0.0567,1.135,-12.9324,12.9319,<pad>,0.038437,substitution,0.95,rule_based_v1
4898b655593c4787b1353f604ed63014.wav,technologies,ʒ,9,11.4168,11.4735,0.0567,0.709,-16.2618,12.1232,<pad>,0.067094,substitution,0.95,rule_based_v1
4898b655593c4787b1353f604ed63014.wav,technologies,i,10,11.4735,11.5302,0.0567,0.709,-10.9419,7.4224,<pad>,0.095362,substitution,0.95,rule_based_v1
4898b655593c4787b1353f604ed63014.wav,technologies,z,11,11.5302,11.587,0.0567,0.709,-13.6418,13.6412,<pad>,0.042963,substitution,0.95,rule_based_v1
4898b655593c4787b1353f604ed63014.wav,responsible.,ɹ,0,11.647,11.7003,0.0533,0.667,-3.8922,0.0,ɹ,0.128916,correct,0.95,rule_based_v1
4898b655593c4787b1353f604ed63014.wav,responsible.,ᵻ,1,11.7003,11.7537,0.0533,0.667,-14.5357,14.5356,<pad>,0.048671,substitution,0.95,rule_based_v1
4898b655593c4787b1353f604ed63014.wav,responsible.,s,2,11.7537,11.807,0.0533,0.533,-3.4007,0.0,s,0.02271,correct,0.95,rule_based_v1
4898b655593c4787b1353f604ed63014.wav,responsible.,p,3,11.807,11.8603,0.0533,0.889,-11.5526,11.5523,<pad>,0.125668,substitution,0.95,rule_based_v1
4898b655593c4787b1353f604ed63014.wav,responsible.,ɑ,4,11.8603,11.9137,0.0533,0.667,-15.6939,11.2409,<pad>,0.146606,substitution,0.95,rule_based_v1
4898b655593c4787b1353f604ed63014.wav,responsible.,ː,5,11.9137,11.967,0.0533,0.667,-0.3068,-4.0622,<pad>,0.103295,correct,0.95,rule_based_v1
4898b655593c4787b1353f604ed63014.wav,responsible.,n,6,11.967,12.0203,0.0533,0.889,-12.9814,12.9814,<pad>,0.050794,substitution,0.95,rule_based_v1
4898b655593c4787b1353f604ed63014.wav,responsible.,s,7,12.0203,12.0737,0.0533,0.533,-14.5177,14.5174,<pad>,0.045874,substitution,0.95,rule_based_v1
4898b655593c4787b1353f604ed63014.wav,responsible.,ᵻ,8,12.0737,12.127,0.0533,0.667,-15.1988,12.8888,n,0.083923,substitution,0.95,rule_based_v1
4898b655593c4787b1353f604ed63014.wav,responsible.,b,9,12.127,12.1803,0.0533,1.067,-13.1993,13.1631,s,0.028117,substitution,0.95,rule_based_v1
4898b655593c4787b1353f604ed63014.wav,responsible.,ə,10,12.1803,12.2337,0.0533,0.889,-8.7172,8.7161,<pad>,0.0416,substitution,0.95,rule_based_v1
4898b655593c4787b1353f604ed63014.wav,responsible.,l,11,12.2337,12.287,0.0533,0.889,-10.4537,6.7684,<pad>,0.020855,substitution,0.95,rule_based_v1
4898b655593c4787b1353f604ed63014.wav,Sometimes,s,0,13.367,13.422,0.055,0.55,-8.163,8.1627,<pad>,0.147753,substitution,0.95,rule_based_v1
4898b655593c4787b1353f604ed63014.wav,Sometimes,ʌ,1,13.422,13.477,0.055,0.786,-7.1227,2.9805,<pad>,0.205692,distortion,0.598,rule_based_v1
4898b655593c4787b1353f604ed63014.wav,Sometimes,m,2,13.477,13.532,0.055,0.786,-11.9274,11.9274,<pad>,0.254471,substitution,0.95,rule_based_v1
4898b655593c4787b1353f604ed63014.wav,Sometimes,t,3,13.532,13.587,0.055,0.917,-9.7405,8.0015,m,0.076245,substitution,0.95,rule_based_v1
4898b655593c4787b1353f604ed63014.wav,Sometimes,a,4,13.587,13.642,0.055,0.687,-9.8079,6.5504,t,0.24028,substitution,0.95,rule_based_v1
4898b655593c4787b1353f604ed63014.wav,Sometimes,ɪ,5,13.642,13.697,0.055,0.687,-12.853,12.8518,<pad>,0.169553,substitution,0.95,rule_based_v1
4898b655593c4787b1353f604ed63014.wav,Sometimes,m,6,13.697,13.752,0.055,0.786,-10.9633,6.0101,<pad>,0.136329,substitution,0.95,rule_based_v1
4898b655593c4787b1353f604ed63014.wav,Sometimes,z,7,13.752,13.807,0.055,0.687,-17.3522,17.3522,<pad>,0.045587,substitution,0.95,rule_based_v1
4898b655593c4787b1353f604ed63014.wav,people's,p,0,13.867,13.9127,0.0457,0.762,-2.7982,0.0,p,0.072567,correct,0.95,rule_based_v1
4898b655593c4787b1353f604ed63014.wav,people's,i,1,13.9127,13.9584,0.0457,0.571,-6.654,1.6625,<pad>,0.122954,distortion,0.55,rule_based_v1
4898b655593c4787b1353f604ed63014.wav,people's,ː,2,13.9584,14.0041,0.0457,0.571,-0.0,0.0,<pad>,0.06255,correct,0.95,rule_based_v1
4898b655593c4787b1353f604ed63014.wav,people's,p,3,14.0041,14.0499,0.0457,0.762,-12.2005,12.2005,<pad>,0.014001,substitution,0.95,rule_based_v1
4898b655593c4787b1353f604ed63014.wav,people's,ə,4,14.0499,14.0956,0.0457,0.762,-9.7042,5.2457,p,0.140937,substitution,0.95,rule_based_v1
4898b655593c4787b1353f604ed63014.wav,people's,l,5,14.0956,14.1413,0.0457,0.762,-5.9034,1.8162,<pad>,0.114585,distortion,0.55,rule_based_v1
4898b655593c4787b1353f604ed63014.wav,people's,z,6,14.1413,14.187,0.0457,0.571,-9.4581,9.4408,<pad>,0.03044,substitution,0.95,rule_based_v1
4898b655593c4787b1353f604ed63014.wav,depends,d,0,14.227,14.2757,0.0487,0.974,-3.6341,0.0,d,0.124953,correct,0.95,rule_based_v1
4898b655593c4787b1353f604ed63014.wav,depends,ᵻ,1,14.2757,14.3244,0.0487,0.609,-14.9954,14.9953,<pad>,0.072497,substitution,0.95,rule_based_v1
4898b655593c4787b1353f604ed63014.wav,depends,p,2,14.3244,14.3731,0.0487,0.812,-11.2283,11.2282,<pad>,0.01968,substitution,0.95,rule_based_v1
4898b655593c4787b1353f604ed63014.wav,depends,ɛ,3,14.3731,14.4219,0.0487,0.609,-11.6551,6.2728,<pad>,0.147845,substitution,0.95,rule_based_v1
4898b655593c4787b1353f604ed63014.wav,depends,n,4,14.4219,14.4706,0.0487,0.812,-10.2478,5.7896,ɛ,0.17088,substitution,0.95,rule_based_v1
4898b655593c4787b1353f604ed63014.wav,depends,d,5,14.4706,14.5193,0.0487,0.974,-14.004,14.0038,<pad>,0.155673,substitution,0.95,rule_based_v1
4898b655593c4787b1353f604ed63014.wav,depends,z,6,14.5193,14.568,0.0487,0.609,-10.5643,9.8924,n,0.036025,substitution,0.95,rule_based_v1
4898b655593c4787b1353f604ed63014.wav,too,t,0,14.628,14.6747,0.0467,0.778,-4.6668,0.0,t,0.039644,correct,0.95,rule_based_v1
4898b655593c4787b1353f604ed63014.wav,too,u,1,14.6747,14.7213,0.0467,0.583,-6.8609,2.5829,<pad>,0.139593,distortion,0.558,rule_based_v1
4898b655593c4787b1353f604ed63014.wav,too,ː,2,14.7213,14.768,0.0467,0.583,-0.0001,0.0,<pad>,0.158464,correct,0.95,rule_based_v1
4898b655593c4787b1353f604ed63014.wav,much,m,0,14.808,14.848,0.04,0.571,-4.895,0.0,m,0.160222,correct,0.95,rule_based_v1
4898b655593c4787b1353f604ed63014.wav,much,ʌ,1,14.848,14.888,0.04,0.571,-14.0204,14.0203,<pad>,0.133534,substitution,0.95,rule_based_v1
4898b655593c4787b1353f604ed63014.wav,much,t,2,14.888,14.928,0.04,0.667,-6.1395,6.1362,<pad>,0.024217,substitution,0.95,rule_based_v1
4898b655593c4787b1353f604ed63014.wav,much,ʃ,3,14.928,14.968,0.04,0.4,-8.6824,3.4569,<pad>,0.040656,substitution,0.846,rule_based_v1
4898b655593c4787b1353f604ed63014.wav,on,ɔ,0,15.048,15.088,0.04,0.5,-15.7374,15.7373,<pad>,0.124633,substitution,0.95,rule_based_v1
4898b655593c4787b1353f604ed63014.wav,on,n,1,15.088,15.128,0.04,0.667,-2.9223,0.0,n,0.159032,correct,0.95,rule_based_v1
4898b655593c4787b1353f604ed63014.wav,AI,e,0,15.188,15.273,0.085,1.062,-11.2722,9.3758,<pad>,0.106071,substitution,0.95,rule_based_v1
4898b655593c4787b1353f604ed63014.wav,AI,ɪ,1,15.273,15.358,0.085,1.062,-12.5559,12.5555,<pad>,0.126412,substitution,0.95,rule_based_v1
4898b655593c4787b1353f604ed63014.wav,AI,a,2,15.358,15.443,0.085,1.062,-11.3549,9.5009,<pad>,0.149248,substitution,0.95,rule_based_v1
4898b655593c4787b1353f604ed63014.wav,AI,ɪ,3,15.443,15.528,0.085,1.062,-15.481,15.4809,<pad>,0.085342,substitution,0.95,rule_based_v1
4898b655593c4787b1353f604ed63014.wav,without,w,0,15.588,15.6313,0.0433,0.867,-3.2781,0.5773,<pad>,0.088087,correct,0.806,rule_based_v1
4898b655593c4787b1353f604ed63014.wav,without,ɪ,1,15.6313,15.6747,0.0433,0.542,-5.3996,1.2028,<pad>,0.073973,distortion,0.55,rule_based_v1
4898b655593c4787b1353f604ed63014.wav,without,ð,2,15.6747,15.718,0.0433,0.722,-7.6144,2.43,<pad>,0.128424,distortion,0.543,rule_based_v1
4898b655593c4787b1353f604ed63014.wav,without,a,3,15.718,15.7613,0.0433,0.542,-7.1626,2.4288,<pad>,0.168927,distortion,0.543,rule_based_v1
4898b655593c4787b1353f604ed63014.wav,without,ʊ,4,15.7613,15.8047,0.0433,0.542,-14.1957,14.1954,<pad>,0.123226,substitution,0.95,rule_based_v1
4898b655593c4787b1353f604ed63014.wav,without,t,5,15.8047,15.848,0.0433,0.722,-3.3391,3.02,<pad>,0.009383,substitution,0.802,rule_based_v1
4898b655593c4787b1353f604ed63014.wav,checking,t,0,15.888,15.938,0.05,0.833,-7.6126,3.8128,<pad>,0.066372,substitution,0.881,rule_based_v1
4898b655593c4787b1353f604ed63014.wav,checking,ʃ,1,15.938,15.988,0.05,0.5,-9.3569,4.3248,ɛ,0.15704,substitution,0.932,rule_based_v1
4898b655593c4787b1353f604ed63014.wav,checking,ɛ,2,15.988,16.038,0.05,0.625,-13.7814,13.7814,<pad>,0.050164,substitution,0.95,rule_based_v1
4898b655593c4787b1353f604ed63014.wav,checking,k,3,16.038,16.088,0.05,0.714,-9.642,9.6418,<pad>,0.033579,substitution,0.95,rule_based_v1
4898b655593c4787b1353f604ed63014.wav,checking,ɪ,4,16.088,16.138,0.05,0.625,-8.3676,3.7393,k,0.117316,substitution,0.874,rule_based_v1
4898b655593c4787b1353f604ed63014.wav,checking,ŋ,5,16.138,16.188,0.05,0.714,-10.9764,8.3066,<pad>,0.132774,substitution,0.95,rule_based_v1
4898b655593c4787b1353f604ed63014.wav,the,ð,0,16.228,16.278,0.05,0.833,-4.5587,0.0,ð,0.14237,correct,0.95,rule_based_v1
4898b655593c4787b1353f604ed63014.wav,the,ə,1,16.278,16.328,0.05,0.833,-11.6951,11.6906,<pad>,0.16414,substitution,0.95,rule_based_v1
4898b655593c4787b1353f604ed63014.wav,information,ɪ,0,16.368,16.422,0.054,0.675,-12.2163,10.2861,<pad>,0.111685,substitution,0.95,rule_based_v1
4898b655593c4787b1353f604ed63014.wav,information,n,1,16.422,16.476,0.054,0.9,-4.6686,2.1678,<pad>,0.01137,distortion,0.617,rule_based_v1
4898b655593c4787b1353f604ed63014.wav,information,f,2,16.476,16.53,0.054,0.6,-3.2838,0.0,f,0.104594,correct,0.95,rule_based_v1
4898b655593c4787b1353f604ed63014.wav,information,ɚ,3,16.53,16.584,0.054,0.675,-3.6654,0.1717,ɹ,0.130418,correct,0.907,rule_based_v1
4898b655593c4787b1353f604ed63014.wav,information,m,4,16.584,16.638,0.054,0.771,-11.5508,11.5496,<pad>,0.140854,substitution,0.95,rule_based_v1
4898b655593c4787b1353f604ed63014.wav,information,e,5,16.638,16.692,0.054,0.675,-14.4157,13.6385,<pad>,0.117795,substitution,0.95,rule_based_v1
4898b655593c4787b1353f604ed63014.wav,information,ɪ,6,16.692,16.746,0.054,0.675,-14.1372,9.2534,<pad>,0.074534,substitution,0.95,rule_based_v1
4898b655593c4787b1353f604ed63014.wav,information,ʃ,7,16.746,16.8,0.054,0.54,-13.8055,9.2002,<pad>,0.060126,substitution,0.95,rule_based_v1
4898b655593c4787b1353f604ed63014.wav,information,ə,8,16.8,16.854,0.054,0.9,-13.5464,13.546,<pad>,0.112764,substitution,0.95,rule_based_v1
4898b655593c4787b1353f604ed63014.wav,information,n,9,16.854,16.908,0.054,0.9,-11.893,11.8929,<pad>,0.150604,substitution,0.95,rule_based_v1
4898b655593c4787b1353f604ed63014.wav,carefully.,k,0,16.968,17.028,0.06,0.857,-9.9355,6.452,<pad>,0.05504,substitution,0.95,rule_based_v1
4898b655593c4787b1353f604ed63014.wav,carefully.,ɛ,1,17.028,17.088,0.06,0.75,-9.748,6.8284,<pad>,0.169441,substitution,0.95,rule_based_v1
4898b655593c4787b1353f604ed63014.wav,carefully.,ɹ,2,17.088,17.148,0.06,0.75,-4.974,4.9508,<pad>,0.100198,substitution,0.95,rule_based_v1
4898b655593c4787b1353f604ed63014.wav,carefully.,f,3,17.148,17.208,0.06,0.667,-8.1007,4.7402,<pad>,0.007997,substitution,0.95,rule_based_v1
4898b655593c4787b1353f604ed63014.wav,carefully.,ə,4,17.208,17.268,0.06,1.0,-8.6865,6.672,<pad>,0.080712,substitution,0.95,rule_based_v1
4898b655593c4787b1353f604ed63014.wav,carefully.,l,5,17.268,17.328,0.06,1.0,-7.9077,4.2386,<pad>,0.056467,substitution,0.924,rule_based_v1
4898b655593c4787b1353f604ed63014.wav,carefully.,i,6,17.328,17.388,0.06,0.75,-7.8545,7.622,<pad>,0.02937,substitution,0.95,rule_based_v1
4898b655593c4787b1353f604ed63014.wav,I,a,0,18.489,18.519,0.03,0.375,-13.1527,13.1526,<pad>,0.164085,substitution,0.95,rule_based_v1
4898b655593c4787b1353f604ed63014.wav,I,ɪ,1,18.519,18.549,0.03,0.375,-9.9985,9.9979,<pad>,0.114758,substitution,0.95,rule_based_v1
4898b655593c4787b1353f604ed63014.wav,believe,b,0,18.589,18.639,0.05,1.0,-5.2145,0.0,b,0.155933,correct,0.95,rule_based_v1
4898b655593c4787b1353f604ed63014.wav,believe,ᵻ,1,18.639,18.689,0.05,0.625,-6.9549,4.0589,<pad>,0.09515,substitution,0.906,rule_based_v1
4898b655593c4787b1353f604ed63014.wav,believe,l,2,18.689,18.739,0.05,0.833,-5.28,3.6097,<pad>,0.146545,substitution,0.861,rule_based_v1
4898b655593c4787b1353f604ed63014.wav,believe,i,3,18.739,18.789,0.05,0.625,-12.8169,10.6465,<pad>,0.179989,substitution,0.95,rule_based_v1
4898b655593c4787b1353f604ed63014.wav,believe,ː,4,18.789,18.839,0.05,0.625,-0.0768,-4.1409,<pad>,0.16714,correct,0.95,rule_based_v1
4898b655593c4787b1353f604ed63014.wav,believe,v,5,18.839,18.889,0.05,0.714,-16.348,16.348,<pad>,0.054905,substitution,0.95,rule_based_v1
4898b655593c4787b1353f604ed63014.wav,that,ð,0,18.929,18.9757,0.0467,0.778,-4.1446,0.0517,<pad>,0.085861,correct,0.937,rule_based_v1
4898b655593c4787b1353f604ed63014.wav,that,æ,1,18.9757,19.0223,0.0467,0.519,-7.4994,4.4608,<pad>,0.158881,substitution,0.946,rule_based_v1
4898b655593c4787b1353f604ed63014.wav,that,t,2,19.0223,19.069,0.0467,0.778,-3.5267,0.9618,<pad>,0.140306,correct,0.71,rule_based_v1
4898b655593c4787b1353f604ed63014.wav,AI,e,0,19.109,19.174,0.065,0.812,-11.8925,11.8923,<pad>,0.150325,substitution,0.95,rule_based_v1
4898b655593c4787b1353f604ed63014.wav,AI,ɪ,1,19.174,19.239,0.065,0.812,-10.7727,10.7717,<pad>,0.15673,substitution,0.95,rule_based_v1
4898b655593c4787b1353f604ed63014.wav,AI,a,2,19.239,19.304,0.065,0.812,-10.9918,7.5912,<pad>,0.155954,substitution,0.95,rule_based_v1
4898b655593c4787b1353f604ed63014.wav,AI,ɪ,3,19.304,19.369,0.065,0.812,-14.2485,14.2482,<pad>,0.121356,substitution,0.95,rule_based_v1
4898b655593c4787b1353f604ed63014.wav,should,ʃ,0,19.409,19.469,0.06,0.6,-5.032,2.4047,<pad>,0.059778,distortion,0.54,rule_based_v1
4898b655593c4787b1353f604ed63014.wav,should,ʊ,1,19.469,19.529,0.06,0.75,-8.3583,6.1439,<pad>,0.114939,substitution,0.95,rule_based_v1
4898b655593c4787b1353f604ed63014.wav,should,d,2,19.529,19.589,0.06,1.2,-2.3731,0.2523,<pad>,0.091386,correct,0.887,rule_based_v1
4898b655593c4787b1353f604ed63014.wav,assist,ɐ,0,19.629,19.689,0.06,0.75,-10.6543,8.412,<pad>,0.050402,substitution,0.95,rule_based_v1
4898b655593c4787b1353f604ed63014.wav,assist,s,1,19.689,19.749,0.06,0.6,-1.5784,0.4573,<pad>,0.047973,correct,0.836,rule_based_v1
4898b655593c4787b1353f604ed63014.wav,assist,ɪ,2,19.749,19.809,0.06,0.75,-7.8518,4.1498,<pad>,0.129763,substitution,0.915,rule_based_v1
4898b655593c4787b1353f604ed63014.wav,assist,s,3,19.809,19.869,0.06,0.6,-5.9605,3.2141,<pad>,0.069879,substitution,0.821,rule_based_v1
4898b655593c4787b1353f604ed63014.wav,assist,t,4,19.869,19.929,0.06,1.0,-4.6716,1.6821,<pad>,0.01807,distortion,0.568,rule_based_v1
4898b655593c4787b1353f604ed63014.wav,humans,h,0,19.969,20.0165,0.0475,0.792,-1.1732,0.0,h,0.051603,correct,0.95,rule_based_v1
4898b655593c4787b1353f604ed63014.wav,humans,j,1,20.0165,20.064,0.0475,0.95,-3.3936,0.0,j,0.131835,correct,0.95,rule_based_v1
4898b655593c4787b1353f604ed63014.wav,humans,u,2,20.064,20.1115,0.0475,0.594,-9.0874,9.0867,<pad>,0.1304,substitution,0.95,rule_based_v1
4898b655593c4787b1353f604ed63014.wav,humans,ː,3,20.1115,20.159,0.0475,0.594,-0.0006,0.0,<pad>,0.164469,correct,0.95,rule_based_v1
4898b655593c4787b1353f604ed63014.wav,humans,m,4,20.159,20.2065,0.0475,0.679,-5.9085,0.9663,<pad>,0.152374,correct,0.708,rule_based_v1
4898b655593c4787b1353f604ed63014.wav,humans,ə,5,20.2065,20.254,0.0475,0.792,-5.1687,1.4529,<pad>,0.121022,distortion,0.55,rule_based_v1
4898b655593c4787b1353f604ed63014.wav,humans,n,6,20.254,20.3015,0.0475,0.792,-10.085,10.0849,<pad>,0.08697,substitution,0.95,rule_based_v1
4898b655593c4787b1353f604ed63014.wav,humans,z,7,20.3015,20.349,0.0475,0.594,-12.9641,10.0492,n,0.032383,substitution,0.95,rule_based_v1
4898b655593c4787b1353f604ed63014.wav,instead,ɪ,0,20.429,20.4757,0.0467,0.583,-13.5632,9.1055,<pad>,0.115406,substitution,0.95,rule_based_v1
4898b655593c4787b1353f604ed63014.wav,instead,n,1,20.4757,20.5223,0.0467,0.778,-6.6066,6.5105,<pad>,0.037831,substitution,0.95,rule_based_v1
4898b655593c4787b1353f604ed63014.wav,instead,s,2,20.5223,20.569,0.0467,0.467,-2.9519,0.0,s,0.029282,correct,0.95,rule_based_v1
4898b655593c4787b1353f604ed63014.wav,instead,t,3,20.569,20.6157,0.0467,0.778,-7.2672,7.2662,<pad>,0.078251,substitution,0.95,rule_based_v1
4898b655593c4787b1353f604ed63014.wav,instead,ɛ,4,20.6157,20.6623,0.0467,0.583,-10.6919,7.3058,<pad>,0.169992,substitution,0.95,rule_based_v1
4898b655593c4787b1353f604ed63014.wav,instead,d,5,20.6623,20.709,0.0467,0.933,-9.5534,4.6254,<pad>,0.080347,substitution,0.95,rule_based_v1
4898b655593c4787b1353f604ed63014.wav,of,ʌ,0,20.749,20.7795,0.0305,0.436,-11.3755,11.3749,<pad>,0.043908,substitution,0.95,rule_based_v1
4898b655593c4787b1353f604ed63014.wav,of,v,1,20.7795,20.81,0.0305,0.436,-8.2278,8.2274,<pad>,0.034223,substitution,0.95,rule_based_v1
4898b655593c4787b1353f604ed63014.wav,replacing,ɹ,0,20.85,20.9011,0.0511,0.639,-7.2102,5.0712,<pad>,0.115314,substitution,0.95,rule_based_v1
4898b655593c4787b1353f604ed63014.wav,replacing,ᵻ,1,20.9011,20.9522,0.0511,0.639,-14.5053,14.5052,<pad>,0.017933,substitution,0.95,rule_based_v1
4898b655593c4787b1353f604ed63014.wav,replacing,p,2,20.9522,21.0033,0.0511,0.852,-11.3189,11.3188,<pad>,0.014029,substitution,0.95,rule_based_v1
4898b655593c4787b1353f604ed63014.wav,replacing,l,3,21.0033,21.0544,0.0511,0.852,-8.2116,3.7567,p,0.107171,substitution,0.876,rule_based_v1
4898b655593c4787b1353f604ed63014.wav,replacing,e,4,21.0544,21.1056,0.0511,0.639,-12.3797,12.1767,l,0.143434,substitution,0.95,rule_based_v1
4898b655593c4787b1353f604ed63014.wav,replacing,ɪ,5,21.1056,21.1567,0.0511,0.639,-10.3065,6.5901,<pad>,0.064496,substitution,0.95,rule_based_v1
4898b655593c4787b1353f604ed63014.wav,replacing,s,6,21.1567,21.2078,0.0511,0.511,-12.6902,12.6897,<pad>,0.041704,substitution,0.95,rule_based_v1
4898b655593c4787b1353f604ed63014.wav,replacing,ɪ,7,21.2078,21.2589,0.0511,0.639,-12.7682,12.7681,<pad>,0.136623,substitution,0.95,rule_based_v1
4898b655593c4787b1353f604ed63014.wav,replacing,ŋ,8,21.2589,21.31,0.0511,0.73,-13.0785,10.0066,s,0.161879,substitution,0.95,rule_based_v1
4898b655593c4787b1353f604ed63014.wav,them,ð,0,21.35,21.39,0.04,0.667,-6.8933,3.6783,<pad>,0.12037,substitution,0.868,rule_based_v1
4898b655593c4787b1353f604ed63014.wav,them,ɛ,1,21.39,21.43,0.04,0.5,-15.4949,15.4948,<pad>,0.119423,substitution,0.95,rule_based_v1
4898b655593c4787b1353f604ed63014.wav,them,m,2,21.43,21.47,0.04,0.571,-4.6572,0.4773,<pad>,0.051966,correct,0.831,rule_based_v1
4898b655593c4787b1353f604ed63014.wav,completely.,k,0,21.51,21.562,0.052,0.743,-9.0468,9.0443,<pad>,0.112766,substitution,0.95,rule_based_v1
4898b655593c4787b1353f604ed63014.wav,completely.,ə,1,21.562,21.614,0.052,0.867,-6.9054,3.3955,<pad>,0.142227,substitution,0.84,rule_based_v1
4898b655593c4787b1353f604ed63014.wav,completely.,m,2,21.614,21.666,0.052,0.743,-0.9461,0.0,m,0.020769,correct,0.95,rule_based_v1
4898b655593c4787b1353f604ed63014.wav,completely.,p,3,21.666,21.718,0.052,0.867,-6.299,2.4153,<pad>,0.010232,distortion,0.642,rule_based_v1
4898b655593c4787b1353f604ed63014.wav,completely.,l,4,21.718,21.77,0.052,0.867,-10.4189,10.4187,<pad>,0.107296,substitution,0.95,rule_based_v1
4898b655593c4787b1353f604ed63014.wav,completely.,i,5,21.77,21.822,0.052,0.65,-11.4461,11.2516,l,0.103468,substitution,0.95,rule_based_v1
4898b655593c4787b1353f604ed63014.wav,completely.,ː,6,21.822,21.874,0.052,0.65,-0.173,-4.427,<pad>,0.039576,correct,0.95,rule_based_v1
4898b655593c4787b1353f604ed63014.wav,completely.,t,7,21.874,21.926,0.052,0.867,-13.4217,13.4217,<pad>,0.038652,substitution,0.95,rule_based_v1
4898b655593c4787b1353f604ed63014.wav,completely.,l,8,21.926,21.978,0.052,0.867,-12.6803,12.68,<pad>,0.061389,substitution,0.95,rule_based_v1
4898b655593c4787b1353f604ed63014.wav,completely.,i,9,21.978,22.03,0.052,0.65,-10.122,7.6799,t,0.032385,substitution,0.95,rule_based_v1
56ec58952f8347829e644882e72caf04.wav,Hello!,h,0,0.171,0.2472,0.0762,1.27,-2.5733,1.1572,<pad>,0.179815,distortion,0.55,rule_based_v1
56ec58952f8347829e644882e72caf04.wav,Hello!,ə,1,0.2472,0.3234,0.0762,1.27,-8.9129,6.8402,<pad>,0.254364,substitution,0.95,rule_based_v1
56ec58952f8347829e644882e72caf04.wav,Hello!,l,2,0.3234,0.3996,0.0762,1.27,-7.6438,7.6432,<pad>,0.203956,substitution,0.95,rule_based_v1
56ec58952f8347829e644882e72caf04.wav,Hello!,o,3,0.3996,0.4758,0.0762,0.952,-13.0296,11.23,<pad>,0.22103,substitution,0.95,rule_based_v1
56ec58952f8347829e644882e72caf04.wav,Hello!,ʊ,4,0.4758,0.552,0.0762,0.952,-12.3008,9.9526,<pad>,0.101498,substitution,0.95,rule_based_v1
56ec58952f8347829e644882e72caf04.wav,My,m,0,0.832,0.8987,0.0667,0.952,-4.7391,0.8821,<pad>,0.239974,correct,0.729,rule_based_v1
56ec58952f8347829e644882e72caf04.wav,My,a,1,0.8987,0.9653,0.0667,0.833,-11.6037,7.9829,<pad>,0.185791,substitution,0.95,rule_based_v1
56ec58952f8347829e644882e72caf04.wav,My,ɪ,2,0.9653,1.032,0.0667,0.833,-11.3444,11.3439,<pad>,0.19991,substitution,0.95,rule_based_v1
56ec58952f8347829e644882e72caf04.wav,name,n,0,1.092,1.1522,0.0602,1.004,-7.4957,4.478,<pad>,0.15386,substitution,0.948,rule_based_v1
56ec58952f8347829e644882e72caf04.wav,name,e,1,1.1522,1.2125,0.0602,0.753,-12.1854,9.3789,<pad>,0.209456,substitution,0.95,rule_based_v1
56ec58952f8347829e644882e72caf04.wav,name,ɪ,2,1.2125,1.2727,0.0602,0.753,-14.4487,14.4487,<pad>,0.216615,substitution,0.95,rule_based_v1
56ec58952f8347829e644882e72caf04.wav,name,m,3,1.2728,1.333,0.0602,0.861,-7.8663,6.3198,<pad>,0.188228,substitution,0.95,rule_based_v1
56ec58952f8347829e644882e72caf04.wav,is,ɪ,0,1.533,1.573,0.04,0.5,-11.3663,11.3662,<pad>,0.183598,substitution,0.95,rule_based_v1
56ec58952f8347829e644882e72caf04.wav,is,z,1,1.573,1.613,0.04,0.5,-6.4949,2.1356,<pad>,0.061706,distortion,0.514,rule_based_v1
56ec58952f8347829e644882e72caf04.wav,John.,d,0,1.713,1.773,0.06,1.2,-9.0764,5.9255,<pad>,0.140304,substitution,0.95,rule_based_v1
56ec58952f8347829e644882e72caf04.wav,John.,ʒ,1,1.773,1.833,0.06,0.75,-13.2321,10.5542,<pad>,0.187818,substitution,0.95,rule_based_v1
56ec58952f8347829e644882e72caf04.wav,John.,ɑ,2,1.833,1.893,0.06,0.75,-17.9318,17.9318,<pad>,0.082814,substitution,0.95,rule_based_v1
56ec58952f8347829e644882e72caf04.wav,John.,ː,3,1.893,1.953,0.06,0.75,-0.0001,0.0,<pad>,0.02295,correct,0.95,rule_based_v1
56ec58952f8347829e644882e72caf04.wav,John.,n,4,1.953,2.013,0.06,1.0,-3.5098,0.8713,<pad>,0.012853,correct,0.732,rule_based_v1
56ec58952f8347829e644882e72caf04.wav,I,a,0,3.035,3.075,0.04,0.5,-13.9289,13.9289,<pad>,0.26148,substitution,0.95,rule_based_v1
56ec58952f8347829e644882e72caf04.wav,I,ɪ,1,3.075,3.115,0.04,0.5,-10.5497,10.5486,<pad>,0.245711,substitution,0.95,rule_based_v1
56ec58952f8347829e644882e72caf04.wav,am,æ,0,3.215,3.265,0.05,0.556,-14.383,14.3829,<pad>,0.234494,substitution,0.95,rule_based_v1
56ec58952f8347829e644882e72caf04.wav,am,m,1,3.265,3.315,0.05,0.714,-8.486,8.4855,<pad>,0.22738,substitution,0.95,rule_based_v1
56ec58952f8347829e644882e72caf04.wav,from,f,0,3.435,3.485,0.05,0.556,-7.4165,7.414,<pad>,0.095309,substitution,0.95,rule_based_v1
56ec58952f8347829e644882e72caf04.wav,from,ɹ,1,3.485,3.535,0.05,0.625,-4.4272,0.0,ɹ,0.272997,correct,0.95,rule_based_v1
56ec58952f8347829e644882e72caf04.wav,from,ʌ,2,3.535,3.585,0.05,0.714,-4.3586,0.2831,<pad>,0.241065,correct,0.879,rule_based_v1
56ec58952f8347829e644882e72caf04.wav,from,m,3,3.585,3.635,0.05,0.714,-10.627,10.6269,<pad>,0.205528,substitution,0.95,rule_based_v1
56ec58952f8347829e644882e72caf04.wav,India.,ɪ,0,3.796,3.868,0.072,0.9,-15.5031,15.5014,<pad>,0.317166,substitution,0.95,rule_based_v1
56ec58952f8347829e644882e72caf04.wav,India.,n,1,3.868,3.94,0.072,1.2,-5.7584,3.1526,<pad>,0.144846,substitution,0.815,rule_based_v1
56ec58952f8347829e644882e72caf04.wav,India.,d,2,3.94,4.012,0.072,1.44,-6.2567,2.5077,<pad>,0.188168,distortion,0.551,rule_based_v1
56ec58952f8347829e644882e72caf04.wav,India.,i,3,4.012,4.084,0.072,0.9,-11.1348,11.1306,<pad>,0.091542,substitution,0.95,rule_based_v1
56ec58952f8347829e644882e72caf04.wav,India.,ə,4,4.084,4.156,0.072,1.2,-8.8846,7.5213,<pad>,0.014526,substitution,0.95,rule_based_v1
56ec58952f8347829e644882e72caf04.wav,I,a,0,5.117,5.147,0.03,0.375,-13.4853,13.4852,<pad>,0.278151,substitution,0.95,rule_based_v1
56ec58952f8347829e644882e72caf04.wav,I,ɪ,1,5.147,5.177,0.03,0.375,-10.5036,10.5028,<pad>,0.274219,substitution,0.95,rule_based_v1
56ec58952f8347829e644882e72caf04.wav,like,l,0,5.257,5.3222,0.0653,1.088,-4.0625,0.9996,<pad>,0.251462,correct,0.7,rule_based_v1
56ec58952f8347829e644882e72caf04.wav,like,a,1,5.3222,5.3875,0.0653,0.816,-11.2554,7.8161,<pad>,0.220596,substitution,0.95,rule_based_v1
56ec58952f8347829e644882e72caf04.wav,like,ɪ,2,5.3875,5.4527,0.0653,0.816,-9.8218,9.8193,<pad>,0.163948,substitution,0.95,rule_based_v1
56ec58952f8347829e644882e72caf04.wav,like,k,3,5.4528,5.518,0.0653,0.932,-7.9891,7.9858,<pad>,0.008156,substitution,0.95,rule_based_v1
56ec58952f8347829e644882e72caf04.wav,reading,ɹ,0,5.618,5.6747,0.0567,0.708,-1.7032,0.0,ɹ,0.255429,correct,0.95,rule_based_v1
56ec58952f8347829e644882e72caf04.wav,reading,i,1,5.6747,5.7313,0.0567,0.708,-7.305,2.5401,<pad>,0.328091,distortion,0.554,rule_based_v1
56ec58952f8347829e644882e72caf04.wav,reading,ː,2,5.7313,5.788,0.0567,0.708,-0.0,0.0,<pad>,0.187523,correct,0.95,rule_based_v1
56ec58952f8347829e644882e72caf04.wav,reading,d,3,5.788,5.8447,0.0567,1.133,-12.6604,12.6604,<pad>,0.25586,substitution,0.95,rule_based_v1
56ec58952f8347829e644882e72caf04.wav,reading,ɪ,4,5.8447,5.9013,0.0567,0.708,-11.6916,7.6517,<pad>,0.28949,substitution,0.95,rule_based_v1
56ec58952f8347829e644882e72caf04.wav,reading,ŋ,5,5.9013,5.958,0.0567,0.81,-10.7992,6.9272,<pad>,0.255441,substitution,0.95,rule_based_v1
56ec58952f8347829e644882e72caf04.wav,books,b,0,6.038,6.1032,0.0653,1.305,-9.614,6.1008,<pad>,0.216402,substitution,0.95,rule_based_v1
56ec58952f8347829e644882e72caf04.wav,books,ʊ,1,6.1032,6.1685,0.0653,0.816,-10.1029,7.4023,<pad>,0.168843,substitution,0.95,rule_based_v1
56ec58952f8347829e644882e72caf04.wav,books,k,2,6.1685,6.2338,0.0653,0.932,-10.8062,10.8062,<pad>,0.006546,substitution,0.95,rule_based_v1
56ec58952f8347829e644882e72caf04.wav,books,s,3,6.2338,6.299,0.0653,0.653,-10.9735,8.4819,<pad>,0.032611,substitution,0.95,rule_based_v1
56ec58952f8347829e644882e72caf04.wav,and,æ,0,6.579,6.619,0.04,0.444,-14.9221,14.9219,<pad>,0.19383,substitution,0.95,rule_based_v1
56ec58952f8347829e644882e72caf04.wav,and,n,1,6.619,6.659,0.04,0.667,-2.8429,1.8707,<pad>,0.217525,distortion,0.55,rule_based_v1
56ec58952f8347829e644882e72caf04.wav,and,d,2,6.659,6.699,0.04,0.8,-5.0361,3.2614,n,0.170776,substitution,0.826,rule_based_v1
56ec58952f8347829e644882e72caf04.wav,watching,w,0,6.779,6.8306,0.0516,1.031,-0.5137,0.0,w,0.184508,correct,0.95,rule_based_v1
56ec58952f8347829e644882e72caf04.wav,watching,ɑ,1,6.8306,6.8821,0.0516,0.645,-11.1819,6.1602,<pad>,0.200356,substitution,0.95,rule_based_v1
56ec58952f8347829e644882e72caf04.wav,watching,ː,2,6.8821,6.9337,0.0516,0.645,-0.0001,0.0,<pad>,0.057868,correct,0.95,rule_based_v1
56ec58952f8347829e644882e72caf04.wav,watching,t,3,6.9337,6.9853,0.0516,0.86,-5.9998,5.9955,<pad>,0.029694,substitution,0.95,rule_based_v1
56ec58952f8347829e644882e72caf04.wav,watching,ʃ,4,6.9853,7.0369,0.0516,0.516,-8.4643,3.6075,<pad>,0.215863,substitution,0.861,rule_based_v1
56ec58952f8347829e644882e72caf04.wav,watching,ɪ,5,7.0369,7.0884,0.0516,0.645,-11.1805,11.1801,<pad>,0.234582,substitution,0.95,rule_based_v1
56ec58952f8347829e644882e72caf04.wav,watching,ŋ,6,7.0884,7.14,0.0516,0.737,-11.9054,8.1852,<pad>,0.235533,substitution,0.95,rule_based_v1
56ec58952f8347829e644882e72caf04.wav,movies.,m,0,7.18,7.2433,0.0633,0.905,-8.1022,2.4878,<pad>,0.241387,distortion,0.549,rule_based_v1
56ec58952f8347829e644882e72caf04.wav,movies.,u,1,7.2433,7.3067,0.0633,0.792,-12.1763,12.1762,<pad>,0.135113,substitution,0.95,rule_based_v1
56ec58952f8347829e644882e72caf04.wav,movies.,ː,2,7.3067,7.37,0.0633,0.792,-0.005,-2.6572,<pad>,0.076173,correct,0.95,rule_based_v1
56ec58952f8347829e644882e72caf04.wav,movies.,v,3,7.37,7.4333,0.0633,0.905,-16.2714,14.1811,<pad>,0.062359,substitution,0.95,rule_based_v1
56ec58952f8347829e644882e72caf04.wav,movies.,ɪ,4,7.4333,7.4967,0.0633,0.792,-14.1516,14.1516,<pad>,0.009539,substitution,0.95,rule_based_v1
56ec58952f8347829e644882e72caf04.wav,movies.,z,5,7.4967,7.56,0.0633,0.792,-12.5924,12.5923,<pad>,0.008703,substitution,0.95,rule_based_v1
56ec58952f8347829e644882e72caf04.wav,Yesterday,j,0,8.562,8.632,0.07,1.4,-5.8352,2.4839,<pad>,0.280492,distortion,0.548,rule_based_v1
56ec58952f8347829e644882e72caf04.wav,Yesterday,ɛ,1,8.632,8.702,0.07,0.875,-11.8232,11.8227,<pad>,0.188348,substitution,0.95,rule_based_v1
56ec58952f8347829e644882e72caf04.wav,Yesterday,s,2,8.702,8.772,0.07,0.7,-5.9291,2.5734,<pad>,0.057555,distortion,0.557,rule_based_v1
56ec58952f8347829e644882e72caf04.wav,Yesterday,t,3,8.772,8.842,0.07,1.167,-5.338,2.7924,<pad>,0.196518,distortion,0.579,rule_based_v1
56ec58952f8347829e644882e72caf04.wav,Yesterday,ɚ,4,8.842,8.912,0.07,0.875,-8.3282,5.2938,<pad>,0.279616,substitution,0.95,rule_based_v1
56ec58952f8347829e644882e72caf04.wav,Yesterday,d,5,8.912,8.982,0.07,1.4,-10.8281,10.8263,<pad>,0.168632,substitution,0.95,rule_based_v1
56ec58952f8347829e644882e72caf04.wav,Yesterday,e,6,8.982,9.052,0.07,0.875,-12.2554,9.1158,<pad>,0.297653,substitution,0.95,rule_based_v1
56ec58952f8347829e644882e72caf04.wav,Yesterday,ɪ,7,9.052,9.122,0.07,0.875,-10.0194,8.6329,<pad>,0.209345,substitution,0.95,rule_based_v1
56ec58952f8347829e644882e72caf04.wav,I,a,0,9.323,9.373,0.05,0.625,-13.818,13.8179,<pad>,0.213298,substitution,0.95,rule_based_v1
56ec58952f8347829e644882e72caf04.wav,I,ɪ,1,9.373,9.423,0.05,0.625,-9.7979,9.7974,<pad>,0.16725,substitution,0.95,rule_based_v1
56ec58952f8347829e644882e72caf04.wav,visited,v,0,9.483,9.5401,0.0571,0.816,-9.2187,4.5009,<pad>,0.241839,substitution,0.95,rule_based_v1
56ec58952f8347829e644882e72caf04.wav,visited,ɪ,1,9.5401,9.5973,0.0571,0.714,-11.8173,11.8172,<pad>,0.123043,substitution,0.95,rule_based_v1
56ec58952f8347829e644882e72caf04.wav,visited,z,2,9.5973,9.6544,0.0571,0.714,-6.5253,0.9988,<pad>,0.176763,correct,0.7,rule_based_v1
56ec58952f8347829e644882e72caf04.wav,visited,ɪ,3,9.6544,9.7116,0.0571,0.714,-5.2729,2.1112,<pad>,0.073161,distortion,0.511,rule_based_v1
56ec58952f8347829e644882e72caf04.wav,visited,ɾ,4,9.7116,9.7687,0.0571,0.714,-12.206,12.2059,<pad>,0.166285,substitution,0.95,rule_based_v1
56ec58952f8347829e644882e72caf04.wav,visited,ᵻ,5,9.7687,9.8259,0.0571,0.714,-15.2503,15.2497,<pad>,0.219941,substitution,0.95,rule_based_v1
56ec58952f8347829e644882e72caf04.wav,visited,d,6,9.8259,9.883,0.0571,1.143,-6.655,4.239,<pad>,0.053644,substitution,0.924,rule_based_v1
56ec58952f8347829e644882e72caf04.wav,my,m,0,9.983,10.0433,0.0603,0.862,-6.7713,4.9699,<pad>,0.218631,substitution,0.95,rule_based_v1
56ec58952f8347829e644882e72caf04.wav,my,a,1,10.0433,10.1037,0.0603,0.754,-14.0201,14.02,<pad>,0.151771,substitution,0.95,rule_based_v1
56ec58952f8347829e644882e72caf04.wav,my,ɪ,2,10.1037,10.164,0.0603,0.754,-9.4555,9.4549,<pad>,0.101581,substitution,0.95,rule_based_v1
56ec58952f8347829e644882e72caf04.wav,friend,f,0,10.264,10.324,0.06,0.667,-10.4254,8.3397,<pad>,0.122661,substitution,0.95,rule_based_v1
56ec58952f8347829e644882e72caf04.wav,friend,ɹ,1,10.324,10.384,0.06,0.75,-14.8664,11.5056,<pad>,0.179929,substitution,0.95,rule_based_v1
56ec58952f8347829e644882e72caf04.wav,friend,ɛ,2,10.384,10.444,0.06,0.75,-15.6783,15.6783,<pad>,0.111937,substitution,0.95,rule_based_v1
56ec58952f8347829e644882e72caf04.wav,friend,n,3,10.444,10.504,0.06,1.0,-7.0799,6.1752,<pad>,0.120675,substitution,0.95,rule_based_v1
56ec58952f8347829e644882e72caf04.wav,friend,d,4,10.504,10.564,0.06,1.2,-5.9244,3.3794,<pad>,0.148705,substitution,0.838,rule_based_v1
56ec58952f8347829e644882e72caf04.wav,and,æ,0,10.945,10.985,0.04,0.444,-14.7676,14.7674,<pad>,0.252685,substitution,0.95,rule_based_v1
56ec58952f8347829e644882e72caf04.wav,and,n,1,10.985,11.025,0.04,0.667,-1.6371,0.0,n,0.278914,correct,0.95,rule_based_v1
56ec58952f8347829e644882e72caf04.wav,and,d,2,11.025,11.065,0.04,0.8,-1.6175,0.0,d,0.225802,correct,0.95,rule_based_v1
56ec58952f8347829e644882e72caf04.wav,we,w,0,11.125,11.1717,0.0467,0.933,-5.4897,2.5966,<pad>,0.25151,distortion,0.56,rule_based_v1
56ec58952f8347829e644882e72caf04.wav,we,i,1,11.1717,11.2183,0.0467,0.583,-7.5304,2.8596,<pad>,0.219243,distortion,0.586,rule_based_v1
56ec58952f8347829e644882e72caf04.wav,we,ː,2,11.2183,11.265,0.0467,0.583,-0.0015,0.0,<pad>,0.104009,correct,0.95,rule_based_v1
56ec58952f8347829e644882e72caf04.wav,ate,e,0,11.445,11.525,0.08,1.0,-14.7413,14.7409,<pad>,0.063018,substitution,0.95,rule_based_v1
56ec58952f8347829e644882e72caf04.wav,ate,ɪ,1,11.525,11.605,0.08,1.0,-8.1019,5.5304,<pad>,0.276163,substitution,0.95,rule_based_v1
56ec58952f8347829e644882e72caf04.wav,ate,t,2,11.605,11.685,0.08,1.333,-8.945,8.1493,<pad>,0.101444,substitution,0.95,rule_based_v1
56ec58952f8347829e644882e72caf04.wav,dinner,d,0,11.786,11.856,0.07,1.4,-7.434,1.0388,<pad>,0.209437,distortion,0.55,rule_based_v1
56ec58952f8347829e644882e72caf04.wav,dinner,ɪ,1,11.856,11.926,0.07,0.875,-13.4554,13.4551,<pad>,0.262558,substitution,0.95,rule_based_v1
56ec58952f8347829e644882e72caf04.wav,dinner,n,2,11.926,11.996,0.07,1.167,-3.3326,0.3651,<pad>,0.256076,correct,0.859,rule_based_v1
56ec58952f8347829e644882e72caf04.wav,dinner,ɚ,3,11.996,12.066,0.07,0.875,-7.293,4.5262,<pad>,0.176813,substitution,0.95,rule_based_v1
56ec58952f8347829e644882e72caf04.wav,together.,t,0,12.146,12.2228,0.0768,1.281,-4.763,0.4869,<pad>,0.216919,correct,0.828,rule_based_v1
56ec58952f8347829e644882e72caf04.wav,together.,ə,1,12.2228,12.2997,0.0768,1.281,-12.4477,12.4477,<pad>,0.087705,substitution,0.95,rule_based_v1
56ec58952f8347829e644882e72caf04.wav,together.,ɡ,2,12.2997,12.3765,0.0768,1.537,-8.3148,5.3264,<pad>,0.194727,substitution,0.95,rule_based_v1
56ec58952f8347829e644882e72caf04.wav,together.,ɛ,3,12.3765,12.4533,0.0768,0.96,-8.8178,5.4074,<pad>,0.051776,substitution,0.95,rule_based_v1
56ec58952f8347829e644882e72caf04.wav,together.,ð,4,12.4533,12.5302,0.0768,1.281,-9.3544,6.571,<pad>,0.092272,substitution,0.95,rule_based_v1
56ec58952f8347829e644882e72caf04.wav,together.,ɚ,5,12.5302,12.607,0.0768,0.96,-8.6181,6.2402,<pad>,0.018738,substitution,0.95,rule_based_v1
56ec58952f8347829e644882e72caf04.wav,It,ɪ,0,13.588,13.628,0.04,0.5,-10.4342,10.4333,<pad>,0.038553,substitution,0.95,rule_based_v1
56ec58952f8347829e644882e72caf04.wav,It,t,1,13.628,13.668,0.04,0.667,-4.4621,1.1298,<pad>,0.014422,distortion,0.55,rule_based_v1
56ec58952f8347829e644882e72caf04.wav,was,w,0,13.748,13.828,0.08,1.6,-9.9088,8.5062,<pad>,0.283458,substitution,0.95,rule_based_v1
56ec58952f8347829e644882e72caf04.wav,was,ʌ,1,13.828,13.908,0.08,1.143,-11.9451,11.945,<pad>,0.243038,substitution,0.95,rule_based_v1
56ec58952f8347829e644882e72caf04.wav,was,z,2,13.908,13.988,0.08,1.0,-6.6624,5.0332,<pad>,0.074428,substitution,0.95,rule_based_v1
56ec58952f8347829e644882e72caf04.wav,very,v,0,14.088,14.1582,0.0703,1.004,-7.2402,1.5014,<pad>,0.203019,distortion,0.55,rule_based_v1
56ec58952f8347829e644882e72caf04.wav,very,ɛ,1,14.1582,14.2285,0.0703,0.878,-10.3153,10.315,<pad>,0.215303,substitution,0.95,rule_based_v1
56ec58952f8347829e644882e72caf04.wav,very,ɹ,2,14.2285,14.2988,0.0703,0.878,-5.9467,4.4376,<pad>,0.208939,substitution,0.944,rule_based_v1
56ec58952f8347829e644882e72caf04.wav,very,i,3,14.2988,14.369,0.0703,0.878,-7.4175,5.3048,<pad>,0.171708,substitution,0.95,rule_based_v1
56ec58952f8347829e644882e72caf04.wav,enjoyable.,ɛ,0,14.529,14.5871,0.0581,0.726,-13.4108,11.5284,<pad>,0.294189,substitution,0.95,rule_based_v1
56ec58952f8347829e644882e72caf04.wav,enjoyable.,n,1,14.5871,14.6452,0.0581,0.968,-4.1088,2.8373,<pad>,0.117189,distortion,0.584,rule_based_v1
56ec58952f8347829e644882e72caf04.wav,enjoyable.,d,2,14.6452,14.7033,0.0581,1.162,-8.0855,3.1543,<pad>,0.182951,substitution,0.815,rule_based_v1
56ec58952f8347829e644882e72caf04.wav,enjoyable.,ʒ,3,14.7033,14.7614,0.0581,0.726,-11.6918,11.6899,<pad>,0.226013,substitution,0.95,rule_based_v1
56ec58952f8347829e644882e72caf04.wav,enjoyable.,ɔ,4,14.7614,14.8195,0.0581,0.726,-8.4538,2.1895,w,0.15922,distortion,0.519,rule_based_v1
56ec58952f8347829e644882e72caf04.wav,enjoyable.,ɪ,5,14.8195,14.8776,0.0581,0.726,-16.4384,16.4384,<pad>,0.089857,substitution,0.95,rule_based_v1
56ec58952f8347829e644882e72caf04.wav,enjoyable.,ə,6,14.8776,14.9357,0.0581,0.968,-15.1565,15.1564,<pad>,0.00786,substitution,0.95,rule_based_v1
56ec58952f8347829e644882e72caf04.wav,enjoyable.,b,7,14.9357,14.9938,0.0581,1.162,-14.5828,14.5818,<pad>,0.104295,substitution,0.95,rule_based_v1
56ec58952f8347829e644882e72caf04.wav,enjoyable.,ə,8,14.9938,15.0519,0.0581,0.968,-9.7059,9.7055,<pad>,0.092888,substitution,0.95,rule_based_v1
56ec58952f8347829e644882e72caf04.wav,enjoyable.,l,9,15.0519,15.11,0.0581,0.968,-11.7379,10.191,<pad>,0.016528,substitution,0.95,rule_based_v1
6a06f6a2ee77438686e4afe930912099.wav,"Hello,",h,0,0.793,0.8856,0.0926,1.543,-9.8419,8.4606,<pad>,0.270086,substitution,0.95,rule_based_v1
6a06f6a2ee77438686e4afe930912099.wav,"Hello,",ə,1,0.8856,0.9782,0.0926,1.543,-13.506,13.5057,<pad>,0.219275,substitution,0.95,rule_based_v1
6a06f6a2ee77438686e4afe930912099.wav,"Hello,",l,2,0.9782,1.0708,0.0926,1.543,-6.1268,4.4686,<pad>,0.164647,substitution,0.947,rule_based_v1
6a06f6a2ee77438686e4afe930912099.wav,"Hello,",o,3,1.0708,1.1634,0.0926,1.157,-12.3432,10.7795,<pad>,0.160349,substitution,0.95,rule_based_v1
6a06f6a2ee77438686e4afe930912099.wav,"Hello,",ʊ,4,1.1634,1.256,0.0926,1.157,-13.886,13.8859,<pad>,0.129756,substitution,0.95,rule_based_v1
6a06f6a2ee77438686e4afe930912099.wav,what,w,0,1.337,1.4107,0.0737,1.473,-4.014,1.4291,<pad>,0.117629,distortion,0.55,rule_based_v1
6a06f6a2ee77438686e4afe930912099.wav,what,ʌ,1,1.4107,1.4843,0.0737,1.052,-14.5692,14.5691,<pad>,0.063229,substitution,0.95,rule_based_v1
6a06f6a2ee77438686e4afe930912099.wav,what,t,2,1.4843,1.558,0.0737,1.228,-6.2005,6.1963,<pad>,0.014463,substitution,0.95,rule_based_v1
6a06f6a2ee77438686e4afe930912099.wav,are,ɑ,0,1.639,1.679,0.04,0.5,-17.8131,17.8131,<pad>,0.092339,substitution,0.95,rule_based_v1
6a06f6a2ee77438686e4afe930912099.wav,are,ː,1,1.679,1.719,0.04,0.5,-0.0001,0.0,<pad>,0.054211,correct,0.95,rule_based_v1
6a06f6a2ee77438686e4afe930912099.wav,are,ɹ,2,1.719,1.759,0.04,0.5,-1.9199,0.0,ɹ,0.036058,correct,0.95,rule_based_v1
6a06f6a2ee77438686e4afe930912099.wav,you,j,0,1.78,1.8067,0.0267,0.533,-10.675,10.6747,<pad>,0.029672,substitution,0.95,rule_based_v1
6a06f6a2ee77438686e4afe930912099.wav,you,u,1,1.8067,1.8333,0.0267,0.333,-11.4006,11.3988,<pad>,0.015661,substitution,0.95,rule_based_v1
6a06f6a2ee77438686e4afe930912099.wav,you,ː,2,1.8333,1.86,0.0267,0.333,-0.0029,0.0,<pad>,0.01445,correct,0.95,rule_based_v1
6a06f6a2ee77438686e4afe930912099.wav,doing,d,0,1.9,1.9926,0.0926,1.852,-7.777,4.5459,<pad>,0.028377,substitution,0.95,rule_based_v1
6a06f6a2ee77438686e4afe930912099.wav,doing,u,1,1.9926,2.0852,0.0926,1.158,-14.1288,14.1288,<pad>,0.015804,substitution,0.95,rule_based_v1
6a06f6a2ee77438686e4afe930912099.wav,doing,ː,2,2.0852,2.1778,0.0926,1.158,-0.0022,0.0,<pad>,0.019414,correct,0.95,rule_based_v1
6a06f6a2ee77438686e4afe930912099.wav,doing,ɪ,3,2.1778,2.2704,0.0926,1.158,-8.4826,7.5825,<pad>,0.029938,substitution,0.95,rule_based_v1
6a06f6a2ee77438686e4afe930912099.wav,doing,ŋ,4,2.2704,2.363,0.0926,1.323,-12.8008,12.2669,<pad>,0.016813,substitution,0.95,rule_based_v1
6a06f6a2ee77438686e4afe930912099.wav,and,æ,0,2.424,2.4573,0.0333,0.37,-12.7973,12.7966,<pad>,0.027496,substitution,0.95,rule_based_v1
6a06f6a2ee77438686e4afe930912099.wav,and,n,1,2.4573,2.4907,0.0333,0.556,-5.1952,5.1895,<pad>,0.012554,substitution,0.95,rule_based_v1
6a06f6a2ee77438686e4afe930912099.wav,and,d,2,2.4907,2.524,0.0333,0.667,-7.9498,7.9163,n,0.012692,substitution,0.95,rule_based_v1
6a06f6a2ee77438686e4afe930912099.wav,what,w,0,2.565,2.6387,0.0737,1.473,-3.0148,0.0,w,0.181734,correct,0.95,rule_based_v1
6a06f6a2ee77438686e4afe930912099.wav,what,ʌ,1,2.6387,2.7123,0.0737,1.052,-14.3669,14.3668,<pad>,0.125461,substitution,0.95,rule_based_v1
6a06f6a2ee77438686e4afe930912099.wav,what,t,2,2.7123,2.786,0.0737,1.228,-5.0784,5.0679,<pad>,0.028933,substitution,0.95,rule_based_v1
6a06f6a2ee77438686e4afe930912099.wav,about,ɐ,0,2.847,2.8952,0.0482,0.603,-10.6549,7.109,b,0.016827,substitution,0.95,rule_based_v1
6a06f6a2ee77438686e4afe930912099.wav,about,b,1,2.8952,2.9434,0.0482,0.964,-9.6481,4.872,<pad>,0.121629,substitution,0.95,rule_based_v1
6a06f6a2ee77438686e4afe930912099.wav,about,a,2,2.9434,2.9916,0.0482,0.603,-13.9266,13.9265,<pad>,0.061092,substitution,0.95,rule_based_v1
6a06f6a2ee77438686e4afe930912099.wav,about,ʊ,3,2.9916,3.0398,0.0482,0.603,-11.3982,11.3949,<pad>,0.009484,substitution,0.95,rule_based_v1
6a06f6a2ee77438686e4afe930912099.wav,about,t,4,3.0398,3.088,0.0482,0.803,-5.8286,5.8209,<pad>,0.011359,substitution,0.95,rule_based_v1
6a06f6a2ee77438686e4afe930912099.wav,my,m,0,3.149,3.2027,0.0537,0.767,-3.0619,0.0,m,0.033782,correct,0.95,rule_based_v1
6a06f6a2ee77438686e4afe930912099.wav,my,a,1,3.2027,3.2563,0.0537,0.671,-11.4211,11.4202,<pad>,0.034651,substitution,0.95,rule_based_v1
6a06f6a2ee77438686e4afe930912099.wav,my,ɪ,2,3.2563,3.31,0.0537,0.671,-8.2605,8.2577,<pad>,0.023861,substitution,0.95,rule_based_v1
6a06f6a2ee77438686e4afe930912099.wav,voice,v,0,3.39,3.4705,0.0805,1.15,-10.5199,8.8851,<pad>,0.222173,substitution,0.95,rule_based_v1
6a06f6a2ee77438686e4afe930912099.wav,voice,ɔ,1,3.4705,3.551,0.0805,1.006,-18.3121,18.3119,<pad>,0.162803,substitution,0.95,rule_based_v1
6a06f6a2ee77438686e4afe930912099.wav,voice,ɪ,2,3.551,3.6315,0.0805,1.006,-7.0707,7.0664,<pad>,0.053993,substitution,0.95,rule_based_v1
6a06f6a2ee77438686e4afe930912099.wav,voice,s,3,3.6315,3.712,0.0805,0.805,-4.789,2.1301,<pad>,0.029333,distortion,0.513,rule_based_v1
6a06f6a2ee77438686e4afe930912099.wav,and,æ,0,3.773,3.8063,0.0333,0.37,-11.0673,11.0647,<pad>,0.019177,substitution,0.95,rule_based_v1
6a06f6a2ee77438686e4afe930912099.wav,and,n,1,3.8063,3.8397,0.0333,0.556,-2.2293,2.114,<pad>,0.025077,distortion,0.511,rule_based_v1
6a06f6a2ee77438686e4afe930912099.wav,and,d,2,3.8397,3.873,0.0333,0.667,-5.6926,5.6632,n,0.022568,substitution,0.95,rule_based_v1
6a06f6a2ee77438686e4afe930912099.wav,pronunciation?,p,0,3.914,4.0022,0.0882,1.471,-7.356,3.6172,ɹ,0.075512,substitution,0.862,rule_based_v1
6a06f6a2ee77438686e4afe930912099.wav,pronunciation?,ɹ,1,4.0022,4.0905,0.0882,1.103,-11.3723,9.7077,<pad>,0.098571,substitution,0.95,rule_based_v1
6a06f6a2ee77438686e4afe930912099.wav,pronunciation?,ə,2,4.0905,4.1787,0.0882,1.471,-10.9048,8.8933,<pad>,0.069159,substitution,0.95,rule_based_v1
6a06f6a2ee77438686e4afe930912099.wav,pronunciation?,n,3,4.1787,4.2669,0.0882,1.471,-6.1475,4.2393,<pad>,0.03195,substitution,0.924,rule_based_v1
6a06f6a2ee77438686e4afe930912099.wav,pronunciation?,ʌ,4,4.2669,4.3552,0.0882,1.26,-14.352,11.4333,<pad>,0.050017,substitution,0.95,rule_based_v1
6a06f6a2ee77438686e4afe930912099.wav,pronunciation?,n,5,4.3552,4.4434,0.0882,1.471,-10.6493,9.4631,<pad>,0.12617,substitution,0.95,rule_based_v1
6a06f6a2ee77438686e4afe930912099.wav,pronunciation?,s,6,4.4434,4.5316,0.0882,0.882,-15.0557,13.2229,<pad>,0.105713,substitution,0.95,rule_based_v1
6a06f6a2ee77438686e4afe930912099.wav,pronunciation?,ɪ,7,4.5316,4.6198,0.0882,1.103,-10.4732,10.4729,<pad>,0.079423,substitution,0.95,rule_based_v1
6a06f6a2ee77438686e4afe930912099.wav,pronunciation?,e,8,4.6198,4.7081,0.0882,1.103,-14.4469,11.9403,<pad>,0.064826,substitution,0.95,rule_based_v1
6a06f6a2ee77438686e4afe930912099.wav,pronunciation?,ɪ,9,4.7081,4.7963,0.0882,1.103,-12.4283,12.4279,<pad>,0.115616,substitution,0.95,rule_based_v1
6a06f6a2ee77438686e4afe930912099.wav,pronunciation?,ʃ,10,4.7963,4.8845,0.0882,0.882,-16.9913,15.2928,<pad>,0.084024,substitution,0.95,rule_based_v1
6a06f6a2ee77438686e4afe930912099.wav,pronunciation?,ə,11,4.8845,4.9728,0.0882,1.471,-13.2628,13.2627,<pad>,0.051697,substitution,0.95,rule_based_v1
6a06f6a2ee77438686e4afe930912099.wav,pronunciation?,n,12,4.9728,5.061,0.0882,1.471,-8.7709,8.7708,<pad>,0.016929,substitution,0.95,rule_based_v1
708c879be25f46ee903364bb1a072452.wav,Hello!,h,0,0.171,0.2472,0.0762,1.27,-2.5733,1.1572,<pad>,0.179815,distortion,0.55,rule_based_v1
708c879be25f46ee903364bb1a072452.wav,Hello!,ə,1,0.2472,0.3234,0.0762,1.27,-8.9129,6.8402,<pad>,0.254364,substitution,0.95,rule_based_v1
708c879be25f46ee903364bb1a072452.wav,Hello!,l,2,0.3234,0.3996,0.0762,1.27,-7.6438,7.6432,<pad>,0.203956,substitution,0.95,rule_based_v1
708c879be25f46ee903364bb1a072452.wav,Hello!,o,3,0.3996,0.4758,0.0762,0.952,-13.0296,11.23,<pad>,0.22103,substitution,0.95,rule_based_v1
708c879be25f46ee903364bb1a072452.wav,Hello!,ʊ,4,0.4758,0.552,0.0762,0.952,-12.3008,9.9526,<pad>,0.101498,substitution,0.95,rule_based_v1
708c879be25f46ee903364bb1a072452.wav,My,m,0,0.832,0.8987,0.0667,0.952,-4.7391,0.8821,<pad>,0.239974,correct,0.729,rule_based_v1
708c879be25f46ee903364bb1a072452.wav,My,a,1,0.8987,0.9653,0.0667,0.833,-11.6037,7.9829,<pad>,0.185791,substitution,0.95,rule_based_v1
708c879be25f46ee903364bb1a072452.wav,My,ɪ,2,0.9653,1.032,0.0667,0.833,-11.3444,11.3439,<pad>,0.19991,substitution,0.95,rule_based_v1
708c879be25f46ee903364bb1a072452.wav,name,n,0,1.092,1.1522,0.0602,1.004,-7.4957,4.478,<pad>,0.15386,substitution,0.948,rule_based_v1
708c879be25f46ee903364bb1a072452.wav,name,e,1,1.1522,1.2125,0.0602,0.753,-12.1854,9.3789,<pad>,0.209456,substitution,0.95,rule_based_v1
708c879be25f46ee903364bb1a072452.wav,name,ɪ,2,1.2125,1.2727,0.0602,0.753,-14.4487,14.4487,<pad>,0.216615,substitution,0.95,rule_based_v1
708c879be25f46ee903364bb1a072452.wav,name,m,3,1.2728,1.333,0.0602,0.861,-7.8663,6.3198,<pad>,0.188228,substitution,0.95,rule_based_v1
708c879be25f46ee903364bb1a072452.wav,is,ɪ,0,1.533,1.573,0.04,0.5,-11.3663,11.3662,<pad>,0.183598,substitution,0.95,rule_based_v1
708c879be25f46ee903364bb1a072452.wav,is,z,1,1.573,1.613,0.04,0.5,-6.4949,2.1356,<pad>,0.061706,distortion,0.514,rule_based_v1
708c879be25f46ee903364bb1a072452.wav,John.,d,0,1.713,1.773,0.06,1.2,-9.0764,5.9255,<pad>,0.140304,substitution,0.95,rule_based_v1
708c879be25f46ee903364bb1a072452.wav,John.,ʒ,1,1.773,1.833,0.06,0.75,-13.2321,10.5542,<pad>,0.187818,substitution,0.95,rule_based_v1
708c879be25f46ee903364bb1a072452.wav,John.,ɑ,2,1.833,1.893,0.06,0.75,-17.9318,17.9318,<pad>,0.082814,substitution,0.95,rule_based_v1
708c879be25f46ee903364bb1a072452.wav,John.,ː,3,1.893,1.953,0.06,0.75,-0.0001,0.0,<pad>,0.02295,correct,0.95,rule_based_v1
708c879be25f46ee903364bb1a072452.wav,John.,n,4,1.953,2.013,0.06,1.0,-3.5098,0.8713,<pad>,0.012853,correct,0.732,rule_based_v1
708c879be25f46ee903364bb1a072452.wav,I,a,0,3.035,3.075,0.04,0.5,-13.9289,13.9289,<pad>,0.26148,substitution,0.95,rule_based_v1
708c879be25f46ee903364bb1a072452.wav,I,ɪ,1,3.075,3.115,0.04,0.5,-10.5497,10.5486,<pad>,0.245711,substitution,0.95,rule_based_v1
708c879be25f46ee903364bb1a072452.wav,am,æ,0,3.215,3.265,0.05,0.556,-14.383,14.3829,<pad>,0.234494,substitution,0.95,rule_based_v1
708c879be25f46ee903364bb1a072452.wav,am,m,1,3.265,3.315,0.05,0.714,-8.486,8.4855,<pad>,0.22738,substitution,0.95,rule_based_v1
708c879be25f46ee903364bb1a072452.wav,from,f,0,3.435,3.485,0.05,0.556,-7.4165,7.414,<pad>,0.095309,substitution,0.95,rule_based_v1
708c879be25f46ee903364bb1a072452.wav,from,ɹ,1,3.485,3.535,0.05,0.625,-4.4272,0.0,ɹ,0.272997,correct,0.95,rule_based_v1
708c879be25f46ee903364bb1a072452.wav,from,ʌ,2,3.535,3.585,0.05,0.714,-4.3586,0.2831,<pad>,0.241065,correct,0.879,rule_based_v1
708c879be25f46ee903364bb1a072452.wav,from,m,3,3.585,3.635,0.05,0.714,-10.627,10.6269,<pad>,0.205528,substitution,0.95,rule_based_v1
708c879be25f46ee903364bb1a072452.wav,India.,ɪ,0,3.796,3.868,0.072,0.9,-15.5031,15.5014,<pad>,0.317166,substitution,0.95,rule_based_v1
708c879be25f46ee903364bb1a072452.wav,India.,n,1,3.868,3.94,0.072,1.2,-5.7584,3.1526,<pad>,0.144846,substitution,0.815,rule_based_v1
708c879be25f46ee903364bb1a072452.wav,India.,d,2,3.94,4.012,0.072,1.44,-6.2567,2.5077,<pad>,0.188168,distortion,0.551,rule_based_v1
708c879be25f46ee903364bb1a072452.wav,India.,i,3,4.012,4.084,0.072,0.9,-11.1348,11.1306,<pad>,0.091542,substitution,0.95,rule_based_v1
708c879be25f46ee903364bb1a072452.wav,India.,ə,4,4.084,4.156,0.072,1.2,-8.8846,7.5213,<pad>,0.014526,substitution,0.95,rule_based_v1
708c879be25f46ee903364bb1a072452.wav,I,a,0,5.117,5.147,0.03,0.375,-13.4853,13.4852,<pad>,0.278151,substitution,0.95,rule_based_v1
708c879be25f46ee903364bb1a072452.wav,I,ɪ,1,5.147,5.177,0.03,0.375,-10.5036,10.5028,<pad>,0.274219,substitution,0.95,rule_based_v1
708c879be25f46ee903364bb1a072452.wav,like,l,0,5.257,5.3222,0.0653,1.088,-4.0625,0.9996,<pad>,0.251462,correct,0.7,rule_based_v1
708c879be25f46ee903364bb1a072452.wav,like,a,1,5.3222,5.3875,0.0653,0.816,-11.2554,7.8161,<pad>,0.220596,substitution,0.95,rule_based_v1
708c879be25f46ee903364bb1a072452.wav,like,ɪ,2,5.3875,5.4527,0.0653,0.816,-9.8218,9.8193,<pad>,0.163948,substitution,0.95,rule_based_v1
708c879be25f46ee903364bb1a072452.wav,like,k,3,5.4528,5.518,0.0653,0.932,-7.9891,7.9858,<pad>,0.008156,substitution,0.95,rule_based_v1
708c879be25f46ee903364bb1a072452.wav,reading,ɹ,0,5.618,5.6747,0.0567,0.708,-1.7032,0.0,ɹ,0.255429,correct,0.95,rule_based_v1
708c879be25f46ee903364bb1a072452.wav,reading,i,1,5.6747,5.7313,0.0567,0.708,-7.305,2.5401,<pad>,0.328091,distortion,0.554,rule_based_v1
708c879be25f46ee903364bb1a072452.wav,reading,ː,2,5.7313,5.788,0.0567,0.708,-0.0,0.0,<pad>,0.187523,correct,0.95,rule_based_v1
708c879be25f46ee903364bb1a072452.wav,reading,d,3,5.788,5.8447,0.0567,1.133,-12.6604,12.6604,<pad>,0.25586,substitution,0.95,rule_based_v1
708c879be25f46ee903364bb1a072452.wav,reading,ɪ,4,5.8447,5.9013,0.0567,0.708,-11.6916,7.6517,<pad>,0.28949,substitution,0.95,rule_based_v1
708c879be25f46ee903364bb1a072452.wav,reading,ŋ,5,5.9013,5.958,0.0567,0.81,-10.7992,6.9272,<pad>,0.255441,substitution,0.95,rule_based_v1
708c879be25f46ee903364bb1a072452.wav,books,b,0,6.038,6.1032,0.0653,1.305,-9.614,6.1008,<pad>,0.216402,substitution,0.95,rule_based_v1
708c879be25f46ee903364bb1a072452.wav,books,ʊ,1,6.1032,6.1685,0.0653,0.816,-10.1029,7.4023,<pad>,0.168843,substitution,0.95,rule_based_v1
708c879be25f46ee903364bb1a072452.wav,books,k,2,6.1685,6.2338,0.0653,0.932,-10.8062,10.8062,<pad>,0.006546,substitution,0.95,rule_based_v1
708c879be25f46ee903364bb1a072452.wav,books,s,3,6.2338,6.299,0.0653,0.653,-10.9735,8.4819,<pad>,0.032611,substitution,0.95,rule_based_v1
708c879be25f46ee903364bb1a072452.wav,and,æ,0,6.579,6.619,0.04,0.444,-14.9221,14.9219,<pad>,0.19383,substitution,0.95,rule_based_v1
708c879be25f46ee903364bb1a072452.wav,and,n,1,6.619,6.659,0.04,0.667,-2.8429,1.8707,<pad>,0.217525,distortion,0.55,rule_based_v1
708c879be25f46ee903364bb1a072452.wav,and,d,2,6.659,6.699,0.04,0.8,-5.0361,3.2614,n,0.170776,substitution,0.826,rule_based_v1
708c879be25f46ee903364bb1a072452.wav,watching,w,0,6.779,6.8306,0.0516,1.031,-0.5137,0.0,w,0.184508,correct,0.95,rule_based_v1
708c879be25f46ee903364bb1a072452.wav,watching,ɑ,1,6.8306,6.8821,0.0516,0.645,-11.1819,6.1602,<pad>,0.200356,substitution,0.95,rule_based_v1
708c879be25f46ee903364bb1a072452.wav,watching,ː,2,6.8821,6.9337,0.0516,0.645,-0.0001,0.0,<pad>,0.057868,correct,0.95,rule_based_v1
708c879be25f46ee903364bb1a072452.wav,watching,t,3,6.9337,6.9853,0.0516,0.86,-5.9998,5.9955,<pad>,0.029694,substitution,0.95,rule_based_v1
708c879be25f46ee903364bb1a072452.wav,watching,ʃ,4,6.9853,7.0369,0.0516,0.516,-8.4643,3.6075,<pad>,0.215863,substitution,0.861,rule_based_v1
708c879be25f46ee903364bb1a072452.wav,watching,ɪ,5,7.0369,7.0884,0.0516,0.645,-11.1805,11.1801,<pad>,0.234582,substitution,0.95,rule_based_v1
708c879be25f46ee903364bb1a072452.wav,watching,ŋ,6,7.0884,7.14,0.0516,0.737,-11.9054,8.1852,<pad>,0.235533,substitution,0.95,rule_based_v1
708c879be25f46ee903364bb1a072452.wav,movies.,m,0,7.18,7.2433,0.0633,0.905,-8.1022,2.4878,<pad>,0.241387,distortion,0.549,rule_based_v1
708c879be25f46ee903364bb1a072452.wav,movies.,u,1,7.2433,7.3067,0.0633,0.792,-12.1763,12.1762,<pad>,0.135113,substitution,0.95,rule_based_v1
708c879be25f46ee903364bb1a072452.wav,movies.,ː,2,7.3067,7.37,0.0633,0.792,-0.005,-2.6572,<pad>,0.076173,correct,0.95,rule_based_v1
708c879be25f46ee903364bb1a072452.wav,movies.,v,3,7.37,7.4333,0.0633,0.905,-16.2714,14.1811,<pad>,0.062359,substitution,0.95,rule_based_v1
708c879be25f46ee903364bb1a072452.wav,movies.,ɪ,4,7.4333,7.4967,0.0633,0.792,-14.1516,14.1516,<pad>,0.009539,substitution,0.95,rule_based_v1
708c879be25f46ee903364bb1a072452.wav,movies.,z,5,7.4967,7.56,0.0633,0.792,-12.5924,12.5923,<pad>,0.008703,substitution,0.95,rule_based_v1
708c879be25f46ee903364bb1a072452.wav,Yesterday,j,0,8.562,8.632,0.07,1.4,-5.8352,2.4839,<pad>,0.280492,distortion,0.548,rule_based_v1
708c879be25f46ee903364bb1a072452.wav,Yesterday,ɛ,1,8.632,8.702,0.07,0.875,-11.8232,11.8227,<pad>,0.188348,substitution,0.95,rule_based_v1
708c879be25f46ee903364bb1a072452.wav,Yesterday,s,2,8.702,8.772,0.07,0.7,-5.9291,2.5734,<pad>,0.057555,distortion,0.557,rule_based_v1
708c879be25f46ee903364bb1a072452.wav,Yesterday,t,3,8.772,8.842,0.07,1.167,-5.338,2.7924,<pad>,0.196518,distortion,0.579,rule_based_v1
708c879be25f46ee903364bb1a072452.wav,Yesterday,ɚ,4,8.842,8.912,0.07,0.875,-8.3282,5.2938,<pad>,0.279616,substitution,0.95,rule_based_v1
708c879be25f46ee903364bb1a072452.wav,Yesterday,d,5,8.912,8.982,0.07,1.4,-10.8281,10.8263,<pad>,0.168632,substitution,0.95,rule_based_v1
708c879be25f46ee903364bb1a072452.wav,Yesterday,e,6,8.982,9.052,0.07,0.875,-12.2554,9.1158,<pad>,0.297653,substitution,0.95,rule_based_v1
708c879be25f46ee903364bb1a072452.wav,Yesterday,ɪ,7,9.052,9.122,0.07,0.875,-10.0194,8.6329,<pad>,0.209345,substitution,0.95,rule_based_v1
708c879be25f46ee903364bb1a072452.wav,I,a,0,9.323,9.373,0.05,0.625,-13.818,13.8179,<pad>,0.213298,substitution,0.95,rule_based_v1
708c879be25f46ee903364bb1a072452.wav,I,ɪ,1,9.373,9.423,0.05,0.625,-9.7979,9.7974,<pad>,0.16725,substitution,0.95,rule_based_v1
708c879be25f46ee903364bb1a072452.wav,visited,v,0,9.483,9.5401,0.0571,0.816,-9.2187,4.5009,<pad>,0.241839,substitution,0.95,rule_based_v1
708c879be25f46ee903364bb1a072452.wav,visited,ɪ,1,9.5401,9.5973,0.0571,0.714,-11.8173,11.8172,<pad>,0.123043,substitution,0.95,rule_based_v1
708c879be25f46ee903364bb1a072452.wav,visited,z,2,9.5973,9.6544,0.0571,0.714,-6.5253,0.9988,<pad>,0.176763,correct,0.7,rule_based_v1
708c879be25f46ee903364bb1a072452.wav,visited,ɪ,3,9.6544,9.7116,0.0571,0.714,-5.2729,2.1112,<pad>,0.073161,distortion,0.511,rule_based_v1
708c879be25f46ee903364bb1a072452.wav,visited,ɾ,4,9.7116,9.7687,0.0571,0.714,-12.206,12.2059,<pad>,0.166285,substitution,0.95,rule_based_v1
708c879be25f46ee903364bb1a072452.wav,visited,ᵻ,5,9.7687,9.8259,0.0571,0.714,-15.2503,15.2497,<pad>,0.219941,substitution,0.95,rule_based_v1
708c879be25f46ee903364bb1a072452.wav,visited,d,6,9.8259,9.883,0.0571,1.143,-6.655,4.239,<pad>,0.053644,substitution,0.924,rule_based_v1
708c879be25f46ee903364bb1a072452.wav,my,m,0,9.983,10.0433,0.0603,0.862,-6.7713,4.9699,<pad>,0.218631,substitution,0.95,rule_based_v1
708c879be25f46ee903364bb1a072452.wav,my,a,1,10.0433,10.1037,0.0603,0.754,-14.0201,14.02,<pad>,0.151771,substitution,0.95,rule_based_v1
708c879be25f46ee903364bb1a072452.wav,my,ɪ,2,10.1037,10.164,0.0603,0.754,-9.4555,9.4549,<pad>,0.101581,substitution,0.95,rule_based_v1
708c879be25f46ee903364bb1a072452.wav,friend,f,0,10.264,10.324,0.06,0.667,-10.4254,8.3397,<pad>,0.122661,substitution,0.95,rule_based_v1
708c879be25f46ee903364bb1a072452.wav,friend,ɹ,1,10.324,10.384,0.06,0.75,-14.8664,11.5056,<pad>,0.179929,substitution,0.95,rule_based_v1
708c879be25f46ee903364bb1a072452.wav,friend,ɛ,2,10.384,10.444,0.06,0.75,-15.6783,15.6783,<pad>,0.111937,substitution,0.95,rule_based_v1
708c879be25f46ee903364bb1a072452.wav,friend,n,3,10.444,10.504,0.06,1.0,-7.0799,6.1752,<pad>,0.120675,substitution,0.95,rule_based_v1
708c879be25f46ee903364bb1a072452.wav,friend,d,4,10.504,10.564,0.06,1.2,-5.9244,3.3794,<pad>,0.148705,substitution,0.838,rule_based_v1
708c879be25f46ee903364bb1a072452.wav,and,æ,0,10.945,10.985,0.04,0.444,-14.7676,14.7674,<pad>,0.252685,substitution,0.95,rule_based_v1
708c879be25f46ee903364bb1a072452.wav,and,n,1,10.985,11.025,0.04,0.667,-1.6371,0.0,n,0.278914,correct,0.95,rule_based_v1
708c879be25f46ee903364bb1a072452.wav,and,d,2,11.025,11.065,0.04,0.8,-1.6175,0.0,d,0.225802,correct,0.95,rule_based_v1
708c879be25f46ee903364bb1a072452.wav,we,w,0,11.125,11.1717,0.0467,0.933,-5.4897,2.5966,<pad>,0.25151,distortion,0.56,rule_based_v1
708c879be25f46ee903364bb1a072452.wav,we,i,1,11.1717,11.2183,0.0467,0.583,-7.5304,2.8596,<pad>,0.219243,distortion,0.586,rule_based_v1
708c879be25f46ee903364bb1a072452.wav,we,ː,2,11.2183,11.265,0.0467,0.583,-0.0015,0.0,<pad>,0.104009,correct,0.95,rule_based_v1
708c879be25f46ee903364bb1a072452.wav,ate,e,0,11.445,11.525,0.08,1.0,-14.7413,14.7409,<pad>,0.063018,substitution,0.95,rule_based_v1
708c879be25f46ee903364bb1a072452.wav,ate,ɪ,1,11.525,11.605,0.08,1.0,-8.1019,5.5304,<pad>,0.276163,substitution,0.95,rule_based_v1
708c879be25f46ee903364bb1a072452.wav,ate,t,2,11.605,11.685,0.08,1.333,-8.945,8.1493,<pad>,0.101444,substitution,0.95,rule_based_v1
708c879be25f46ee903364bb1a072452.wav,dinner,d,0,11.786,11.856,0.07,1.4,-7.434,1.0388,<pad>,0.209437,distortion,0.55,rule_based_v1
708c879be25f46ee903364bb1a072452.wav,dinner,ɪ,1,11.856,11.926,0.07,0.875,-13.4554,13.4551,<pad>,0.262558,substitution,0.95,rule_based_v1
708c879be25f46ee903364bb1a072452.wav,dinner,n,2,11.926,11.996,0.07,1.167,-3.3326,0.3651,<pad>,0.256076,correct,0.859,rule_based_v1
708c879be25f46ee903364bb1a072452.wav,dinner,ɚ,3,11.996,12.066,0.07,0.875,-7.293,4.5262,<pad>,0.176813,substitution,0.95,rule_based_v1
708c879be25f46ee903364bb1a072452.wav,together.,t,0,12.146,12.2228,0.0768,1.281,-4.763,0.4869,<pad>,0.216919,correct,0.828,rule_based_v1
708c879be25f46ee903364bb1a072452.wav,together.,ə,1,12.2228,12.2997,0.0768,1.281,-12.4477,12.4477,<pad>,0.087705,substitution,0.95,rule_based_v1
708c879be25f46ee903364bb1a072452.wav,together.,ɡ,2,12.2997,12.3765,0.0768,1.537,-8.3148,5.3264,<pad>,0.194727,substitution,0.95,rule_based_v1
708c879be25f46ee903364bb1a072452.wav,together.,ɛ,3,12.3765,12.4533,0.0768,0.96,-8.8178,5.4074,<pad>,0.051776,substitution,0.95,rule_based_v1
708c879be25f46ee903364bb1a072452.wav,together.,ð,4,12.4533,12.5302,0.0768,1.281,-9.3544,6.571,<pad>,0.092272,substitution,0.95,rule_based_v1
708c879be25f46ee903364bb1a072452.wav,together.,ɚ,5,12.5302,12.607,0.0768,0.96,-8.6181,6.2402,<pad>,0.018738,substitution,0.95,rule_based_v1
708c879be25f46ee903364bb1a072452.wav,It,ɪ,0,13.588,13.628,0.04,0.5,-10.4342,10.4333,<pad>,0.038553,substitution,0.95,rule_based_v1
708c879be25f46ee903364bb1a072452.wav,It,t,1,13.628,13.668,0.04,0.667,-4.4621,1.1298,<pad>,0.014422,distortion,0.55,rule_based_v1
708c879be25f46ee903364bb1a072452.wav,was,w,0,13.748,13.828,0.08,1.6,-9.9088,8.5062,<pad>,0.283458,substitution,0.95,rule_based_v1
708c879be25f46ee903364bb1a072452.wav,was,ʌ,1,13.828,13.908,0.08,1.143,-11.9451,11.945,<pad>,0.243038,substitution,0.95,rule_based_v1
708c879be25f46ee903364bb1a072452.wav,was,z,2,13.908,13.988,0.08,1.0,-6.6624,5.0332,<pad>,0.074428,substitution,0.95,rule_based_v1
708c879be25f46ee903364bb1a072452.wav,very,v,0,14.088,14.1582,0.0703,1.004,-7.2402,1.5014,<pad>,0.203019,distortion,0.55,rule_based_v1
708c879be25f46ee903364bb1a072452.wav,very,ɛ,1,14.1582,14.2285,0.0703,0.878,-10.3153,10.315,<pad>,0.215303,substitution,0.95,rule_based_v1
708c879be25f46ee903364bb1a072452.wav,very,ɹ,2,14.2285,14.2988,0.0703,0.878,-5.9467,4.4376,<pad>,0.208939,substitution,0.944,rule_based_v1
708c879be25f46ee903364bb1a072452.wav,very,i,3,14.2988,14.369,0.0703,0.878,-7.4175,5.3048,<pad>,0.171708,substitution,0.95,rule_based_v1
708c879be25f46ee903364bb1a072452.wav,enjoyable.,ɛ,0,14.529,14.5871,0.0581,0.726,-13.4108,11.5284,<pad>,0.294189,substitution,0.95,rule_based_v1
708c879be25f46ee903364bb1a072452.wav,enjoyable.,n,1,14.5871,14.6452,0.0581,0.968,-4.1088,2.8373,<pad>,0.117189,distortion,0.584,rule_based_v1
708c879be25f46ee903364bb1a072452.wav,enjoyable.,d,2,14.6452,14.7033,0.0581,1.162,-8.0855,3.1543,<pad>,0.182951,substitution,0.815,rule_based_v1
708c879be25f46ee903364bb1a072452.wav,enjoyable.,ʒ,3,14.7033,14.7614,0.0581,0.726,-11.6918,11.6899,<pad>,0.226013,substitution,0.95,rule_based_v1
708c879be25f46ee903364bb1a072452.wav,enjoyable.,ɔ,4,14.7614,14.8195,0.0581,0.726,-8.4538,2.1895,w,0.15922,distortion,0.519,rule_based_v1
708c879be25f46ee903364bb1a072452.wav,enjoyable.,ɪ,5,14.8195,14.8776,0.0581,0.726,-16.4384,16.4384,<pad>,0.089857,substitution,0.95,rule_based_v1
708c879be25f46ee903364bb1a072452.wav,enjoyable.,ə,6,14.8776,14.9357,0.0581,0.968,-15.1565,15.1564,<pad>,0.00786,substitution,0.95,rule_based_v1
708c879be25f46ee903364bb1a072452.wav,enjoyable.,b,7,14.9357,14.9938,0.0581,1.162,-14.5828,14.5818,<pad>,0.104295,substitution,0.95,rule_based_v1
708c879be25f46ee903364bb1a072452.wav,enjoyable.,ə,8,14.9938,15.0519,0.0581,0.968,-9.7059,9.7055,<pad>,0.092888,substitution,0.95,rule_based_v1
708c879be25f46ee903364bb1a072452.wav,enjoyable.,l,9,15.0519,15.11,0.0581,0.968,-11.7379,10.191,<pad>,0.016528,substitution,0.95,rule_based_v1
744d1c56eedb4df7bcd0d9629217e4bf.wav,The,ð,0,0.191,0.251,0.06,1.0,-7.4688,5.1899,<pad>,0.121917,substitution,0.95,rule_based_v1
744d1c56eedb4df7bcd0d9629217e4bf.wav,The,ə,1,0.251,0.311,0.06,1.0,-6.4945,3.8478,<pad>,0.117444,substitution,0.885,rule_based_v1
744d1c56eedb4df7bcd0d9629217e4bf.wav,squirrel,s,0,0.351,0.4077,0.0567,0.567,-10.8116,10.8115,<pad>,0.013495,substitution,0.95,rule_based_v1
744d1c56eedb4df7bcd0d9629217e4bf.wav,squirrel,k,1,0.4077,0.4643,0.0567,0.81,-5.809,2.3266,<pad>,0.051041,distortion,0.533,rule_based_v1
744d1c56eedb4df7bcd0d9629217e4bf.wav,squirrel,w,2,0.4643,0.521,0.0567,1.133,-2.254,1.2736,<pad>,0.156526,distortion,0.55,rule_based_v1
744d1c56eedb4df7bcd0d9629217e4bf.wav,squirrel,ɜ,3,0.521,0.5777,0.0567,0.708,-14.1672,9.8401,<pad>,0.166941,substitution,0.95,rule_based_v1
744d1c56eedb4df7bcd0d9629217e4bf.wav,squirrel,ː,4,0.5777,0.6343,0.0567,0.708,-0.0172,0.0,<pad>,0.165371,correct,0.95,rule_based_v1
744d1c56eedb4df7bcd0d9629217e4bf.wav,squirrel,l,5,0.6343,0.691,0.0567,0.944,-6.1173,5.8607,<pad>,0.02994,substitution,0.95,rule_based_v1
744d1c56eedb4df7bcd0d9629217e4bf.wav,quietly,k,0,0.731,0.7835,0.0525,0.75,-5.064,0.0603,<pad>,0.009225,correct,0.935,rule_based_v1
744d1c56eedb4df7bcd0d9629217e4bf.wav,quietly,w,1,0.7835,0.836,0.0525,1.05,-1.1036,0.0,w,0.150805,correct,0.95,rule_based_v1
744d1c56eedb4df7bcd0d9629217e4bf.wav,quietly,a,2,0.836,0.8885,0.0525,0.656,-7.5834,2.7598,w,0.160082,distortion,0.576,rule_based_v1
744d1c56eedb4df7bcd0d9629217e4bf.wav,quietly,ɪ,3,0.8885,0.941,0.0525,0.656,-16.2642,16.2642,<pad>,0.151516,substitution,0.95,rule_based_v1
744d1c56eedb4df7bcd0d9629217e4bf.wav,quietly,ə,4,0.941,0.9935,0.0525,0.875,-12.9611,12.9546,<pad>,0.12917,substitution,0.95,rule_based_v1
744d1c56eedb4df7bcd0d9629217e4bf.wav,quietly,t,5,0.9935,1.046,0.0525,0.875,-6.9461,4.4661,<pad>,0.04055,substitution,0.947,rule_based_v1
744d1c56eedb4df7bcd0d9629217e4bf.wav,quietly,l,6,1.046,1.0985,0.0525,0.875,-7.2551,6.904,<pad>,0.09279,substitution,0.95,rule_based_v1
744d1c56eedb4df7bcd0d9629217e4bf.wav,quietly,i,7,1.0985,1.151,0.0525,0.656,-9.2569,8.8974,t,0.064955,substitution,0.95,rule_based_v1
744d1c56eedb4df7bcd0d9629217e4bf.wav,climbed,k,0,1.231,1.2845,0.0535,0.764,-10.5033,10.5026,<pad>,0.008102,substitution,0.95,rule_based_v1
744d1c56eedb4df7bcd0d9629217e4bf.wav,climbed,l,1,1.2845,1.338,0.0535,0.892,-0.5808,0.0,l,0.092373,correct,0.95,rule_based_v1
744d1c56eedb4df7bcd0d9629217e4bf.wav,climbed,a,2,1.338,1.3915,0.0535,0.669,-8.3945,3.4678,<pad>,0.113576,substitution,0.847,rule_based_v1
744d1c56eedb4df7bcd0d9629217e4bf.wav,climbed,ɪ,3,1.3915,1.445,0.0535,0.669,-15.3399,15.3397,<pad>,0.100731,substitution,0.95,rule_based_v1
744d1c56eedb4df7bcd0d9629217e4bf.wav,climbed,m,4,1.445,1.4985,0.0535,0.764,-13.7987,13.7987,<pad>,0.073926,substitution,0.95,rule_based_v1
744d1c56eedb4df7bcd0d9629217e4bf.wav,climbed,d,5,1.4985,1.552,0.0535,1.07,-15.5331,15.533,<pad>,0.050658,substitution,0.95,rule_based_v1
744d1c56eedb4df7bcd0d9629217e4bf.wav,through,θ,0,1.592,1.637,0.045,0.5,-15.1961,15.196,<pad>,0.009863,substitution,0.95,rule_based_v1
744d1c56eedb4df7bcd0d9629217e4bf.wav,through,ɹ,1,1.637,1.682,0.045,0.562,-5.7642,1.0676,<pad>,0.010973,distortion,0.55,rule_based_v1
744d1c56eedb4df7bcd0d9629217e4bf.wav,through,u,2,1.682,1.727,0.045,0.562,-7.4498,4.8826,ɹ,0.100827,substitution,0.95,rule_based_v1
744d1c56eedb4df7bcd0d9629217e4bf.wav,through,ː,3,1.727,1.772,0.045,0.562,-0.0013,0.0,<pad>,0.051373,correct,0.95,rule_based_v1
744d1c56eedb4df7bcd0d9629217e4bf.wav,the,ð,0,1.792,1.832,0.04,0.667,-5.8362,2.8262,<pad>,0.122349,distortion,0.583,rule_based_v1
744d1c56eedb4df7bcd0d9629217e4bf.wav,the,ə,1,1.832,1.872,0.04,0.667,-9.5586,9.5577,<pad>,0.07767,substitution,0.95,rule_based_v1
744d1c56eedb4df7bcd0d9629217e4bf.wav,rural,ɹ,0,1.912,1.952,0.04,0.5,-1.5377,0.0,ɹ,0.081618,correct,0.95,rule_based_v1
744d1c56eedb4df7bcd0d9629217e4bf.wav,rural,ʊ,1,1.952,1.992,0.04,0.5,-11.1091,6.6282,<pad>,0.106415,substitution,0.95,rule_based_v1
744d1c56eedb4df7bcd0d9629217e4bf.wav,rural,ɹ,2,1.992,2.032,0.04,0.5,-8.5434,8.5405,<pad>,0.108442,substitution,0.95,rule_based_v1
744d1c56eedb4df7bcd0d9629217e4bf.wav,rural,ɹ,3,2.032,2.072,0.04,0.5,-3.3228,0.1922,<pad>,0.098517,correct,0.902,rule_based_v1
744d1c56eedb4df7bcd0d9629217e4bf.wav,rural,ə,4,2.072,2.112,0.04,0.667,-8.022,7.9611,<pad>,0.085794,substitution,0.95,rule_based_v1
744d1c56eedb4df7bcd0d9629217e4bf.wav,rural,l,5,2.112,2.152,0.04,0.667,-8.737,8.736,<pad>,0.076196,substitution,0.95,rule_based_v1
744d1c56eedb4df7bcd0d9629217e4bf.wav,neighborhood.,n,0,2.172,2.2295,0.0575,0.958,-5.542,0.7956,<pad>,0.092443,correct,0.751,rule_based_v1
744d1c56eedb4df7bcd0d9629217e4bf.wav,neighborhood.,e,1,2.2295,2.287,0.0575,0.719,-9.9731,4.8731,<pad>,0.084149,substitution,0.95,rule_based_v1
744d1c56eedb4df7bcd0d9629217e4bf.wav,neighborhood.,ɪ,2,2.287,2.3445,0.0575,0.719,-11.7782,11.7781,<pad>,0.035248,substitution,0.95,rule_based_v1
744d1c56eedb4df7bcd0d9629217e4bf.wav,neighborhood.,b,3,2.3445,2.402,0.0575,1.15,-12.6613,12.6613,<pad>,0.083984,substitution,0.95,rule_based_v1
744d1c56eedb4df7bcd0d9629217e4bf.wav,neighborhood.,ɚ,4,2.402,2.4595,0.0575,0.719,-5.2193,0.0,ɚ,0.032213,correct,0.95,rule_based_v1
744d1c56eedb4df7bcd0d9629217e4bf.wav,neighborhood.,h,5,2.4595,2.517,0.0575,0.958,-13.1418,13.1417,<pad>,0.077416,substitution,0.95,rule_based_v1
744d1c56eedb4df7bcd0d9629217e4bf.wav,neighborhood.,ʊ,6,2.517,2.5745,0.0575,0.719,-13.0726,12.0454,<pad>,0.06674,substitution,0.95,rule_based_v1
744d1c56eedb4df7bcd0d9629217e4bf.wav,neighborhood.,d,7,2.5745,2.632,0.0575,1.15,-11.0111,8.7213,<pad>,0.031531,substitution,0.95,rule_based_v1
744d1c56eedb4df7bcd0d9629217e4bf.wav,She,ʃ,0,3.672,3.7057,0.0337,0.337,-0.2029,0.0,ʃ,0.074642,correct,0.95,rule_based_v1
744d1c56eedb4df7bcd0d9629217e4bf.wav,She,i,1,3.7057,3.7393,0.0337,0.421,-12.4897,12.4896,<pad>,0.122775,substitution,0.95,rule_based_v1
744d1c56eedb4df7bcd0d9629217e4bf.wav,She,ː,2,3.7393,3.773,0.0337,0.421,-0.0001,0.0,<pad>,0.154985,correct,0.95,rule_based_v1
744d1c56eedb4df7bcd0d9629217e4bf.wav,bought,b,0,3.813,3.858,0.045,0.9,-4.3619,0.0,b,0.148077,correct,0.95,rule_based_v1
744d1c56eedb4df7bcd0d9629217e4bf.wav,bought,ɔ,1,3.858,3.903,0.045,0.562,-7.0295,2.9989,<pad>,0.277959,distortion,0.6,rule_based_v1
744d1c56eedb4df7bcd0d9629217e4bf.wav,bought,ː,2,3.903,3.948,0.045,0.562,-0.0001,0.0,<pad>,0.174654,correct,0.95,rule_based_v1
744d1c56eedb4df7bcd0d9629217e4bf.wav,bought,t,3,3.948,3.993,0.045,0.75,-4.2009,1.3123,<pad>,0.148052,distortion,0.55,rule_based_v1
744d1c56eedb4df7bcd0d9629217e4bf.wav,a,e,0,4.013,4.033,0.02,0.25,-10.8554,10.8377,<pad>,0.018447,substitution,0.95,rule_based_v1
744d1c56eedb4df7bcd0d9629217e4bf.wav,a,ɪ,1,4.033,4.053,0.02,0.25,-11.9167,11.9162,<pad>,0.001683,substitution,0.95,rule_based_v1
744d1c56eedb4df7bcd0d9629217e4bf.wav,comfortable,k,0,4.113,4.1641,0.0511,0.73,-11.2743,11.274,<pad>,0.042606,substitution,0.95,rule_based_v1
744d1c56eedb4df7bcd0d9629217e4bf.wav,comfortable,ʌ,1,4.1641,4.2152,0.0511,0.73,-4.8743,0.8233,<pad>,0.147336,correct,0.744,rule_based_v1
744d1c56eedb4df7bcd0d9629217e4bf.wav,comfortable,m,2,4.2152,4.2663,0.0511,0.73,-5.0684,5.021,<pad>,0.072668,substitution,0.95,rule_based_v1
744d1c56eedb4df7bcd0d9629217e4bf.wav,comfortable,f,3,4.2663,4.3174,0.0511,0.568,-9.5734,7.7119,m,0.005933,substitution,0.95,rule_based_v1
744d1c56eedb4df7bcd0d9629217e4bf.wav,comfortable,t,4,4.3174,4.3686,0.0511,0.852,-7.8832,6.5002,f,0.021665,substitution,0.95,rule_based_v1
744d1c56eedb4df7bcd0d9629217e4bf.wav,comfortable,ə,5,4.3686,4.4197,0.0511,0.852,-8.3882,8.3844,<pad>,0.11017,substitution,0.95,rule_based_v1
744d1c56eedb4df7bcd0d9629217e4bf.wav,comfortable,b,6,4.4197,4.4708,0.0511,1.022,-10.0651,6.8292,t,0.042118,substitution,0.95,rule_based_v1
744d1c56eedb4df7bcd0d9629217e4bf.wav,comfortable,ə,7,4.4708,4.5219,0.0511,0.852,-4.459,3.0122,<pad>,0.132611,substitution,0.801,rule_based_v1
744d1c56eedb4df7bcd0d9629217e4bf.wav,comfortable,l,8,4.5219,4.573,0.0511,0.852,-10.425,6.6655,b,0.041619,substitution,0.95,rule_based_v1
744d1c56eedb4df7bcd0d9629217e4bf.wav,pair,p,0,4.613,4.6797,0.0667,1.111,-9.0976,5.2689,<pad>,0.012097,substitution,0.95,rule_based_v1
744d1c56eedb4df7bcd0d9629217e4bf.wav,pair,ɛ,1,4.6797,4.7463,0.0667,0.833,-8.2018,4.733,<pad>,0.11163,substitution,0.95,rule_based_v1
744d1c56eedb4df7bcd0d9629217e4bf.wav,pair,ɹ,2,4.7463,4.813,0.0667,0.833,-12.3076,12.3076,<pad>,0.112292,substitution,0.95,rule_based_v1
744d1c56eedb4df7bcd0d9629217e4bf.wav,of,ʌ,0,4.833,4.863,0.03,0.429,-5.1166,5.1087,<pad>,0.028983,substitution,0.95,rule_based_v1
744d1c56eedb4df7bcd0d9629217e4bf.wav,of,v,1,4.863,4.893,0.03,0.429,-14.3354,14.3354,<pad>,0.002149,substitution,0.95,rule_based_v1
744d1c56eedb4df7bcd0d9629217e4bf.wav,clothes,k,0,4.973,5.0363,0.0633,0.905,-10.4909,10.4905,<pad>,0.008202,substitution,0.95,rule_based_v1
744d1c56eedb4df7bcd0d9629217e4bf.wav,clothes,l,1,5.0363,5.0997,0.0633,1.056,-1.5083,0.0,l,0.123252,correct,0.95,rule_based_v1
744d1c56eedb4df7bcd0d9629217e4bf.wav,clothes,o,2,5.0997,5.163,0.0633,0.792,-12.1753,9.0132,<pad>,0.178299,substitution,0.95,rule_based_v1
744d1c56eedb4df7bcd0d9629217e4bf.wav,clothes,ʊ,3,5.163,5.2263,0.0633,0.792,-15.2159,15.2159,<pad>,0.097497,substitution,0.95,rule_based_v1
744d1c56eedb4df7bcd0d9629217e4bf.wav,clothes,ð,4,5.2263,5.2897,0.0633,1.056,-14.3226,14.3224,<pad>,0.058644,substitution,0.95,rule_based_v1
744d1c56eedb4df7bcd0d9629217e4bf.wav,clothes,z,5,5.2897,5.353,0.0633,0.792,-6.3888,5.504,<pad>,0.016121,substitution,0.95,rule_based_v1
744d1c56eedb4df7bcd0d9629217e4bf.wav,at,æ,0,5.413,5.453,0.04,0.444,-6.4115,2.5662,<pad>,0.092073,distortion,0.557,rule_based_v1
744d1c56eedb4df7bcd0d9629217e4bf.wav,at,t,1,5.453,5.493,0.04,0.667,-1.8171,0.4411,<pad>,0.0043,correct,0.84,rule_based_v1
744d1c56eedb4df7bcd0d9629217e4bf.wav,the,ð,0,5.513,5.553,0.04,0.667,-3.4441,0.0,ð,0.082551,correct,0.95,rule_based_v1
744d1c56eedb4df7bcd0d9629217e4bf.wav,the,ə,1,5.553,5.593,0.04,0.667,-4.4993,1.4281,<pad>,0.060419,distortion,0.55,rule_based_v1
744d1c56eedb4df7bcd0d9629217e4bf.wav,jewelry,d,0,5.633,5.678,0.045,0.9,-6.7975,1.7541,dʒ,0.065421,distortion,0.55,rule_based_v1
744d1c56eedb4df7bcd0d9629217e4bf.wav,jewelry,ʒ,1,5.678,5.723,0.045,0.563,-10.9107,10.8914,<pad>,0.140659,substitution,0.95,rule_based_v1
744d1c56eedb4df7bcd0d9629217e4bf.wav,jewelry,u,2,5.723,5.768,0.045,0.563,-9.3473,5.8813,<pad>,0.122301,substitution,0.95,rule_based_v1
744d1c56eedb4df7bcd0d9629217e4bf.wav,jewelry,ː,3,5.768,5.813,0.045,0.563,-0.0004,0.0,<pad>,0.100636,correct,0.95,rule_based_v1
744d1c56eedb4df7bcd0d9629217e4bf.wav,jewelry,ə,4,5.813,5.858,0.045,0.75,-5.4049,4.6991,<pad>,0.076528,substitution,0.95,rule_based_v1
744d1c56eedb4df7bcd0d9629217e4bf.wav,jewelry,l,5,5.858,5.903,0.045,0.75,-6.6894,6.6778,<pad>,0.071771,substitution,0.95,rule_based_v1
744d1c56eedb4df7bcd0d9629217e4bf.wav,jewelry,ɹ,6,5.903,5.948,0.045,0.563,-0.1513,0.0,ɹ,0.080746,correct,0.95,rule_based_v1
744d1c56eedb4df7bcd0d9629217e4bf.wav,jewelry,i,7,5.948,5.993,0.045,0.563,-5.5158,1.2291,<pad>,0.039242,distortion,0.55,rule_based_v1
744d1c56eedb4df7bcd0d9629217e4bf.wav,store.,s,0,6.053,6.1172,0.0642,0.642,-12.3697,12.3693,<pad>,0.022195,substitution,0.95,rule_based_v1
744d1c56eedb4df7bcd0d9629217e4bf.wav,store.,t,1,6.1172,6.1814,0.0642,1.07,-6.7162,2.2558,<pad>,0.09423,distortion,0.526,rule_based_v1
744d1c56eedb4df7bcd0d9629217e4bf.wav,store.,ɔ,2,6.1814,6.2456,0.0642,0.802,-16.5833,16.5833,<pad>,0.074036,substitution,0.95,rule_based_v1
744d1c56eedb4df7bcd0d9629217e4bf.wav,store.,ː,3,6.2456,6.3098,0.0642,0.802,-0.0,0.0,<pad>,0.060842,correct,0.95,rule_based_v1
744d1c56eedb4df7bcd0d9629217e4bf.wav,store.,ɹ,4,6.3098,6.374,0.0642,0.802,-7.8926,7.8917,<pad>,0.039979,substitution,0.95,rule_based_v1
744d1c56eedb4df7bcd0d9629217e4bf.wav,The,ð,0,7.394,7.444,0.05,0.833,-0.3812,0.0,ð,0.166241,correct,0.95,rule_based_v1
744d1c56eedb4df7bcd0d9629217e4bf.wav,The,ə,1,7.444,7.494,0.05,0.833,-5.3572,1.4581,<pad>,0.117698,distortion,0.55,rule_based_v1
744d1c56eedb4df7bcd0d9629217e4bf.wav,sixth,s,0,7.534,7.582,0.048,0.48,-2.6371,0.0,s,0.034737,correct,0.95,rule_based_v1
744d1c56eedb4df7bcd0d9629217e4bf.wav,sixth,ɪ,1,7.582,7.63,0.048,0.6,-9.9101,9.9095,<pad>,0.178668,substitution,0.95,rule_based_v1
744d1c56eedb4df7bcd0d9629217e4bf.wav,sixth,k,2,7.63,7.678,0.048,0.686,-10.9553,6.7201,<pad>,0.027479,substitution,0.95,rule_based_v1
744d1c56eedb4df7bcd0d9629217e4bf.wav,sixth,s,3,7.678,7.726,0.048,0.48,-13.7696,13.7696,<pad>,0.029393,substitution,0.95,rule_based_v1
744d1c56eedb4df7bcd0d9629217e4bf.wav,sixth,θ,4,7.726,7.774,0.048,0.533,-11.4336,7.2966,<pad>,0.024376,substitution,0.95,rule_based_v1
744d1c56eedb4df7bcd0d9629217e4bf.wav,athlete,æ,0,7.914,7.974,0.06,0.667,-13.9207,13.9206,<pad>,0.115007,substitution,0.95,rule_based_v1
744d1c56eedb4df7bcd0d9629217e4bf.wav,athlete,θ,1,7.974,8.034,0.06,0.667,-15.749,15.749,<pad>,0.003914,substitution,0.95,rule_based_v1
744d1c56eedb4df7bcd0d9629217e4bf.wav,athlete,l,2,8.034,8.094,0.06,1.0,-4.6791,0.5125,<pad>,0.061036,correct,0.822,rule_based_v1
744d1c56eedb4df7bcd0d9629217e4bf.wav,athlete,i,3,8.094,8.154,0.06,0.75,-6.3902,3.2867,<pad>,0.123544,substitution,0.829,rule_based_v1
744d1c56eedb4df7bcd0d9629217e4bf.wav,athlete,ː,4,8.154,8.214,0.06,0.75,-0.0001,0.0,<pad>,0.073478,correct,0.95,rule_based_v1
744d1c56eedb4df7bcd0d9629217e4bf.wav,athlete,t,5,8.214,8.274,0.06,1.0,-3.6574,1.846,<pad>,0.005154,distortion,0.585,rule_based_v1
744d1c56eedb4df7bcd0d9629217e4bf.wav,successfully,s,0,8.334,8.3961,0.0621,0.621,-3.4634,0.92,<pad>,0.093001,correct,0.72,rule_based_v1
744d1c56eedb4df7bcd0d9629217e4bf.wav,successfully,ə,1,8.3961,8.4582,0.0621,1.035,-12.2975,12.2974,<pad>,0.011786,substitution,0.95,rule_based_v1
744d1c56eedb4df7bcd0d9629217e4bf.wav,successfully,k,2,8.4582,8.5203,0.0621,0.887,-5.4797,2.2835,<pad>,0.030322,distortion,0.528,rule_based_v1
744d1c56eedb4df7bcd0d9629217e4bf.wav,successfully,s,3,8.5203,8.5824,0.0621,0.621,-3.8154,0.0,s,0.100931,correct,0.95,rule_based_v1
744d1c56eedb4df7bcd0d9629217e4bf.wav,successfully,ɛ,4,8.5824,8.6445,0.0621,0.776,-9.4298,6.2203,<pad>,0.142359,substitution,0.95,rule_based_v1
744d1c56eedb4df7bcd0d9629217e4bf.wav,successfully,s,5,8.6445,8.7066,0.0621,0.621,-6.5915,3.0164,<pad>,0.034965,substitution,0.802,rule_based_v1
744d1c56eedb4df7bcd0d9629217e4bf.wav,successfully,f,6,8.7066,8.7687,0.0621,0.69,-10.8878,10.8611,<pad>,0.004023,substitution,0.95,rule_based_v1
744d1c56eedb4df7bcd0d9629217e4bf.wav,successfully,ə,7,8.7687,8.8308,0.0621,1.035,-7.5402,2.7542,<pad>,0.091655,distortion,0.575,rule_based_v1
744d1c56eedb4df7bcd0d9629217e4bf.wav,successfully,l,8,8.8308,8.8929,0.0621,1.035,-5.9349,4.0957,<pad>,0.098562,substitution,0.91,rule_based_v1
744d1c56eedb4df7bcd0d9629217e4bf.wav,successfully,i,9,8.8929,8.955,0.0621,0.776,-8.1282,5.3547,<pad>,0.080869,substitution,0.95,rule_based_v1
744d1c56eedb4df7bcd0d9629217e4bf.wav,solved,s,0,9.015,9.055,0.04,0.4,-2.4225,0.0,s,0.031545,correct,0.95,rule_based_v1
744d1c56eedb4df7bcd0d9629217e4bf.wav,solved,ɑ,1,9.055,9.095,0.04,0.5,-14.2465,14.2455,<pad>,0.109599,substitution,0.95,rule_based_v1
744d1c56eedb4df7bcd0d9629217e4bf.wav,solved,ː,2,9.095,9.135,0.04,0.5,-0.6902,-2.6941,<pad>,0.167962,correct,0.95,rule_based_v1
744d1c56eedb4df7bcd0d9629217e4bf.wav,solved,l,3,9.135,9.175,0.04,0.667,-7.0488,7.0438,<pad>,0.138167,substitution,0.95,rule_based_v1
744d1c56eedb4df7bcd0d9629217e4bf.wav,solved,v,4,9.175,9.215,0.04,0.571,-6.3471,6.1464,<pad>,0.052865,substitution,0.95,rule_based_v1
744d1c56eedb4df7bcd0d9629217e4bf.wav,solved,d,5,9.215,9.255,0.04,0.8,-1.7672,0.0,d,0.001985,correct,0.95,rule_based_v1
744d1c56eedb4df7bcd0d9629217e4bf.wav,the,ð,0,9.295,9.335,0.04,0.667,-5.7644,2.6817,ə,0.077846,distortion,0.568,rule_based_v1
744d1c56eedb4df7bcd0d9629217e4bf.wav,the,ə,1,9.335,9.375,0.04,0.667,-11.6525,11.6523,<pad>,0.046661,substitution,0.95,rule_based_v1
744d1c56eedb4df7bcd0d9629217e4bf.wav,statistical,s,0,9.395,9.4495,0.0545,0.545,-7.2776,7.2747,<pad>,0.011679,substitution,0.95,rule_based_v1
744d1c56eedb4df7bcd0d9629217e4bf.wav,statistical,t,1,9.4495,9.5041,0.0545,0.909,-2.9909,0.0,t,0.08259,correct,0.95,rule_based_v1
744d1c56eedb4df7bcd0d9629217e4bf.wav,statistical,ɐ,2,9.5041,9.5586,0.0545,0.682,-6.6784,2.9665,<pad>,0.022277,distortion,0.597,rule_based_v1
744d1c56eedb4df7bcd0d9629217e4bf.wav,statistical,t,3,9.5586,9.6132,0.0545,0.909,-8.8931,8.8928,<pad>,0.051422,substitution,0.95,rule_based_v1
744d1c56eedb4df7bcd0d9629217e4bf.wav,statistical,ɪ,4,9.6132,9.6677,0.0545,0.682,-11.1284,8.0795,t,0.082893,substitution,0.95,rule_based_v1
744d1c56eedb4df7bcd0d9629217e4bf.wav,statistical,s,5,9.6677,9.7223,0.0545,0.545,-10.6159,10.6154,<pad>,0.040663,substitution,0.95,rule_based_v1
744d1c56eedb4df7bcd0d9629217e4bf.wav,statistical,t,6,9.7223,9.7768,0.0545,0.909,-10.229,5.7076,<pad>,0.019766,substitution,0.95,rule_based_v1
744d1c56eedb4df7bcd0d9629217e4bf.wav,statistical,ɪ,7,9.7768,9.8314,0.0545,0.682,-12.6938,12.642,<pad>,0.079555,substitution,0.95,rule_based_v1
744d1c56eedb4df7bcd0d9629217e4bf.wav,statistical,k,8,9.8314,9.8859,0.0545,0.779,-10.8919,6.5171,s,0.005541,substitution,0.95,rule_based_v1
744d1c56eedb4df7bcd0d9629217e4bf.wav,statistical,ə,9,9.8859,9.9405,0.0545,0.909,-10.9169,6.9066,<pad>,0.096739,substitution,0.95,rule_based_v1
744d1c56eedb4df7bcd0d9629217e4bf.wav,statistical,l,10,9.9405,9.995,0.0545,0.909,-11.0282,7.4427,<pad>,0.044657,substitution,0.95,rule_based_v1
744d1c56eedb4df7bcd0d9629217e4bf.wav,problem.,p,0,10.035,10.085,0.05,0.833,-4.3453,0.0,p,0.009222,correct,0.95,rule_based_v1
744d1c56eedb4df7bcd0d9629217e4bf.wav,problem.,ɹ,1,10.085,10.135,0.05,0.625,-0.2224,0.0,ɹ,0.152931,correct,0.95,rule_based_v1
744d1c56eedb4df7bcd0d9629217e4bf.wav,problem.,ɑ,2,10.135,10.185,0.05,0.625,-9.3572,5.4189,<pad>,0.140478,substitution,0.95,rule_based_v1
744d1c56eedb4df7bcd0d9629217e4bf.wav,problem.,ː,3,10.185,10.235,0.05,0.625,-0.0,0.0,<pad>,0.053617,correct,0.95,rule_based_v1
744d1c56eedb4df7bcd0d9629217e4bf.wav,problem.,b,4,10.235,10.285,0.05,1.0,-12.5847,12.5847,<pad>,0.057204,substitution,0.95,rule_based_v1
744d1c56eedb4df7bcd0d9629217e4bf.wav,problem.,l,5,10.285,10.335,0.05,0.833,-7.196,3.1793,b,0.06804,substitution,0.818,rule_based_v1
744d1c56eedb4df7bcd0d9629217e4bf.wav,problem.,ə,6,10.335,10.385,0.05,0.833,-8.1168,8.0725,l,0.049184,substitution,0.95,rule_based_v1
744d1c56eedb4df7bcd0d9629217e4bf.wav,problem.,m,7,10.385,10.435,0.05,0.714,-12.2684,8.8972,<pad>,0.039778,substitution,0.95,rule_based_v1
744d1c56eedb4df7bcd0d9629217e4bf.wav,The,ð,0,11.436,11.486,0.05,0.833,-6.2846,2.1673,<pad>,0.124159,distortion,0.517,rule_based_v1
744d1c56eedb4df7bcd0d9629217e4bf.wav,The,ə,1,11.486,11.536,0.05,0.833,-4.813,0.9469,<pad>,0.151081,correct,0.713,rule_based_v1
744d1c56eedb4df7bcd0d9629217e4bf.wav,brewery,b,0,11.576,11.6274,0.0514,1.029,-5.7662,1.0426,<pad>,0.067018,distortion,0.55,rule_based_v1
744d1c56eedb4df7bcd0d9629217e4bf.wav,brewery,ɹ,1,11.6274,11.6789,0.0514,0.643,-0.7657,0.0,ɹ,0.202727,correct,0.95,rule_based_v1
744d1c56eedb4df7bcd0d9629217e4bf.wav,brewery,u,2,11.6789,11.7303,0.0514,0.643,-7.5997,4.3349,ɹ,0.164715,substitution,0.933,rule_based_v1
744d1c56eedb4df7bcd0d9629217e4bf.wav,brewery,ː,3,11.7303,11.7817,0.0514,0.643,-0.0,0.0,<pad>,0.163339,correct,0.95,rule_based_v1
744d1c56eedb4df7bcd0d9629217e4bf.wav,brewery,ɚ,4,11.7817,11.8331,0.0514,0.643,-13.6157,13.6151,<pad>,0.185785,substitution,0.95,rule_based_v1
744d1c56eedb4df7bcd0d9629217e4bf.wav,brewery,ɹ,5,11.8331,11.8846,0.0514,0.643,-4.3865,3.9082,<pad>,0.147877,substitution,0.891,rule_based_v1
744d1c56eedb4df7bcd0d9629217e4bf.wav,brewery,i,6,11.8846,11.936,0.0514,0.643,-10.0605,8.1517,ɹ,0.077383,substitution,0.95,rule_based_v1
744d1c56eedb4df7bcd0d9629217e4bf.wav,produced,p,0,11.996,12.041,0.045,0.75,-9.2466,9.0499,ɹ,0.086561,substitution,0.95,rule_based_v1
744d1c56eedb4df7bcd0d9629217e4bf.wav,produced,ɹ,1,12.041,12.086,0.045,0.562,-8.0049,4.3777,<pad>,0.115329,substitution,0.938,rule_based_v1
744d1c56eedb4df7bcd0d9629217e4bf.wav,produced,ə,2,12.086,12.131,0.045,0.75,-9.2805,9.2788,<pad>,0.025255,substitution,0.95,rule_based_v1
744d1c56eedb4df7bcd0d9629217e4bf.wav,produced,d,3,12.131,12.176,0.045,0.9,-5.8918,0.5353,<pad>,0.155818,correct,0.816,rule_based_v1
744d1c56eedb4df7bcd0d9629217e4bf.wav,produced,u,4,12.176,12.221,0.045,0.562,-6.6074,3.8119,uː,0.138315,substitution,0.881,rule_based_v1
744d1c56eedb4df7bcd0d9629217e4bf.wav,produced,ː,5,12.221,12.266,0.045,0.562,-0.0001,0.0,<pad>,0.059372,correct,0.95,rule_based_v1
744d1c56eedb4df7bcd0d9629217e4bf.wav,produced,s,6,12.266,12.311,0.045,0.45,-11.5427,11.5426,<pad>,0.041086,substitution,0.95,rule_based_v1
744d1c56eedb4df7bcd0d9629217e4bf.wav,produced,t,7,12.311,12.356,0.045,0.75,-8.3488,4.6071,s,0.00662,substitution,0.95,rule_based_v1
744d1c56eedb4df7bcd0d9629217e4bf.wav,300,θ,0,12.436,12.4851,0.0491,0.545,-7.813,3.335,<pad>,0.009415,substitution,0.834,rule_based_v1
744d1c56eedb4df7bcd0d9629217e4bf.wav,300,ɹ,1,12.4851,12.5342,0.0491,0.614,-7.1711,7.1687,<pad>,0.084202,substitution,0.95,rule_based_v1
744d1c56eedb4df7bcd0d9629217e4bf.wav,300,i,2,12.5342,12.5833,0.0491,0.614,-10.9035,10.8762,ɹ,0.140671,substitution,0.95,rule_based_v1
744d1c56eedb4df7bcd0d9629217e4bf.wav,300,ː,3,12.5833,12.6324,0.0491,0.614,-0.093,-4.3655,<pad>,0.10369,correct,0.95,rule_based_v1
744d1c56eedb4df7bcd0d9629217e4bf.wav,300,h,4,12.6324,12.6815,0.0491,0.818,-14.3661,14.366,<pad>,0.035323,substitution,0.95,rule_based_v1
744d1c56eedb4df7bcd0d9629217e4bf.wav,300,ʌ,5,12.6815,12.7305,0.0491,0.701,-15.6791,15.679,<pad>,0.047229,substitution,0.95,rule_based_v1
744d1c56eedb4df7bcd0d9629217e4bf.wav,300,n,6,12.7305,12.7796,0.0491,0.818,-8.9806,8.16,h,0.121705,substitution,0.95,rule_based_v1
744d1c56eedb4df7bcd0d9629217e4bf.wav,300,d,7,12.7796,12.8287,0.0491,0.982,-12.3337,8.8496,<pad>,0.055517,substitution,0.95,rule_based_v1
744d1c56eedb4df7bcd0d9629217e4bf.wav,300,ɹ,8,12.8287,12.8778,0.0491,0.614,-16.0146,15.9854,<pad>,0.101643,substitution,0.95,rule_based_v1
744d1c56eedb4df7bcd0d9629217e4bf.wav,300,ɪ,9,12.8778,12.9269,0.0491,0.614,-11.098,10.0508,n,0.070819,substitution,0.95,rule_based_v1
744d1c56eedb4df7bcd0d9629217e4bf.wav,300,d,10,12.9269,12.976,0.0491,0.982,-3.9316,0.0602,ɹ,0.012572,correct,0.935,rule_based_v1
744d1c56eedb4df7bcd0d9629217e4bf.wav,fresh,f,0,13.016,13.081,0.065,0.722,-6.4553,3.5141,<pad>,0.03441,substitution,0.851,rule_based_v1
744d1c56eedb4df7bcd0d9629217e4bf.wav,fresh,ɹ,1,13.081,13.146,0.065,0.812,-2.915,0.0,ɹ,0.163441,correct,0.95,rule_based_v1
744d1c56eedb4df7bcd0d9629217e4bf.wav,fresh,ɛ,2,13.146,13.211,0.065,0.812,-11.1667,11.1664,<pad>,0.062035,substitution,0.95,rule_based_v1
744d1c56eedb4df7bcd0d9629217e4bf.wav,fresh,ʃ,3,13.211,13.276,0.065,0.65,-4.2694,1.7923,<pad>,0.054852,distortion,0.55,rule_based_v1
744d1c56eedb4df7bcd0d9629217e4bf.wav,beverages.,b,0,13.316,13.3701,0.0541,1.082,-5.2849,0.959,<pad>,0.135077,correct,0.71,rule_based_v1
744d1c56eedb4df7bcd0d9629217e4bf.wav,beverages.,ɛ,1,13.3701,13.4242,0.0541,0.676,-5.9952,1.3028,<pad>,0.155682,distortion,0.55,rule_based_v1
744d1c56eedb4df7bcd0d9629217e4bf.wav,beverages.,v,2,13.4242,13.4783,0.0541,0.773,-14.2965,14.2963,<pad>,0.041697,substitution,0.95,rule_based_v1
744d1c56eedb4df7bcd0d9629217e4bf.wav,beverages.,ɚ,3,13.4783,13.5324,0.0541,0.676,-16.5539,16.5539,<pad>,0.11274,substitution,0.95,rule_based_v1
744d1c56eedb4df7bcd0d9629217e4bf.wav,beverages.,ɹ,4,13.5324,13.5865,0.0541,0.676,-2.7293,0.0,ɹ,0.054101,correct,0.95,rule_based_v1
744d1c56eedb4df7bcd0d9629217e4bf.wav,beverages.,ɪ,5,13.5865,13.6406,0.0541,0.676,-4.5484,1.4569,<pad>,0.045159,distortion,0.55,rule_based_v1
744d1c56eedb4df7bcd0d9629217e4bf.wav,beverages.,d,6,13.6406,13.6947,0.0541,1.082,-8.7187,8.7183,<pad>,0.095117,substitution,0.95,rule_based_v1
744d1c56eedb4df7bcd0d9629217e4bf.wav,beverages.,ʒ,7,13.6947,13.7488,0.0541,0.676,-11.0082,5.9327,<pad>,0.062179,substitution,0.95,rule_based_v1
744d1c56eedb4df7bcd0d9629217e4bf.wav,beverages.,ᵻ,8,13.7488,13.8029,0.0541,0.676,-10.5874,10.5849,<pad>,0.038949,substitution,0.95,rule_based_v1
744d1c56eedb4df7bcd0d9629217e4bf.wav,beverages.,z,9,13.8029,13.857,0.0541,0.676,-12.0329,8.3351,<pad>,0.027866,substitution,0.95,rule_based_v1
744d1c56eedb4df7bcd0d9629217e4bf.wav,The,ð,0,14.977,15.017,0.04,0.667,-4.7811,0.8076,<pad>,0.199809,correct,0.748,rule_based_v1
744d1c56eedb4df7bcd0d9629217e4bf.wav,The,ə,1,15.017,15.057,0.04,0.667,-8.824,5.1978,<pad>,0.204847,substitution,0.95,rule_based_v1
744d1c56eedb4df7bcd0d9629217e4bf.wav,architecture,ɑ,0,15.157,15.2079,0.0509,0.636,-16.1587,16.1584,<pad>,0.148371,substitution,0.95,rule_based_v1
744d1c56eedb4df7bcd0d9629217e4bf.wav,architecture,ː,1,15.2079,15.2588,0.0509,0.636,-0.0028,0.0,<pad>,0.004173,correct,0.95,rule_based_v1
744d1c56eedb4df7bcd0d9629217e4bf.wav,architecture,ɹ,2,15.2588,15.3097,0.0509,0.636,-14.7707,14.77,<pad>,0.10087,substitution,0.95,rule_based_v1
744d1c56eedb4df7bcd0d9629217e4bf.wav,architecture,k,3,15.3097,15.3606,0.0509,0.727,-4.3638,0.0,k,0.082558,correct,0.95,rule_based_v1
744d1c56eedb4df7bcd0d9629217e4bf.wav,architecture,ɪ,4,15.3606,15.4115,0.0509,0.636,-6.338,2.984,<pad>,0.060521,distortion,0.598,rule_based_v1
744d1c56eedb4df7bcd0d9629217e4bf.wav,architecture,t,5,15.4115,15.4625,0.0509,0.848,-4.6768,4.0685,<pad>,0.132301,substitution,0.907,rule_based_v1
744d1c56eedb4df7bcd0d9629217e4bf.wav,architecture,ɛ,6,15.4625,15.5134,0.0509,0.636,-9.2918,6.2715,<pad>,0.139277,substitution,0.95,rule_based_v1
744d1c56eedb4df7bcd0d9629217e4bf.wav,architecture,k,7,15.5134,15.5643,0.0509,0.727,-11.2961,6.2513,ɛ,0.012415,substitution,0.95,rule_based_v1
744d1c56eedb4df7bcd0d9629217e4bf.wav,architecture,t,8,15.5643,15.6152,0.0509,0.848,-12.5118,12.5118,<pad>,0.090418,substitution,0.95,rule_based_v1
744d1c56eedb4df7bcd0d9629217e4bf.wav,architecture,ʃ,9,15.6152,15.6661,0.0509,0.509,-17.5334,17.5334,<pad>,0.077176,substitution,0.95,rule_based_v1
744d1c56eedb4df7bcd0d9629217e4bf.wav,architecture,ɚ,10,15.6661,15.717,0.0509,0.636,-14.6573,10.2578,<pad>,0.154652,substitution,0.95,rule_based_v1
744d1c56eedb4df7bcd0d9629217e4bf.wav,of,ʌ,0,15.757,15.777,0.02,0.286,-11.8205,11.8205,<pad>,0.032624,substitution,0.95,rule_based_v1
744d1c56eedb4df7bcd0d9629217e4bf.wav,of,v,1,15.777,15.797,0.02,0.286,-2.7765,2.7103,<pad>,0.012804,deletion,0.786,rule_based_v1
744d1c56eedb4df7bcd0d9629217e4bf.wav,the,ð,0,15.837,15.877,0.04,0.667,-4.151,0.1138,ə,0.146247,correct,0.922,rule_based_v1
744d1c56eedb4df7bcd0d9629217e4bf.wav,the,ə,1,15.877,15.917,0.04,0.667,-7.4801,7.4746,<pad>,0.096318,substitution,0.95,rule_based_v1
744d1c56eedb4df7bcd0d9629217e4bf.wav,library,l,0,15.957,16.0121,0.0551,0.919,-3.1772,0.0,l,0.157681,correct,0.95,rule_based_v1
744d1c56eedb4df7bcd0d9629217e4bf.wav,library,a,1,16.0121,16.0672,0.0551,0.689,-9.3636,4.1269,<pad>,0.170048,substitution,0.913,rule_based_v1
744d1c56eedb4df7bcd0d9629217e4bf.wav,library,ɪ,2,16.0672,16.1224,0.0551,0.689,-16.2425,16.2425,<pad>,0.096507,substitution,0.95,rule_based_v1
744d1c56eedb4df7bcd0d9629217e4bf.wav,library,b,3,16.1224,16.1775,0.0551,1.102,-14.1086,14.1083,<pad>,0.008359,substitution,0.95,rule_based_v1
744d1c56eedb4df7bcd0d9629217e4bf.wav,library,ɹ,4,16.1775,16.2326,0.0551,0.689,-13.0146,13.0144,<pad>,0.125045,substitution,0.95,rule_based_v1
744d1c56eedb4df7bcd0d9629217e4bf.wav,library,ɛ,5,16.2326,16.2878,0.0551,0.689,-10.5623,7.0784,b,0.101567,substitution,0.95,rule_based_v1
744d1c56eedb4df7bcd0d9629217e4bf.wav,library,ɹ,6,16.2878,16.3429,0.0551,0.689,-2.4572,0.0,ɹ,0.09136,correct,0.95,rule_based_v1
744d1c56eedb4df7bcd0d9629217e4bf.wav,library,i,7,16.3429,16.398,0.0551,0.689,-16.5659,16.5658,<pad>,0.11291,substitution,0.95,rule_based_v1
744d1c56eedb4df7bcd0d9629217e4bf.wav,is,ɪ,0,16.498,16.538,0.04,0.5,-11.1177,11.1172,<pad>,0.053363,substitution,0.95,rule_based_v1
744d1c56eedb4df7bcd0d9629217e4bf.wav,is,z,1,16.538,16.578,0.04,0.5,-0.0701,0.0,z,0.039111,correct,0.95,rule_based_v1
744d1c56eedb4df7bcd0d9629217e4bf.wav,extraordinary.,ɛ,0,16.658,16.6994,0.0414,0.518,-13.5901,9.2991,<pad>,0.033375,substitution,0.95,rule_based_v1
744d1c56eedb4df7bcd0d9629217e4bf.wav,extraordinary.,k,1,16.6994,16.7409,0.0414,0.592,-10.7445,7.3474,s,0.076631,substitution,0.95,rule_based_v1
744d1c56eedb4df7bcd0d9629217e4bf.wav,extraordinary.,s,2,16.7409,16.7823,0.0414,0.414,-10.7681,10.768,<pad>,0.011241,substitution,0.95,rule_based_v1
744d1c56eedb4df7bcd0d9629217e4bf.wav,extraordinary.,t,3,16.7823,16.8237,0.0414,0.69,-3.7531,0.0,t,0.076013,correct,0.95,rule_based_v1
744d1c56eedb4df7bcd0d9629217e4bf.wav,extraordinary.,ɹ,4,16.8237,16.8651,0.0414,0.518,-1.8037,0.357,<pad>,0.112983,correct,0.861,rule_based_v1
744d1c56eedb4df7bcd0d9629217e4bf.wav,extraordinary.,ɔ,5,16.8651,16.9066,0.0414,0.518,-11.325,4.6909,<pad>,0.099296,substitution,0.95,rule_based_v1
744d1c56eedb4df7bcd0d9629217e4bf.wav,extraordinary.,ː,6,16.9066,16.948,0.0414,0.518,-0.0002,0.0,<pad>,0.069602,correct,0.95,rule_based_v1
744d1c56eedb4df7bcd0d9629217e4bf.wav,extraordinary.,ɹ,7,16.948,16.9894,0.0414,0.518,-11.5322,8.2268,<pad>,0.082522,substitution,0.95,rule_based_v1
744d1c56eedb4df7bcd0d9629217e4bf.wav,extraordinary.,d,8,16.9894,17.0309,0.0414,0.829,-9.5759,9.5252,<pad>,0.082577,substitution,0.95,rule_based_v1
744d1c56eedb4df7bcd0d9629217e4bf.wav,extraordinary.,ɪ,9,17.0309,17.0723,0.0414,0.518,-12.2447,8.0469,<pad>,0.078488,substitution,0.95,rule_based_v1
744d1c56eedb4df7bcd0d9629217e4bf.wav,extraordinary.,n,10,17.0723,17.1137,0.0414,0.69,-11.393,6.8189,<pad>,0.07216,substitution,0.95,rule_based_v1
744d1c56eedb4df7bcd0d9629217e4bf.wav,extraordinary.,ɛ,11,17.1137,17.1551,0.0414,0.518,-16.6187,16.6187,<pad>,0.061114,substitution,0.95,rule_based_v1
744d1c56eedb4df7bcd0d9629217e4bf.wav,extraordinary.,ɹ,12,17.1551,17.1966,0.0414,0.518,-0.0908,0.0,ɹ,0.056989,correct,0.95,rule_based_v1
744d1c56eedb4df7bcd0d9629217e4bf.wav,extraordinary.,i,13,17.1966,17.238,0.0414,0.518,-5.9382,2.965,<pad>,0.052425,distortion,0.597,rule_based_v1
862707b802614ba1abc9394059d852e3.wav,Good,ɡ,0,0.271,0.331,0.06,1.2,-6.6996,4.3068,<pad>,0.137871,substitution,0.931,rule_based_v1
862707b802614ba1abc9394059d852e3.wav,Good,ʊ,1,0.331,0.391,0.06,0.75,-8.9909,6.9248,<pad>,0.162748,substitution,0.95,rule_based_v1
862707b802614ba1abc9394059d852e3.wav,Good,d,2,0.391,0.451,0.06,1.2,-4.5823,2.0943,<pad>,0.050514,distortion,0.509,rule_based_v1
862707b802614ba1abc9394059d852e3.wav,morning,m,0,0.531,0.5797,0.0487,0.696,-0.0097,0.0,m,0.171842,correct,0.95,rule_based_v1
862707b802614ba1abc9394059d852e3.wav,morning,ɔ,1,0.5797,0.6284,0.0487,0.609,-11.4094,5.8069,<pad>,0.131286,substitution,0.95,rule_based_v1
862707b802614ba1abc9394059d852e3.wav,morning,ː,2,0.6284,0.6771,0.0487,0.609,-0.0,0.0,<pad>,0.113147,correct,0.95,rule_based_v1
862707b802614ba1abc9394059d852e3.wav,morning,ɹ,3,0.6771,0.7259,0.0487,0.609,-7.3643,7.3619,<pad>,0.050955,substitution,0.95,rule_based_v1
862707b802614ba1abc9394059d852e3.wav,morning,n,4,0.7259,0.7746,0.0487,0.812,-7.0923,7.0907,<pad>,0.073048,substitution,0.95,rule_based_v1
862707b802614ba1abc9394059d852e3.wav,morning,ɪ,5,0.7746,0.8233,0.0487,0.609,-9.5569,5.7573,n,0.061614,substitution,0.95,rule_based_v1
862707b802614ba1abc9394059d852e3.wav,morning,ŋ,6,0.8233,0.872,0.0487,0.696,-10.1982,7.1098,<pad>,0.032624,substitution,0.95,rule_based_v1
862707b802614ba1abc9394059d852e3.wav,everyone.,ɛ,0,1.032,1.1006,0.0686,0.857,-13.7067,13.7064,<pad>,0.065108,substitution,0.95,rule_based_v1
862707b802614ba1abc9394059d852e3.wav,everyone.,v,1,1.1006,1.1691,0.0686,0.98,-3.0117,0.0,v,0.103979,correct,0.95,rule_based_v1
862707b802614ba1abc9394059d852e3.wav,everyone.,ɹ,2,1.1691,1.2377,0.0686,0.857,-8.0789,4.4873,<pad>,0.154306,substitution,0.949,rule_based_v1
862707b802614ba1abc9394059d852e3.wav,everyone.,ɪ,3,1.2377,1.3063,0.0686,0.857,-13.3412,13.341,<pad>,0.067642,substitution,0.95,rule_based_v1
862707b802614ba1abc9394059d852e3.wav,everyone.,w,4,1.3063,1.3749,0.0686,1.371,-4.4101,2.5265,<pad>,0.103528,distortion,0.553,rule_based_v1
862707b802614ba1abc9394059d852e3.wav,everyone.,ʌ,5,1.3749,1.4434,0.0686,0.98,-9.2994,6.7634,<pad>,0.057924,substitution,0.95,rule_based_v1
862707b802614ba1abc9394059d852e3.wav,everyone.,n,6,1.4434,1.512,0.0686,1.143,-10.7141,10.714,<pad>,0.036013,substitution,0.95,rule_based_v1
862707b802614ba1abc9394059d852e3.wav,Today,t,0,2.553,2.617,0.064,1.067,-6.0228,3.9545,<pad>,0.098138,substitution,0.895,rule_based_v1
862707b802614ba1abc9394059d852e3.wav,Today,ə,1,2.617,2.681,0.064,1.067,-6.9321,4.9524,<pad>,0.134164,substitution,0.95,rule_based_v1
862707b802614ba1abc9394059d852e3.wav,Today,d,2,2.681,2.745,0.064,1.28,-6.6443,3.443,<pad>,0.139485,substitution,0.844,rule_based_v1
862707b802614ba1abc9394059d852e3.wav,Today,e,3,2.745,2.809,0.064,0.8,-11.7957,9.3015,<pad>,0.139638,substitution,0.95,rule_based_v1
862707b802614ba1abc9394059d852e3.wav,Today,ɪ,4,2.809,2.873,0.064,0.8,-12.5115,12.5112,<pad>,0.071637,substitution,0.95,rule_based_v1
862707b802614ba1abc9394059d852e3.wav,I,a,0,2.993,3.033,0.04,0.5,-13.4733,13.4733,<pad>,0.121071,substitution,0.95,rule_based_v1
862707b802614ba1abc9394059d852e3.wav,I,ɪ,1,3.033,3.073,0.04,0.5,-8.3688,8.3662,<pad>,0.084207,substitution,0.95,rule_based_v1
862707b802614ba1abc9394059d852e3.wav,want,w,0,3.113,3.1732,0.0603,1.205,-3.6163,1.9756,<pad>,0.080237,distortion,0.55,rule_based_v1
862707b802614ba1abc9394059d852e3.wav,want,ɔ,1,3.1732,3.2335,0.0603,0.753,-9.526,6.4926,<pad>,0.124981,substitution,0.95,rule_based_v1
862707b802614ba1abc9394059d852e3.wav,want,n,2,3.2335,3.2938,0.0603,1.004,-4.6749,4.5787,<pad>,0.097947,substitution,0.95,rule_based_v1
862707b802614ba1abc9394059d852e3.wav,want,t,3,3.2938,3.354,0.0603,1.004,-2.1116,0.0,t,0.02864,correct,0.95,rule_based_v1
862707b802614ba1abc9394059d852e3.wav,to,t,0,3.394,3.4207,0.0267,0.444,-4.7342,4.7176,<pad>,0.087343,substitution,0.95,rule_based_v1
862707b802614ba1abc9394059d852e3.wav,to,u,1,3.4207,3.4473,0.0267,0.333,-8.0979,8.0305,ə,0.080572,substitution,0.95,rule_based_v1
862707b802614ba1abc9394059d852e3.wav,to,ː,2,3.4473,3.474,0.0267,0.333,-0.0008,0.0,<pad>,0.043787,correct,0.95,rule_based_v1
862707b802614ba1abc9394059d852e3.wav,talk,t,0,3.534,3.589,0.055,0.917,-3.976,0.1666,<pad>,0.156358,correct,0.908,rule_based_v1
862707b802614ba1abc9394059d852e3.wav,talk,ɔ,1,3.589,3.644,0.055,0.688,-6.5958,0.825,<pad>,0.157642,correct,0.744,rule_based_v1
862707b802614ba1abc9394059d852e3.wav,talk,ː,2,3.644,3.699,0.055,0.688,-0.0,0.0,<pad>,0.075546,correct,0.95,rule_based_v1
862707b802614ba1abc9394059d852e3.wav,talk,k,3,3.699,3.754,0.055,0.786,-9.4715,9.4696,<pad>,0.010133,substitution,0.95,rule_based_v1
862707b802614ba1abc9394059d852e3.wav,about,ɐ,0,3.814,3.874,0.06,0.75,-12.7516,12.7513,<pad>,0.057681,substitution,0.95,rule_based_v1
862707b802614ba1abc9394059d852e3.wav,about,b,1,3.874,3.934,0.06,1.2,-7.0702,1.6258,<pad>,0.164136,distortion,0.55,rule_based_v1
862707b802614ba1abc9394059d852e3.wav,about,a,2,3.934,3.994,0.06,0.75,-13.3478,13.3478,<pad>,0.137562,substitution,0.95,rule_based_v1
862707b802614ba1abc9394059d852e3.wav,about,ʊ,3,3.994,4.054,0.06,0.75,-12.9133,12.9114,<pad>,0.102733,substitution,0.95,rule_based_v1
862707b802614ba1abc9394059d852e3.wav,about,t,4,4.054,4.114,0.06,1.0,-7.4758,7.4672,<pad>,0.051701,substitution,0.95,rule_based_v1
862707b802614ba1abc9394059d852e3.wav,healthy,h,0,4.214,4.2902,0.0762,1.27,-3.1938,1.4296,<pad>,0.077741,distortion,0.55,rule_based_v1
862707b802614ba1abc9394059d852e3.wav,healthy,ɛ,1,4.2902,4.3664,0.0762,0.952,-8.7604,5.3096,<pad>,0.102381,substitution,0.95,rule_based_v1
862707b802614ba1abc9394059d852e3.wav,healthy,l,2,4.3664,4.4426,0.0762,1.27,-1.4778,0.6018,<pad>,0.05873,correct,0.8,rule_based_v1
862707b802614ba1abc9394059d852e3.wav,healthy,θ,3,4.4426,4.5188,0.0762,0.847,-7.8571,4.5744,<pad>,0.142888,substitution,0.95,rule_based_v1
862707b802614ba1abc9394059d852e3.wav,healthy,i,4,4.5188,4.595,0.0762,0.952,-6.6863,4.5396,<pad>,0.106037,substitution,0.95,rule_based_v1
862707b802614ba1abc9394059d852e3.wav,lifestyle.,l,0,4.655,4.7306,0.0756,1.259,-4.1639,1.0256,<pad>,0.132076,distortion,0.55,rule_based_v1
862707b802614ba1abc9394059d852e3.wav,lifestyle.,a,1,4.7306,4.8061,0.0756,0.944,-11.3315,7.513,<pad>,0.096969,substitution,0.95,rule_based_v1
862707b802614ba1abc9394059d852e3.wav,lifestyle.,ɪ,2,4.8061,4.8817,0.0756,0.944,-8.778,8.776,<pad>,0.028193,substitution,0.95,rule_based_v1
862707b802614ba1abc9394059d852e3.wav,lifestyle.,f,3,4.8817,4.9572,0.0756,0.84,-6.7574,4.7036,<pad>,0.031259,substitution,0.95,rule_based_v1
862707b802614ba1abc9394059d852e3.wav,lifestyle.,s,4,4.9572,5.0328,0.0756,0.756,-4.8057,1.4826,<pad>,0.032273,distortion,0.55,rule_based_v1
862707b802614ba1abc9394059d852e3.wav,lifestyle.,t,5,5.0328,5.1083,0.0756,1.259,-8.8194,8.8191,<pad>,0.107384,substitution,0.95,rule_based_v1
862707b802614ba1abc9394059d852e3.wav,lifestyle.,a,6,5.1083,5.1839,0.0756,0.944,-11.0543,8.6173,<pad>,0.038008,substitution,0.95,rule_based_v1
862707b802614ba1abc9394059d852e3.wav,lifestyle.,ɪ,7,5.1839,5.2594,0.0756,0.944,-14.2571,10.3224,<pad>,0.023127,substitution,0.95,rule_based_v1
862707b802614ba1abc9394059d852e3.wav,lifestyle.,l,8,5.2594,5.335,0.0756,1.259,-12.7389,12.7388,<pad>,0.016308,substitution,0.95,rule_based_v1
862707b802614ba1abc9394059d852e3.wav,People,p,0,6.376,6.4327,0.0567,0.944,-0.7742,0.0,p,0.146666,correct,0.95,rule_based_v1
862707b802614ba1abc9394059d852e3.wav,People,i,1,6.4327,6.4893,0.0567,0.708,-6.461,2.5082,<pad>,0.161367,distortion,0.551,rule_based_v1
862707b802614ba1abc9394059d852e3.wav,People,ː,2,6.4893,6.546,0.0567,0.708,-0.0,0.0,<pad>,0.123186,correct,0.95,rule_based_v1
862707b802614ba1abc9394059d852e3.wav,People,p,3,6.546,6.6027,0.0567,0.944,-12.1275,12.1272,<pad>,0.001796,substitution,0.95,rule_based_v1
862707b802614ba1abc9394059d852e3.wav,People,ə,4,6.6027,6.6593,0.0567,0.944,-12.6478,12.6478,<pad>,0.167864,substitution,0.95,rule_based_v1
862707b802614ba1abc9394059d852e3.wav,People,l,5,6.6593,6.716,0.0567,0.944,-11.5217,7.0753,<pad>,0.190953,substitution,0.95,rule_based_v1
862707b802614ba1abc9394059d852e3.wav,should,ʃ,0,6.796,6.856,0.06,0.6,-4.7433,1.2964,<pad>,0.062248,distortion,0.55,rule_based_v1
862707b802614ba1abc9394059d852e3.wav,should,ʊ,1,6.856,6.916,0.06,0.75,-7.0989,4.7052,<pad>,0.126855,substitution,0.95,rule_based_v1
862707b802614ba1abc9394059d852e3.wav,should,d,2,6.916,6.976,0.06,1.2,-5.3967,2.7804,<pad>,0.025751,distortion,0.578,rule_based_v1
862707b802614ba1abc9394059d852e3.wav,exercise,ɛ,0,7.097,7.1695,0.0725,0.906,-13.3706,11.1537,<pad>,0.015251,substitution,0.95,rule_based_v1
862707b802614ba1abc9394059d852e3.wav,exercise,k,1,7.1695,7.242,0.0725,1.036,-7.5323,3.267,<pad>,0.03168,substitution,0.827,rule_based_v1
862707b802614ba1abc9394059d852e3.wav,exercise,s,2,7.242,7.3145,0.0725,0.725,-6.0633,6.0549,<pad>,0.127641,substitution,0.95,rule_based_v1
862707b802614ba1abc9394059d852e3.wav,exercise,ɚ,3,7.3145,7.387,0.0725,0.906,-6.4367,3.9644,<pad>,0.028961,substitution,0.896,rule_based_v1
862707b802614ba1abc9394059d852e3.wav,exercise,s,4,7.387,7.4595,0.0725,0.725,-5.5558,2.5105,<pad>,0.130954,distortion,0.551,rule_based_v1
862707b802614ba1abc9394059d852e3.wav,exercise,a,5,7.4595,7.532,0.0725,0.906,-12.3406,12.3403,<pad>,0.154556,substitution,0.95,rule_based_v1
862707b802614ba1abc9394059d852e3.wav,exercise,ɪ,6,7.532,7.6045,0.0725,0.906,-14.263,11.1214,<pad>,0.105834,substitution,0.95,rule_based_v1
862707b802614ba1abc9394059d852e3.wav,exercise,z,7,7.6045,7.677,0.0725,0.906,-16.5708,16.5708,<pad>,0.034304,substitution,0.95,rule_based_v1
862707b802614ba1abc9394059d852e3.wav,every,ɛ,0,7.877,7.942,0.065,0.813,-13.718,13.7179,<pad>,0.051398,substitution,0.95,rule_based_v1
862707b802614ba1abc9394059d852e3.wav,every,v,1,7.942,8.007,0.065,0.929,-3.6227,0.8126,<pad>,0.025577,correct,0.747,rule_based_v1
862707b802614ba1abc9394059d852e3.wav,every,ɹ,2,8.007,8.072,0.065,0.813,-3.0678,0.5803,<pad>,0.17791,correct,0.805,rule_based_v1
862707b802614ba1abc9394059d852e3.wav,every,i,3,8.072,8.137,0.065,0.813,-8.4204,6.0315,<pad>,0.156074,substitution,0.95,rule_based_v1
862707b802614ba1abc9394059d852e3.wav,day,d,0,8.197,8.2573,0.0603,1.207,-6.3962,3.5911,<pad>,0.155842,substitution,0.859,rule_based_v1
862707b802614ba1abc9394059d852e3.wav,day,e,1,8.2573,8.3177,0.0603,0.754,-11.1676,8.6088,<pad>,0.138104,substitution,0.95,rule_based_v1
862707b802614ba1abc9394059d852e3.wav,day,ɪ,2,8.3177,8.378,0.0603,0.754,-15.3085,15.3085,<pad>,0.061045,substitution,0.95,rule_based_v1
862707b802614ba1abc9394059d852e3.wav,and,æ,0,8.658,8.6847,0.0267,0.296,-13.9881,13.9879,<pad>,0.096532,substitution,0.95,rule_based_v1
862707b802614ba1abc9394059d852e3.wav,and,n,1,8.6847,8.7113,0.0267,0.444,-5.0576,5.0508,<pad>,0.069979,substitution,0.95,rule_based_v1
862707b802614ba1abc9394059d852e3.wav,and,d,2,8.7113,8.738,0.0267,0.533,-9.69,9.5793,<pad>,0.072306,substitution,0.95,rule_based_v1
862707b802614ba1abc9394059d852e3.wav,eat,i,0,8.818,8.8647,0.0467,0.583,-9.0124,5.8554,<pad>,0.106756,substitution,0.95,rule_based_v1
862707b802614ba1abc9394059d852e3.wav,eat,ː,1,8.8647,8.9113,0.0467,0.583,-0.0002,0.0,<pad>,0.070627,correct,0.95,rule_based_v1
862707b802614ba1abc9394059d852e3.wav,eat,t,2,8.9113,8.958,0.0467,0.778,-6.7109,6.7089,<pad>,0.005169,substitution,0.95,rule_based_v1
862707b802614ba1abc9394059d852e3.wav,vegetables,v,0,9.038,9.0926,0.0546,0.781,-0.0999,0.0,v,0.174187,correct,0.95,rule_based_v1
862707b802614ba1abc9394059d852e3.wav,vegetables,ɛ,1,9.0926,9.1473,0.0546,0.683,-5.2645,5.1889,<pad>,0.133632,substitution,0.95,rule_based_v1
862707b802614ba1abc9394059d852e3.wav,vegetables,d,2,9.1473,9.2019,0.0546,1.093,-9.6079,9.6061,<pad>,0.0372,substitution,0.95,rule_based_v1
862707b802614ba1abc9394059d852e3.wav,vegetables,ʒ,3,9.2019,9.2565,0.0546,0.683,-10.2566,5.8946,<pad>,0.070464,substitution,0.95,rule_based_v1
862707b802614ba1abc9394059d852e3.wav,vegetables,ɪ,4,9.2565,9.3112,0.0546,0.683,-4.9395,3.0506,<pad>,0.045748,substitution,0.805,rule_based_v1
862707b802614ba1abc9394059d852e3.wav,vegetables,ɾ,5,9.3112,9.3658,0.0546,0.683,-10.7938,10.7933,<pad>,0.115251,substitution,0.95,rule_based_v1
862707b802614ba1abc9394059d852e3.wav,vegetables,ə,6,9.3658,9.4205,0.0546,0.911,-8.5497,5.1704,<pad>,0.085519,substitution,0.95,rule_based_v1
862707b802614ba1abc9394059d852e3.wav,vegetables,b,7,9.4205,9.4751,0.0546,1.093,-11.0044,8.9724,<pad>,0.078195,substitution,0.95,rule_based_v1
862707b802614ba1abc9394059d852e3.wav,vegetables,ə,8,9.4751,9.5297,0.0546,0.911,-15.5088,15.5087,<pad>,0.110197,substitution,0.95,rule_based_v1
862707b802614ba1abc9394059d852e3.wav,vegetables,l,9,9.5297,9.5844,0.0546,0.911,-12.8695,12.8695,<pad>,0.061423,substitution,0.95,rule_based_v1
862707b802614ba1abc9394059d852e3.wav,vegetables,z,10,9.5844,9.639,0.0546,0.683,-14.0528,8.875,<pad>,0.03167,substitution,0.95,rule_based_v1
862707b802614ba1abc9394059d852e3.wav,regularly.,ɹ,0,9.759,9.8212,0.0622,0.778,-8.5874,3.3495,<pad>,0.179778,substitution,0.835,rule_based_v1
862707b802614ba1abc9394059d852e3.wav,regularly.,ɛ,1,9.8212,9.8834,0.0622,0.778,-14.6879,14.6878,<pad>,0.06299,substitution,0.95,rule_based_v1
862707b802614ba1abc9394059d852e3.wav,regularly.,ɡ,2,9.8834,9.9457,0.0622,1.244,-7.278,3.9714,<pad>,0.095214,substitution,0.897,rule_based_v1
862707b802614ba1abc9394059d852e3.wav,regularly.,j,3,9.9457,10.0079,0.0622,1.244,-6.1764,4.3442,<pad>,0.118073,substitution,0.934,rule_based_v1
862707b802614ba1abc9394059d852e3.wav,regularly.,ʊ,4,10.0079,10.0701,0.0622,0.778,-14.6075,12.553,<pad>,0.11355,substitution,0.95,rule_based_v1
862707b802614ba1abc9394059d852e3.wav,regularly.,l,5,10.0701,10.1323,0.0622,1.037,-10.7928,8.2336,<pad>,0.073864,substitution,0.95,rule_based_v1
862707b802614ba1abc9394059d852e3.wav,regularly.,ɚ,6,10.1323,10.1946,0.0622,0.778,-11.149,11.0593,<pad>,0.05515,substitution,0.95,rule_based_v1
862707b802614ba1abc9394059d852e3.wav,regularly.,l,7,10.1946,10.2568,0.0622,1.037,-7.992,4.6791,<pad>,0.0587,substitution,0.95,rule_based_v1
862707b802614ba1abc9394059d852e3.wav,regularly.,i,8,10.2568,10.319,0.0622,0.778,-12.251,12.251,<pad>,0.018396,substitution,0.95,rule_based_v1
862707b802614ba1abc9394059d852e3.wav,Many,m,0,11.44,11.5,0.06,0.857,-8.4314,1.9908,<pad>,0.176351,distortion,0.55,rule_based_v1
862707b802614ba1abc9394059d852e3.wav,Many,ɛ,1,11.5,11.56,0.06,0.75,-12.7489,12.7478,<pad>,0.093818,substitution,0.95,rule_based_v1
862707b802614ba1abc9394059d852e3.wav,Many,n,2,11.56,11.62,0.06,1.0,-5.9523,1.3346,<pad>,0.086008,distortion,0.55,rule_based_v1
862707b802614ba1abc9394059d852e3.wav,Many,i,3,11.62,11.68,0.06,0.75,-11.9446,11.9446,<pad>,0.118351,substitution,0.95,rule_based_v1
862707b802614ba1abc9394059d852e3.wav,people's,p,0,11.74,11.7943,0.0543,0.905,-5.3788,0.6115,<pad>,0.186027,correct,0.797,rule_based_v1
862707b802614ba1abc9394059d852e3.wav,people's,i,1,11.7943,11.8486,0.0543,0.679,-9.1256,4.8649,<pad>,0.172552,substitution,0.95,rule_based_v1
862707b802614ba1abc9394059d852e3.wav,people's,ː,2,11.8486,11.9029,0.0543,0.679,-0.0001,0.0,<pad>,0.01352,correct,0.95,rule_based_v1
862707b802614ba1abc9394059d852e3.wav,people's,p,3,11.9029,11.9571,0.0543,0.905,-10.9299,10.9298,<pad>,0.072445,substitution,0.95,rule_based_v1
862707b802614ba1abc9394059d852e3.wav,people's,ə,4,11.9571,12.0114,0.0543,0.905,-8.9139,5.1343,<pad>,0.105831,substitution,0.95,rule_based_v1
862707b802614ba1abc9394059d852e3.wav,people's,l,5,12.0114,12.0657,0.0543,0.905,-7.1308,3.9496,<pad>,0.08269,substitution,0.895,rule_based_v1
862707b802614ba1abc9394059d852e3.wav,people's,z,6,12.0657,12.12,0.0543,0.679,-11.9392,11.8985,<pad>,0.025123,substitution,0.95,rule_based_v1
862707b802614ba1abc9394059d852e3.wav,thinks,θ,0,12.201,12.257,0.056,0.622,-6.8444,3.6938,<pad>,0.056335,substitution,0.869,rule_based_v1
862707b802614ba1abc9394059d852e3.wav,thinks,ɪ,1,12.257,12.313,0.056,0.7,-6.1046,1.9152,<pad>,0.124224,distortion,0.55,rule_based_v1
862707b802614ba1abc9394059d852e3.wav,thinks,ŋ,2,12.313,12.369,0.056,0.8,-14.0546,14.0546,<pad>,0.06339,substitution,0.95,rule_based_v1
862707b802614ba1abc9394059d852e3.wav,thinks,k,3,12.369,12.425,0.056,0.8,-12.1577,12.1576,<pad>,0.050068,substitution,0.95,rule_based_v1
862707b802614ba1abc9394059d852e3.wav,thinks,s,4,12.425,12.481,0.056,0.56,-8.9517,7.8424,ŋ,0.021023,substitution,0.95,rule_based_v1
862707b802614ba1abc9394059d852e3.wav,that,ð,0,12.561,12.621,0.06,1.0,-6.2218,1.0811,<pad>,0.167931,distortion,0.55,rule_based_v1
862707b802614ba1abc9394059d852e3.wav,that,æ,1,12.621,12.681,0.06,0.667,-12.2769,12.2729,<pad>,0.095536,substitution,0.95,rule_based_v1
862707b802614ba1abc9394059d852e3.wav,that,t,2,12.681,12.741,0.06,1.0,-2.8253,1.0411,<pad>,0.003361,distortion,0.55,rule_based_v1
862707b802614ba1abc9394059d852e3.wav,sleeping,s,0,12.821,12.8753,0.0543,0.543,-8.912,8.9109,<pad>,0.022069,substitution,0.95,rule_based_v1
862707b802614ba1abc9394059d852e3.wav,sleeping,l,1,12.8753,12.9296,0.0543,0.905,-3.5786,0.3289,<pad>,0.08416,correct,0.868,rule_based_v1
862707b802614ba1abc9394059d852e3.wav,sleeping,i,2,12.9296,12.9839,0.0543,0.679,-8.1181,3.3611,<pad>,0.117174,substitution,0.836,rule_based_v1
862707b802614ba1abc9394059d852e3.wav,sleeping,ː,3,12.9839,13.0381,0.0543,0.679,-0.0001,0.0,<pad>,0.013988,correct,0.95,rule_based_v1
862707b802614ba1abc9394059d852e3.wav,sleeping,p,4,13.0381,13.0924,0.0543,0.905,-10.6493,10.6492,<pad>,0.083104,substitution,0.95,rule_based_v1
862707b802614ba1abc9394059d852e3.wav,sleeping,ɪ,5,13.0924,13.1467,0.0543,0.679,-13.7612,8.47,<pad>,0.067598,substitution,0.95,rule_based_v1
862707b802614ba1abc9394059d852e3.wav,sleeping,ŋ,6,13.1467,13.201,0.0543,0.776,-10.5723,7.0356,ɪ,0.040777,substitution,0.95,rule_based_v1
862707b802614ba1abc9394059d852e3.wav,5,f,0,13.281,13.3262,0.0452,0.503,-5.6738,2.772,<pad>,0.024136,distortion,0.577,rule_based_v1
862707b802614ba1abc9394059d852e3.wav,5,a,1,13.3262,13.3715,0.0452,0.566,-12.1494,12.1493,<pad>,0.178188,substitution,0.95,rule_based_v1
862707b802614ba1abc9394059d852e3.wav,5,ɪ,2,13.3715,13.4168,0.0452,0.566,-13.1919,8.3376,<pad>,0.137479,substitution,0.95,rule_based_v1
862707b802614ba1abc9394059d852e3.wav,5,v,3,13.4168,13.462,0.0452,0.646,-16.8186,16.8186,<pad>,0.109468,substitution,0.95,rule_based_v1
862707b802614ba1abc9394059d852e3.wav,hours,a,0,13.542,13.607,0.065,0.812,-12.574,10.0825,<pad>,0.009029,substitution,0.95,rule_based_v1
862707b802614ba1abc9394059d852e3.wav,hours,ʊ,1,13.607,13.672,0.065,0.812,-14.1612,14.1608,<pad>,0.021314,substitution,0.95,rule_based_v1
862707b802614ba1abc9394059d852e3.wav,hours,ɚ,2,13.672,13.737,0.065,0.812,-9.1691,6.4127,<pad>,0.148941,substitution,0.95,rule_based_v1
862707b802614ba1abc9394059d852e3.wav,hours,z,3,13.737,13.802,0.065,0.812,-11.9691,11.9093,<pad>,0.096175,substitution,0.95,rule_based_v1
862707b802614ba1abc9394059d852e3.wav,is,ɪ,0,13.862,13.912,0.05,0.625,-10.093,10.0921,<pad>,0.070311,substitution,0.95,rule_based_v1
862707b802614ba1abc9394059d852e3.wav,is,z,1,13.912,13.962,0.05,0.625,-0.0541,0.0,z,0.044984,correct,0.95,rule_based_v1
862707b802614ba1abc9394059d852e3.wav,enough,ɪ,0,14.042,14.112,0.07,0.875,-13.5582,10.5617,<pad>,0.085066,substitution,0.95,rule_based_v1
862707b802614ba1abc9394059d852e3.wav,enough,n,1,14.112,14.182,0.07,1.167,-10.6787,8.519,<pad>,0.066106,substitution,0.95,rule_based_v1
862707b802614ba1abc9394059d852e3.wav,enough,ʌ,2,14.182,14.252,0.07,1.0,-14.5795,14.5795,<pad>,0.055581,substitution,0.95,rule_based_v1
862707b802614ba1abc9394059d852e3.wav,enough,f,3,14.252,14.322,0.07,0.778,-11.4029,11.4028,<pad>,0.009247,substitution,0.95,rule_based_v1
862707b802614ba1abc9394059d852e3.wav,but,b,0,14.662,14.7157,0.0537,1.073,-0.2191,0.0,b,0.165309,correct,0.95,rule_based_v1
862707b802614ba1abc9394059d852e3.wav,but,ʌ,1,14.7157,14.7693,0.0537,0.767,-6.1709,2.1967,<pad>,0.122721,distortion,0.52,rule_based_v1
862707b802614ba1abc9394059d852e3.wav,but,t,2,14.7693,14.823,0.0537,0.894,-4.9123,4.8967,<pad>,0.052507,substitution,0.95,rule_based_v1
862707b802614ba1abc9394059d852e3.wav,it,ɪ,0,14.863,14.893,0.03,0.375,-9.1224,9.1196,<pad>,0.031021,substitution,0.95,rule_based_v1
862707b802614ba1abc9394059d852e3.wav,it,t,1,14.893,14.923,0.03,0.5,-4.9976,4.9886,<pad>,0.014805,substitution,0.95,rule_based_v1
862707b802614ba1abc9394059d852e3.wav,is,ɪ,0,15.003,15.053,0.05,0.625,-9.9137,9.2122,<pad>,0.050746,substitution,0.95,rule_based_v1
862707b802614ba1abc9394059d852e3.wav,is,z,1,15.053,15.103,0.05,0.625,-4.3542,1.1759,<pad>,0.035831,distortion,0.55,rule_based_v1
862707b802614ba1abc9394059d852e3.wav,not.,n,0,15.163,15.218,0.055,0.917,-9.6404,4.9446,<pad>,0.097375,substitution,0.95,rule_based_v1
862707b802614ba1abc9394059d852e3.wav,not.,ɑ,1,15.218,15.273,0.055,0.687,-17.4068,17.4068,<pad>,0.051697,substitution,0.95,rule_based_v1
862707b802614ba1abc9394059d852e3.wav,not.,ː,2,15.273,15.328,0.055,0.687,-0.0,0.0,<pad>,0.014364,correct,0.95,rule_based_v1
862707b802614ba1abc9394059d852e3.wav,not.,t,3,15.328,15.383,0.055,0.917,-7.0401,7.0381,<pad>,0.001375,substitution,0.95,rule_based_v1
862707b802614ba1abc9394059d852e3.wav,If,ɪ,0,16.544,16.584,0.04,0.5,-11.5467,11.5465,<pad>,0.018817,substitution,0.95,rule_based_v1
862707b802614ba1abc9394059d852e3.wav,If,f,1,16.584,16.624,0.04,0.444,-6.1894,1.2096,<pad>,0.007857,distortion,0.55,rule_based_v1
862707b802614ba1abc9394059d852e3.wav,you,j,0,16.664,16.7173,0.0533,1.067,-0.4115,0.0,j,0.211258,correct,0.95,rule_based_v1
862707b802614ba1abc9394059d852e3.wav,you,u,1,16.7173,16.7707,0.0533,0.667,-8.0478,4.1067,<pad>,0.227312,substitution,0.911,rule_based_v1
862707b802614ba1abc9394059d852e3.wav,you,ː,2,16.7707,16.824,0.0533,0.667,-0.0013,0.0,<pad>,0.087583,correct,0.95,rule_based_v1
862707b802614ba1abc9394059d852e3.wav,take,t,0,16.884,16.934,0.05,0.833,-10.6953,10.6949,<pad>,0.129616,substitution,0.95,rule_based_v1
862707b802614ba1abc9394059d852e3.wav,take,e,1,16.934,16.984,0.05,0.625,-10.9198,6.5921,<pad>,0.119597,substitution,0.95,rule_based_v1
862707b802614ba1abc9394059d852e3.wav,take,ɪ,2,16.984,17.034,0.05,0.625,-11.4529,11.4524,<pad>,0.072274,substitution,0.95,rule_based_v1
862707b802614ba1abc9394059d852e3.wav,take,k,3,17.034,17.084,0.05,0.714,-6.4786,6.4766,<pad>,0.000382,substitution,0.95,rule_based_v1
862707b802614ba1abc9394059d852e3.wav,care,k,0,17.144,17.231,0.087,1.243,-12.2782,10.012,<pad>,0.158822,substitution,0.95,rule_based_v1
862707b802614ba1abc9394059d852e3.wav,care,ɛ,1,17.231,17.318,0.087,1.088,-13.81,13.8099,<pad>,0.108605,substitution,0.95,rule_based_v1
862707b802614ba1abc9394059d852e3.wav,care,ɹ,2,17.318,17.405,0.087,1.088,-5.7379,5.6817,<pad>,0.067705,substitution,0.95,rule_based_v1
862707b802614ba1abc9394059d852e3.wav,of,ʌ,0,17.485,17.525,0.04,0.571,-8.6021,8.5994,<pad>,0.020015,substitution,0.95,rule_based_v1
862707b802614ba1abc9394059d852e3.wav,of,v,1,17.525,17.565,0.04,0.571,-4.3634,1.3565,<pad>,0.009933,distortion,0.55,rule_based_v1
862707b802614ba1abc9394059d852e3.wav,your,j,0,17.605,17.6583,0.0533,1.067,-0.4404,0.0,j,0.156663,correct,0.95,rule_based_v1
862707b802614ba1abc9394059d852e3.wav,your,ʊ,1,17.6583,17.7117,0.0533,0.667,-11.232,4.9677,<pad>,0.148772,substitution,0.95,rule_based_v1
862707b802614ba1abc9394059d852e3.wav,your,ɹ,2,17.7117,17.765,0.0533,0.667,-6.4908,6.4848,<pad>,0.073796,substitution,0.95,rule_based_v1
862707b802614ba1abc9394059d852e3.wav,"body,",b,0,17.805,17.873,0.068,1.36,-6.1946,0.0,b,0.135988,correct,0.95,rule_based_v1
862707b802614ba1abc9394059d852e3.wav,"body,",ɑ,1,17.873,17.941,0.068,0.85,-17.6322,17.6322,<pad>,0.115844,substitution,0.95,rule_based_v1
862707b802614ba1abc9394059d852e3.wav,"body,",ː,2,17.941,18.009,0.068,0.85,-0.0002,0.0,<pad>,0.03158,correct,0.95,rule_based_v1
862707b802614ba1abc9394059d852e3.wav,"body,",d,3,18.009,18.077,0.068,1.36,-7.4043,2.6442,<pad>,0.07753,distortion,0.564,rule_based_v1
862707b802614ba1abc9394059d852e3.wav,"body,",i,4,18.077,18.145,0.068,0.85,-8.393,8.1944,<pad>,0.054115,substitution,0.95,rule_based_v1
862707b802614ba1abc9394059d852e3.wav,your,j,0,18.525,18.5853,0.0603,1.207,-2.2254,0.0555,<pad>,0.131399,correct,0.936,rule_based_v1
862707b802614ba1abc9394059d852e3.wav,your,ʊ,1,18.5853,18.6457,0.0603,0.754,-12.8076,8.4552,<pad>,0.188855,substitution,0.95,rule_based_v1
862707b802614ba1abc9394059d852e3.wav,your,ɹ,2,18.6457,18.706,0.0603,0.754,-6.4962,6.4751,<pad>,0.092888,substitution,0.95,rule_based_v1
862707b802614ba1abc9394059d852e3.wav,life,l,0,18.786,18.851,0.065,1.083,-8.3577,7.8006,<pad>,0.154696,substitution,0.95,rule_based_v1
862707b802614ba1abc9394059d852e3.wav,life,a,1,18.851,18.916,0.065,0.812,-13.4394,13.4394,<pad>,0.074187,substitution,0.95,rule_based_v1
862707b802614ba1abc9394059d852e3.wav,life,ɪ,2,18.916,18.981,0.065,0.812,-8.3522,8.3494,<pad>,0.059381,substitution,0.95,rule_based_v1
862707b802614ba1abc9394059d852e3.wav,life,f,3,18.981,19.046,0.065,0.722,-11.703,11.7029,<pad>,0.005276,substitution,0.95,rule_based_v1
862707b802614ba1abc9394059d852e3.wav,become,b,0,19.146,19.21,0.064,1.28,-11.7245,8.8436,<pad>,0.181881,substitution,0.95,rule_based_v1
862707b802614ba1abc9394059d852e3.wav,become,ɪ,1,19.21,19.274,0.064,0.8,-12.5842,12.5838,<pad>,0.008458,substitution,0.95,rule_based_v1
862707b802614ba1abc9394059d852e3.wav,become,k,2,19.274,19.338,0.064,0.914,-8.1763,5.0016,<pad>,0.150011,substitution,0.95,rule_based_v1
862707b802614ba1abc9394059d852e3.wav,become,ʌ,3,19.338,19.402,0.064,0.914,-7.4714,5.0837,<pad>,0.143318,substitution,0.95,rule_based_v1
862707b802614ba1abc9394059d852e3.wav,become,m,4,19.402,19.466,0.064,0.914,-3.714,1.4353,<pad>,0.076095,distortion,0.55,rule_based_v1
862707b802614ba1abc9394059d852e3.wav,much,m,0,19.526,19.576,0.05,0.714,-7.6331,3.7829,<pad>,0.119918,substitution,0.878,rule_based_v1
862707b802614ba1abc9394059d852e3.wav,much,ʌ,1,19.576,19.626,0.05,0.714,-13.8587,13.8586,<pad>,0.085198,substitution,0.95,rule_based_v1
862707b802614ba1abc9394059d852e3.wav,much,t,2,19.626,19.676,0.05,0.833,-6.5985,6.5957,<pad>,0.006262,substitution,0.95,rule_based_v1
862707b802614ba1abc9394059d852e3.wav,much,ʃ,3,19.676,19.726,0.05,0.5,-10.6899,10.4106,<pad>,0.042692,substitution,0.95,rule_based_v1
862707b802614ba1abc9394059d852e3.wav,better.,b,0,19.826,19.8963,0.0702,1.405,-13.4103,9.7533,<pad>,0.116461,substitution,0.95,rule_based_v1
862707b802614ba1abc9394059d852e3.wav,better.,ɛ,1,19.8963,19.9665,0.0702,0.878,-12.2311,12.2305,<pad>,0.016759,substitution,0.95,rule_based_v1
862707b802614ba1abc9394059d852e3.wav,better.,ɾ,2,19.9665,20.0367,0.0702,0.878,-4.1137,2.7608,<pad>,0.074891,distortion,0.576,rule_based_v1
862707b802614ba1abc9394059d852e3.wav,better.,ɚ,3,20.0367,20.107,0.0702,0.878,-6.5272,3.5621,<pad>,0.03742,substitution,0.856,rule_based_v1
b694765506bb4805a133bde0488d161a.wav,Artificial,ɑ,0,0.263,0.319,0.056,0.7,-15.9976,15.9975,<pad>,0.241497,substitution,0.95,rule_based_v1
b694765506bb4805a133bde0488d161a.wav,Artificial,ː,1,0.319,0.375,0.056,0.7,-0.0016,0.0,<pad>,0.126847,correct,0.95,rule_based_v1
b694765506bb4805a133bde0488d161a.wav,Artificial,ɹ,2,0.375,0.431,0.056,0.7,-6.6197,3.4495,<pad>,0.183146,substitution,0.845,rule_based_v1
b694765506bb4805a133bde0488d161a.wav,Artificial,ɾ,3,0.431,0.487,0.056,0.7,-6.4607,2.8236,<pad>,0.101662,distortion,0.582,rule_based_v1
b694765506bb4805a133bde0488d161a.wav,Artificial,ɪ,4,0.487,0.543,0.056,0.7,-8.7284,8.7276,<pad>,0.00511,substitution,0.95,rule_based_v1
b694765506bb4805a133bde0488d161a.wav,Artificial,f,5,0.543,0.599,0.056,0.622,-8.5258,8.5242,<pad>,0.178918,substitution,0.95,rule_based_v1
b694765506bb4805a133bde0488d161a.wav,Artificial,ɪ,6,0.599,0.655,0.056,0.7,-14.0262,9.8346,<pad>,0.102016,substitution,0.95,rule_based_v1
b694765506bb4805a133bde0488d161a.wav,Artificial,ʃ,7,0.655,0.711,0.056,0.56,-11.3077,6.1108,<pad>,0.061372,substitution,0.95,rule_based_v1
b694765506bb4805a133bde0488d161a.wav,Artificial,ə,8,0.711,0.767,0.056,0.933,-14.3495,14.3494,<pad>,0.11931,substitution,0.95,rule_based_v1
b694765506bb4805a133bde0488d161a.wav,Artificial,l,9,0.767,0.823,0.056,0.933,-12.351,12.3509,<pad>,0.130515,substitution,0.95,rule_based_v1
b694765506bb4805a133bde0488d161a.wav,intelligence,ɪ,0,0.883,0.9375,0.0545,0.682,-13.465,8.9068,<pad>,0.15554,substitution,0.95,rule_based_v1
b694765506bb4805a133bde0488d161a.wav,intelligence,n,1,0.9375,0.9921,0.0545,0.909,-8.9479,8.9452,<pad>,0.02789,substitution,0.95,rule_based_v1
b694765506bb4805a133bde0488d161a.wav,intelligence,t,2,0.9921,1.0466,0.0545,0.909,-5.1057,1.1773,<pad>,0.086164,distortion,0.55,rule_based_v1
b694765506bb4805a133bde0488d161a.wav,intelligence,ɛ,3,1.0466,1.1012,0.0545,0.682,-9.3012,9.2997,<pad>,0.176803,substitution,0.95,rule_based_v1
b694765506bb4805a133bde0488d161a.wav,intelligence,l,4,1.1012,1.1557,0.0545,0.909,-11.4998,5.6696,<pad>,0.097524,substitution,0.95,rule_based_v1
b694765506bb4805a133bde0488d161a.wav,intelligence,ɪ,5,1.1557,1.2103,0.0545,0.682,-13.0262,13.0254,<pad>,0.149864,substitution,0.95,rule_based_v1
b694765506bb4805a133bde0488d161a.wav,intelligence,d,6,1.2103,1.2648,0.0545,1.091,-11.4396,8.3859,l,0.046538,substitution,0.95,rule_based_v1
b694765506bb4805a133bde0488d161a.wav,intelligence,ʒ,7,1.2648,1.3194,0.0545,0.682,-13.0921,9.9803,<pad>,0.038781,substitution,0.95,rule_based_v1
b694765506bb4805a133bde0488d161a.wav,intelligence,ə,8,1.3194,1.3739,0.0545,0.909,-10.0391,10.0385,<pad>,0.073315,substitution,0.95,rule_based_v1
b694765506bb4805a133bde0488d161a.wav,intelligence,n,9,1.3739,1.4285,0.0545,0.909,-9.4318,4.8186,<pad>,0.055081,substitution,0.95,rule_based_v1
b694765506bb4805a133bde0488d161a.wav,intelligence,s,10,1.4285,1.483,0.0545,0.545,-13.29,13.2869,<pad>,0.035332,substitution,0.95,rule_based_v1
b694765506bb4805a133bde0488d161a.wav,is,ɪ,0,1.563,1.593,0.03,0.375,-7.8981,7.896,<pad>,0.046473,substitution,0.95,rule_based_v1
b694765506bb4805a133bde0488d161a.wav,is,z,1,1.593,1.623,0.03,0.375,-0.1675,0.0,z,0.035122,correct,0.95,rule_based_v1
b694765506bb4805a133bde0488d161a.wav,changing,t,0,1.683,1.7253,0.0423,0.706,-7.3887,2.2782,<pad>,0.057486,distortion,0.528,rule_based_v1
b694765506bb4805a133bde0488d161a.wav,changing,ʃ,1,1.7253,1.7677,0.0423,0.423,-10.9258,7.7154,<pad>,0.104516,substitution,0.95,rule_based_v1
b694765506bb4805a133bde0488d161a.wav,changing,e,2,1.7677,1.81,0.0423,0.529,-12.6122,12.6117,<pad>,0.099898,substitution,0.95,rule_based_v1
b694765506bb4805a133bde0488d161a.wav,changing,ɪ,3,1.81,1.8523,0.0423,0.529,-15.1538,15.1538,<pad>,0.111684,substitution,0.95,rule_based_v1
b694765506bb4805a133bde0488d161a.wav,changing,n,4,1.8523,1.8947,0.0423,0.706,-0.198,0.0,n,0.077969,correct,0.95,rule_based_v1
b694765506bb4805a133bde0488d161a.wav,changing,d,5,1.8947,1.937,0.0423,0.847,-5.5491,2.7099,dʒ,0.060135,distortion,0.571,rule_based_v1
b694765506bb4805a133bde0488d161a.wav,changing,ʒ,6,1.937,1.9793,0.0423,0.529,-12.5193,12.5059,<pad>,0.130336,substitution,0.95,rule_based_v1
b694765506bb4805a133bde0488d161a.wav,changing,ɪ,7,1.9793,2.0217,0.0423,0.529,-7.1678,3.4654,<pad>,0.114568,substitution,0.847,rule_based_v1
b694765506bb4805a133bde0488d161a.wav,changing,ŋ,8,2.0217,2.064,0.0423,0.605,-6.3302,2.2326,<pad>,0.115992,distortion,0.523,rule_based_v1
b694765506bb4805a133bde0488d161a.wav,the,ð,0,2.104,2.154,0.05,0.833,-3.9872,0.0,ð,0.127558,correct,0.95,rule_based_v1
b694765506bb4805a133bde0488d161a.wav,the,ə,1,2.154,2.204,0.05,0.833,-8.7493,8.7487,<pad>,0.082455,substitution,0.95,rule_based_v1
b694765506bb4805a133bde0488d161a.wav,world,w,0,2.244,2.296,0.052,1.04,-4.5949,3.731,<pad>,0.145292,substitution,0.873,rule_based_v1
b694765506bb4805a133bde0488d161a.wav,world,ɜ,1,2.296,2.348,0.052,0.65,-13.6503,7.8884,<pad>,0.19365,substitution,0.95,rule_based_v1
b694765506bb4805a133bde0488d161a.wav,world,ː,2,2.348,2.4,0.052,0.65,-0.0002,0.0,<pad>,0.175552,correct,0.95,rule_based_v1
b694765506bb4805a133bde0488d161a.wav,world,l,3,2.4,2.452,0.052,0.867,-7.2955,7.0766,<pad>,0.124325,substitution,0.95,rule_based_v1
b694765506bb4805a133bde0488d161a.wav,world,d,4,2.452,2.504,0.052,1.04,-8.1579,7.2985,l,0.049555,substitution,0.95,rule_based_v1
b694765506bb4805a133bde0488d161a.wav,very,v,0,2.564,2.624,0.06,0.857,-7.486,2.6092,<pad>,0.114967,distortion,0.561,rule_based_v1
b694765506bb4805a133bde0488d161a.wav,very,ɛ,1,2.624,2.684,0.06,0.75,-14.0302,14.0301,<pad>,0.145268,substitution,0.95,rule_based_v1
b694765506bb4805a133bde0488d161a.wav,very,ɹ,2,2.684,2.744,0.06,0.75,-6.829,4.7335,<pad>,0.141908,substitution,0.95,rule_based_v1
b694765506bb4805a133bde0488d161a.wav,very,i,3,2.744,2.804,0.06,0.75,-7.2515,4.637,<pad>,0.108857,substitution,0.95,rule_based_v1
b694765506bb4805a133bde0488d161a.wav,fast.,f,0,2.864,2.964,0.1,1.111,-9.022,7.5279,<pad>,0.121106,substitution,0.95,rule_based_v1
b694765506bb4805a133bde0488d161a.wav,fast.,æ,1,2.964,3.064,0.1,1.111,-12.6293,10.8362,<pad>,0.130635,substitution,0.95,rule_based_v1
b694765506bb4805a133bde0488d161a.wav,fast.,s,2,3.064,3.164,0.1,1.0,-12.2432,12.2431,<pad>,0.048144,substitution,0.95,rule_based_v1
b694765506bb4805a133bde0488d161a.wav,fast.,t,3,3.164,3.264,0.1,1.667,-9.9667,8.0668,<pad>,0.033915,substitution,0.95,rule_based_v1
b694765506bb4805a133bde0488d161a.wav,Many,m,0,4.364,4.414,0.05,0.714,-7.4349,1.9552,<pad>,0.176115,distortion,0.55,rule_based_v1
b694765506bb4805a133bde0488d161a.wav,Many,ɛ,1,4.414,4.464,0.05,0.625,-5.2147,0.6215,<pad>,0.212402,correct,0.795,rule_based_v1
b694765506bb4805a133bde0488d161a.wav,Many,n,2,4.464,4.514,0.05,0.833,-4.0411,0.0,n,0.243667,correct,0.95,rule_based_v1
b694765506bb4805a133bde0488d161a.wav,Many,i,3,4.514,4.564,0.05,0.625,-4.1666,0.5358,<pad>,0.167895,correct,0.816,rule_based_v1
b694765506bb4805a133bde0488d161a.wav,companies,k,0,4.644,4.6991,0.0551,0.787,-11.3029,11.3026,<pad>,0.137668,substitution,0.95,rule_based_v1
b694765506bb4805a133bde0488d161a.wav,companies,ʌ,1,4.6991,4.7543,0.0551,0.787,-7.7816,3.6435,<pad>,0.175338,substitution,0.864,rule_based_v1
b694765506bb4805a133bde0488d161a.wav,companies,m,2,4.7542,4.8094,0.0551,0.787,-7.5441,7.5112,<pad>,0.068303,substitution,0.95,rule_based_v1
b694765506bb4805a133bde0488d161a.wav,companies,p,3,4.8094,4.8645,0.0551,0.919,-6.8262,3.9869,m,0.084692,substitution,0.899,rule_based_v1
b694765506bb4805a133bde0488d161a.wav,companies,ə,4,4.8645,4.9196,0.0551,0.919,-12.3308,8.039,<pad>,0.136377,substitution,0.95,rule_based_v1
b694765506bb4805a133bde0488d161a.wav,companies,n,5,4.9196,4.9748,0.0551,0.919,-10.4798,7.4711,ə,0.125897,substitution,0.95,rule_based_v1
b694765506bb4805a133bde0488d161a.wav,companies,i,6,4.9748,5.0299,0.0551,0.689,-12.3293,9.5165,n,0.117963,substitution,0.95,rule_based_v1
b694765506bb4805a133bde0488d161a.wav,companies,z,7,5.0299,5.085,0.0551,0.689,-12.1049,8.2326,<pad>,0.045672,substitution,0.95,rule_based_v1
b694765506bb4805a133bde0488d161a.wav,are,ɑ,0,5.145,5.1783,0.0333,0.417,-16.7386,16.7385,<pad>,0.158704,substitution,0.95,rule_based_v1
b694765506bb4805a133bde0488d161a.wav,are,ː,1,5.1783,5.2117,0.0333,0.417,-0.0009,0.0,<pad>,0.124616,correct,0.95,rule_based_v1
b694765506bb4805a133bde0488d161a.wav,are,ɹ,2,5.2117,5.245,0.0333,0.417,-6.7889,6.7875,<pad>,0.130719,substitution,0.95,rule_based_v1
b694765506bb4805a133bde0488d161a.wav,investing,ɪ,0,5.285,5.3425,0.0575,0.719,-13.9478,8.8206,<pad>,0.162685,substitution,0.95,rule_based_v1
b694765506bb4805a133bde0488d161a.wav,investing,n,1,5.3425,5.4,0.0575,0.958,-7.7328,7.7202,<pad>,0.035272,substitution,0.95,rule_based_v1
b694765506bb4805a133bde0488d161a.wav,investing,v,2,5.4,5.4575,0.0575,0.821,-7.051,1.2318,<pad>,0.177541,distortion,0.55,rule_based_v1
b694765506bb4805a133bde0488d161a.wav,investing,ɛ,3,5.4575,5.515,0.0575,0.719,-5.3558,0.0577,<pad>,0.105124,correct,0.936,rule_based_v1
b694765506bb4805a133bde0488d161a.wav,investing,s,4,5.515,5.5725,0.0575,0.575,-11.2797,11.2795,<pad>,0.040268,substitution,0.95,rule_based_v1
b694765506bb4805a133bde0488d161a.wav,investing,t,5,5.5725,5.63,0.0575,0.958,-10.0764,10.0751,<pad>,0.051276,substitution,0.95,rule_based_v1
b694765506bb4805a133bde0488d161a.wav,investing,ɪ,6,5.63,5.6875,0.0575,0.719,-12.1344,7.831,s,0.158185,substitution,0.95,rule_based_v1
b694765506bb4805a133bde0488d161a.wav,investing,ŋ,7,5.6875,5.745,0.0575,0.821,-16.1814,16.1799,<pad>,0.129725,substitution,0.95,rule_based_v1
b694765506bb4805a133bde0488d161a.wav,heavily,h,0,5.825,5.8917,0.0667,1.111,-10.7927,7.7539,<pad>,0.112999,substitution,0.95,rule_based_v1
b694765506bb4805a133bde0488d161a.wav,heavily,ɛ,1,5.8917,5.9583,0.0667,0.833,-10.7115,10.7106,<pad>,0.145638,substitution,0.95,rule_based_v1
b694765506bb4805a133bde0488d161a.wav,heavily,v,2,5.9583,6.025,0.0667,0.952,-7.7274,4.766,<pad>,0.078886,substitution,0.95,rule_based_v1
b694765506bb4805a133bde0488d161a.wav,heavily,i,3,6.025,6.0917,0.0667,0.833,-12.4714,10.6331,<pad>,0.114959,substitution,0.95,rule_based_v1
b694765506bb4805a133bde0488d161a.wav,heavily,l,4,6.0917,6.1583,0.0667,1.111,-6.7417,4.7956,<pad>,0.077506,substitution,0.95,rule_based_v1
b694765506bb4805a133bde0488d161a.wav,heavily,i,5,6.1583,6.225,0.0667,0.833,-7.0005,4.5616,<pad>,0.06477,substitution,0.95,rule_based_v1
b694765506bb4805a133bde0488d161a.wav,in,ɪ,0,6.285,6.325,0.04,0.5,-13.2792,13.2787,<pad>,0.122391,substitution,0.95,rule_based_v1
b694765506bb4805a133bde0488d161a.wav,in,n,1,6.325,6.365,0.04,0.667,-1.7182,0.0,n,0.143217,correct,0.95,rule_based_v1
b694765506bb4805a133bde0488d161a.wav,machine,m,0,6.405,6.4617,0.0567,0.81,-9.0074,5.567,<pad>,0.097188,substitution,0.95,rule_based_v1
b694765506bb4805a133bde0488d161a.wav,machine,ə,1,6.4617,6.5183,0.0567,0.944,-10.4256,10.4254,<pad>,0.057928,substitution,0.95,rule_based_v1
b694765506bb4805a133bde0488d161a.wav,machine,ʃ,2,6.5183,6.575,0.0567,0.567,-6.6211,1.6728,<pad>,0.054998,distortion,0.55,rule_based_v1
b694765506bb4805a133bde0488d161a.wav,machine,i,3,6.575,6.6317,0.0567,0.708,-13.5065,13.5064,<pad>,0.089084,substitution,0.95,rule_based_v1
b694765506bb4805a133bde0488d161a.wav,machine,ː,4,6.6317,6.6883,0.0567,0.708,-0.0002,0.0,<pad>,0.104021,correct,0.95,rule_based_v1
b694765506bb4805a133bde0488d161a.wav,machine,n,5,6.6883,6.745,0.0567,0.944,-12.0767,7.4358,<pad>,0.147621,substitution,0.95,rule_based_v1
b694765506bb4805a133bde0488d161a.wav,learning,l,0,6.785,6.8317,0.0467,0.778,-4.1771,0.6274,<pad>,0.166395,correct,0.793,rule_based_v1
b694765506bb4805a133bde0488d161a.wav,learning,ɜ,1,6.8317,6.8783,0.0467,0.583,-13.2854,7.9171,<pad>,0.141431,substitution,0.95,rule_based_v1
b694765506bb4805a133bde0488d161a.wav,learning,ː,2,6.8783,6.925,0.0467,0.583,-0.0001,0.0,<pad>,0.158059,correct,0.95,rule_based_v1
b694765506bb4805a133bde0488d161a.wav,learning,n,3,6.925,6.9717,0.0467,0.778,-5.2672,3.5001,<pad>,0.135327,substitution,0.85,rule_based_v1
b694765506bb4805a133bde0488d161a.wav,learning,ɪ,4,6.9717,7.0183,0.0467,0.583,-6.0175,1.8303,n,0.128757,distortion,0.55,rule_based_v1
b694765506bb4805a133bde0488d161a.wav,learning,ŋ,5,7.0183,7.065,0.0467,0.667,-14.7221,14.7221,<pad>,0.133548,substitution,0.95,rule_based_v1
b694765506bb4805a133bde0488d161a.wav,and,æ,0,7.165,7.1983,0.0333,0.37,-14.5016,14.5016,<pad>,0.108548,substitution,0.95,rule_based_v1
b694765506bb4805a133bde0488d161a.wav,and,n,1,7.1983,7.2317,0.0333,0.556,-5.5487,5.5446,<pad>,0.154295,substitution,0.95,rule_based_v1
b694765506bb4805a133bde0488d161a.wav,and,d,2,7.2317,7.265,0.0333,0.667,-8.1345,7.9739,n,0.110182,substitution,0.95,rule_based_v1
b694765506bb4805a133bde0488d161a.wav,automation.,ɔ,0,7.345,7.401,0.056,0.7,-17.0341,17.034,<pad>,0.148803,substitution,0.95,rule_based_v1
b694765506bb4805a133bde0488d161a.wav,automation.,ː,1,7.401,7.457,0.056,0.7,-0.0389,-3.4263,<pad>,0.125798,correct,0.95,rule_based_v1
b694765506bb4805a133bde0488d161a.wav,automation.,ɾ,2,7.457,7.513,0.056,0.7,-7.6584,4.5691,<pad>,0.117807,substitution,0.95,rule_based_v1
b694765506bb4805a133bde0488d161a.wav,automation.,ə,3,7.513,7.569,0.056,0.933,-9.1161,9.1156,<pad>,0.14518,substitution,0.95,rule_based_v1
b694765506bb4805a133bde0488d161a.wav,automation.,m,4,7.569,7.625,0.056,0.8,-6.1164,0.5446,<pad>,0.11206,correct,0.814,rule_based_v1
b694765506bb4805a133bde0488d161a.wav,automation.,e,5,7.625,7.681,0.056,0.7,-10.8509,6.5321,<pad>,0.095235,substitution,0.95,rule_based_v1
b694765506bb4805a133bde0488d161a.wav,automation.,ɪ,6,7.681,7.737,0.056,0.7,-13.8257,13.8257,<pad>,0.06872,substitution,0.95,rule_based_v1
b694765506bb4805a133bde0488d161a.wav,automation.,ʃ,7,7.737,7.793,0.056,0.56,-15.8458,15.8456,<pad>,0.052054,substitution,0.95,rule_based_v1
b694765506bb4805a133bde0488d161a.wav,automation.,ə,8,7.793,7.849,0.056,0.933,-14.0496,14.0495,<pad>,0.042826,substitution,0.95,rule_based_v1
b694765506bb4805a133bde0488d161a.wav,automation.,n,9,7.849,7.905,0.056,0.933,-11.7849,6.5466,<pad>,0.026409,substitution,0.95,rule_based_v1
b694765506bb4805a133bde0488d161a.wav,"However,",h,0,8.886,8.9527,0.0667,1.111,-6.9077,3.241,<pad>,0.139451,substitution,0.824,rule_based_v1
b694765506bb4805a133bde0488d161a.wav,"However,",a,1,8.9527,9.0193,0.0667,0.833,-13.8555,13.8555,<pad>,0.140835,substitution,0.95,rule_based_v1
b694765506bb4805a133bde0488d161a.wav,"However,",ʊ,2,9.0193,9.086,0.0667,0.833,-12.1218,11.965,<pad>,0.248121,substitution,0.95,rule_based_v1
b694765506bb4805a133bde0488d161a.wav,"However,",ɛ,3,9.086,9.1527,0.0667,0.833,-9.3315,6.0212,<pad>,0.166206,substitution,0.95,rule_based_v1
b694765506bb4805a133bde0488d161a.wav,"However,",v,4,9.1527,9.2193,0.0667,0.952,-8.826,5.313,<pad>,0.089024,substitution,0.95,rule_based_v1
b694765506bb4805a133bde0488d161a.wav,"However,",ɚ,5,9.2193,9.286,0.0667,0.833,-8.0474,5.4693,<pad>,0.11315,substitution,0.95,rule_based_v1
b694765506bb4805a133bde0488d161a.wav,it,ɪ,0,9.546,9.576,0.03,0.375,-10.866,10.8659,<pad>,0.13967,substitution,0.95,rule_based_v1
b694765506bb4805a133bde0488d161a.wav,it,t,1,9.576,9.606,0.03,0.5,-6.0892,6.0773,<pad>,0.044608,substitution,0.95,rule_based_v1
b694765506bb4805a133bde0488d161a.wav,is,ɪ,0,9.666,9.716,0.05,0.625,-9.2,9.1955,<pad>,0.095232,substitution,0.95,rule_based_v1
b694765506bb4805a133bde0488d161a.wav,is,z,1,9.716,9.766,0.05,0.625,-3.03,0.0,z,0.054759,correct,0.95,rule_based_v1
b694765506bb4805a133bde0488d161a.wav,important,ɪ,0,9.826,9.868,0.042,0.525,-9.9558,9.6387,m,0.120922,substitution,0.95,rule_based_v1
b694765506bb4805a133bde0488d161a.wav,important,m,1,9.868,9.91,0.042,0.6,-10.8969,10.8957,<pad>,0.00681,substitution,0.95,rule_based_v1
b694765506bb4805a133bde0488d161a.wav,important,p,2,9.91,9.952,0.042,0.7,-6.0784,1.1732,<pad>,0.014344,distortion,0.55,rule_based_v1
b694765506bb4805a133bde0488d161a.wav,important,ɔ,3,9.952,9.994,0.042,0.525,-8.8812,2.4608,<pad>,0.227263,distortion,0.546,rule_based_v1
b694765506bb4805a133bde0488d161a.wav,important,ː,4,9.994,10.036,0.042,0.525,-0.0,0.0,<pad>,0.270097,correct,0.95,rule_based_v1
b694765506bb4805a133bde0488d161a.wav,important,ɹ,5,10.036,10.078,0.042,0.525,-9.4954,9.4948,<pad>,0.086748,substitution,0.95,rule_based_v1
b694765506bb4805a133bde0488d161a.wav,important,t,6,10.078,10.12,0.042,0.7,-4.436,4.4045,<pad>,0.002776,substitution,0.94,rule_based_v1
b694765506bb4805a133bde0488d161a.wav,important,ə,7,10.12,10.162,0.042,0.7,-7.2805,5.2062,t,0.091535,substitution,0.95,rule_based_v1
b694765506bb4805a133bde0488d161a.wav,important,n,8,10.162,10.204,0.042,0.7,-3.7041,0.0412,<pad>,0.122133,correct,0.94,rule_based_v1
b694765506bb4805a133bde0488d161a.wav,important,t,9,10.204,10.246,0.042,0.7,-2.0775,0.1234,<pad>,0.048875,correct,0.919,rule_based_v1
b694765506bb4805a133bde0488d161a.wav,to,t,0,10.286,10.3193,0.0333,0.556,-6.7034,6.7006,<pad>,0.051488,substitution,0.95,rule_based_v1
b694765506bb4805a133bde0488d161a.wav,to,u,1,10.3193,10.3527,0.0333,0.417,-11.6893,11.6825,<pad>,0.14325,substitution,0.95,rule_based_v1
b694765506bb4805a133bde0488d161a.wav,to,ː,2,10.3527,10.386,0.0333,0.417,-0.118,0.0,ə,0.103398,correct,0.95,rule_based_v1
b694765506bb4805a133bde0488d161a.wav,use,j,0,10.526,10.556,0.03,0.6,-12.4733,12.4731,<pad>,0.094922,substitution,0.95,rule_based_v1
b694765506bb4805a133bde0488d161a.wav,use,u,1,10.556,10.586,0.03,0.375,-10.2878,10.2876,<pad>,0.096421,substitution,0.95,rule_based_v1
b694765506bb4805a133bde0488d161a.wav,use,ː,2,10.586,10.616,0.03,0.375,-0.0004,0.0,<pad>,0.054143,correct,0.95,rule_based_v1
b694765506bb4805a133bde0488d161a.wav,use,s,3,10.616,10.646,0.03,0.3,-10.9836,10.9829,<pad>,0.039119,substitution,0.95,rule_based_v1
b694765506bb4805a133bde0488d161a.wav,these,ð,0,10.706,10.746,0.04,0.667,-7.661,2.7531,<pad>,0.108858,distortion,0.575,rule_based_v1
b694765506bb4805a133bde0488d161a.wav,these,i,1,10.746,10.786,0.04,0.5,-7.1377,2.6424,<pad>,0.160188,distortion,0.564,rule_based_v1
b694765506bb4805a133bde0488d161a.wav,these,ː,2,10.786,10.826,0.04,0.5,-0.0021,0.0,<pad>,0.062128,correct,0.95,rule_based_v1
b694765506bb4805a133bde0488d161a.wav,these,z,3,10.826,10.866,0.04,0.5,-4.5072,0.0,z,0.033994,correct,0.95,rule_based_v1
b694765506bb4805a133bde0488d161a.wav,technologies,t,0,10.906,10.9628,0.0567,0.946,-4.2201,0.0,t,0.059596,correct,0.95,rule_based_v1
b694765506bb4805a133bde0488d161a.wav,technologies,ɛ,1,10.9628,11.0195,0.0567,0.709,-5.0997,0.0,ɛ,0.130888,correct,0.95,rule_based_v1
b694765506bb4805a133bde0488d161a.wav,technologies,k,2,11.0195,11.0762,0.0567,0.811,-11.9118,11.9118,<pad>,0.011478,substitution,0.95,rule_based_v1
b694765506bb4805a133bde0488d161a.wav,technologies,n,3,11.0762,11.133,0.0567,0.946,-12.8596,12.8595,<pad>,0.07234,substitution,0.95,rule_based_v1
b694765506bb4805a133bde0488d161a.wav,technologies,ɑ,4,11.133,11.1898,0.0567,0.709,-13.676,9.9654,<pad>,0.15033,substitution,0.95,rule_based_v1
b694765506bb4805a133bde0488d161a.wav,technologies,ː,5,11.1898,11.2465,0.0567,0.709,-0.0103,-2.4359,n,0.138472,correct,0.95,rule_based_v1
b694765506bb4805a133bde0488d161a.wav,technologies,l,6,11.2465,11.3032,0.0567,0.946,-8.4976,6.0668,<pad>,0.089583,substitution,0.95,rule_based_v1
b694765506bb4805a133bde0488d161a.wav,technologies,ə,7,11.3032,11.36,0.0567,0.946,-12.7837,12.7694,<pad>,0.127835,substitution,0.95,rule_based_v1
b694765506bb4805a133bde0488d161a.wav,technologies,d,8,11.36,11.4167,0.0567,1.135,-12.9324,12.9319,<pad>,0.038437,substitution,0.95,rule_based_v1
b694765506bb4805a133bde0488d161a.wav,technologies,ʒ,9,11.4168,11.4735,0.0567,0.709,-16.2618,12.1232,<pad>,0.067094,substitution,0.95,rule_based_v1
b694765506bb4805a133bde0488d161a.wav,technologies,i,10,11.4735,11.5302,0.0567,0.709,-10.9419,7.4224,<pad>,0.095362,substitution,0.95,rule_based_v1
b694765506bb4805a133bde0488d161a.wav,technologies,z,11,11.5302,11.587,0.0567,0.709,-13.6418,13.6412,<pad>,0.042963,substitution,0.95,rule_based_v1
b694765506bb4805a133bde0488d161a.wav,responsible.,ɹ,0,11.647,11.7003,0.0533,0.667,-3.8922,0.0,ɹ,0.128916,correct,0.95,rule_based_v1
b694765506bb4805a133bde0488d161a.wav,responsible.,ᵻ,1,11.7003,11.7537,0.0533,0.667,-14.5357,14.5356,<pad>,0.048671,substitution,0.95,rule_based_v1
b694765506bb4805a133bde0488d161a.wav,responsible.,s,2,11.7537,11.807,0.0533,0.533,-3.4007,0.0,s,0.02271,correct,0.95,rule_based_v1
b694765506bb4805a133bde0488d161a.wav,responsible.,p,3,11.807,11.8603,0.0533,0.889,-11.5526,11.5523,<pad>,0.125668,substitution,0.95,rule_based_v1
b694765506bb4805a133bde0488d161a.wav,responsible.,ɑ,4,11.8603,11.9137,0.0533,0.667,-15.6939,11.2409,<pad>,0.146606,substitution,0.95,rule_based_v1
b694765506bb4805a133bde0488d161a.wav,responsible.,ː,5,11.9137,11.967,0.0533,0.667,-0.3068,-4.0622,<pad>,0.103295,correct,0.95,rule_based_v1
b694765506bb4805a133bde0488d161a.wav,responsible.,n,6,11.967,12.0203,0.0533,0.889,-12.9814,12.9814,<pad>,0.050794,substitution,0.95,rule_based_v1
b694765506bb4805a133bde0488d161a.wav,responsible.,s,7,12.0203,12.0737,0.0533,0.533,-14.5177,14.5174,<pad>,0.045874,substitution,0.95,rule_based_v1
b694765506bb4805a133bde0488d161a.wav,responsible.,ᵻ,8,12.0737,12.127,0.0533,0.667,-15.1988,12.8888,n,0.083923,substitution,0.95,rule_based_v1
b694765506bb4805a133bde0488d161a.wav,responsible.,b,9,12.127,12.1803,0.0533,1.067,-13.1993,13.1631,s,0.028117,substitution,0.95,rule_based_v1
b694765506bb4805a133bde0488d161a.wav,responsible.,ə,10,12.1803,12.2337,0.0533,0.889,-8.7172,8.7161,<pad>,0.0416,substitution,0.95,rule_based_v1
b694765506bb4805a133bde0488d161a.wav,responsible.,l,11,12.2337,12.287,0.0533,0.889,-10.4537,6.7684,<pad>,0.020855,substitution,0.95,rule_based_v1
b694765506bb4805a133bde0488d161a.wav,Sometimes,s,0,13.367,13.422,0.055,0.55,-8.163,8.1627,<pad>,0.147753,substitution,0.95,rule_based_v1
b694765506bb4805a133bde0488d161a.wav,Sometimes,ʌ,1,13.422,13.477,0.055,0.786,-7.1227,2.9805,<pad>,0.205692,distortion,0.598,rule_based_v1
b694765506bb4805a133bde0488d161a.wav,Sometimes,m,2,13.477,13.532,0.055,0.786,-11.9274,11.9274,<pad>,0.254471,substitution,0.95,rule_based_v1
b694765506bb4805a133bde0488d161a.wav,Sometimes,t,3,13.532,13.587,0.055,0.917,-9.7405,8.0015,m,0.076245,substitution,0.95,rule_based_v1
b694765506bb4805a133bde0488d161a.wav,Sometimes,a,4,13.587,13.642,0.055,0.687,-9.8079,6.5504,t,0.24028,substitution,0.95,rule_based_v1
b694765506bb4805a133bde0488d161a.wav,Sometimes,ɪ,5,13.642,13.697,0.055,0.687,-12.853,12.8518,<pad>,0.169553,substitution,0.95,rule_based_v1
b694765506bb4805a133bde0488d161a.wav,Sometimes,m,6,13.697,13.752,0.055,0.786,-10.9633,6.0101,<pad>,0.136329,substitution,0.95,rule_based_v1
b694765506bb4805a133bde0488d161a.wav,Sometimes,z,7,13.752,13.807,0.055,0.687,-17.3522,17.3522,<pad>,0.045587,substitution,0.95,rule_based_v1
b694765506bb4805a133bde0488d161a.wav,people's,p,0,13.867,13.9127,0.0457,0.762,-2.7982,0.0,p,0.072567,correct,0.95,rule_based_v1
b694765506bb4805a133bde0488d161a.wav,people's,i,1,13.9127,13.9584,0.0457,0.571,-6.654,1.6625,<pad>,0.122954,distortion,0.55,rule_based_v1
b694765506bb4805a133bde0488d161a.wav,people's,ː,2,13.9584,14.0041,0.0457,0.571,-0.0,0.0,<pad>,0.06255,correct,0.95,rule_based_v1
b694765506bb4805a133bde0488d161a.wav,people's,p,3,14.0041,14.0499,0.0457,0.762,-12.2005,12.2005,<pad>,0.014001,substitution,0.95,rule_based_v1
b694765506bb4805a133bde0488d161a.wav,people's,ə,4,14.0499,14.0956,0.0457,0.762,-9.7042,5.2457,p,0.140937,substitution,0.95,rule_based_v1
b694765506bb4805a133bde0488d161a.wav,people's,l,5,14.0956,14.1413,0.0457,0.762,-5.9034,1.8162,<pad>,0.114585,distortion,0.55,rule_based_v1
b694765506bb4805a133bde0488d161a.wav,people's,z,6,14.1413,14.187,0.0457,0.571,-9.4581,9.4408,<pad>,0.03044,substitution,0.95,rule_based_v1
b694765506bb4805a133bde0488d161a.wav,depends,d,0,14.227,14.2757,0.0487,0.974,-3.6341,0.0,d,0.124953,correct,0.95,rule_based_v1
b694765506bb4805a133bde0488d161a.wav,depends,ᵻ,1,14.2757,14.3244,0.0487,0.609,-14.9954,14.9953,<pad>,0.072497,substitution,0.95,rule_based_v1
b694765506bb4805a133bde0488d161a.wav,depends,p,2,14.3244,14.3731,0.0487,0.812,-11.2283,11.2282,<pad>,0.01968,substitution,0.95,rule_based_v1
b694765506bb4805a133bde0488d161a.wav,depends,ɛ,3,14.3731,14.4219,0.0487,0.609,-11.6551,6.2728,<pad>,0.147845,substitution,0.95,rule_based_v1
b694765506bb4805a133bde0488d161a.wav,depends,n,4,14.4219,14.4706,0.0487,0.812,-10.2478,5.7896,ɛ,0.17088,substitution,0.95,rule_based_v1
b694765506bb4805a133bde0488d161a.wav,depends,d,5,14.4706,14.5193,0.0487,0.974,-14.004,14.0038,<pad>,0.155673,substitution,0.95,rule_based_v1
b694765506bb4805a133bde0488d161a.wav,depends,z,6,14.5193,14.568,0.0487,0.609,-10.5643,9.8924,n,0.036025,substitution,0.95,rule_based_v1
b694765506bb4805a133bde0488d161a.wav,too,t,0,14.628,14.6747,0.0467,0.778,-4.6668,0.0,t,0.039644,correct,0.95,rule_based_v1
b694765506bb4805a133bde0488d161a.wav,too,u,1,14.6747,14.7213,0.0467,0.583,-6.8609,2.5829,<pad>,0.139593,distortion,0.558,rule_based_v1
b694765506bb4805a133bde0488d161a.wav,too,ː,2,14.7213,14.768,0.0467,0.583,-0.0001,0.0,<pad>,0.158464,correct,0.95,rule_based_v1
b694765506bb4805a133bde0488d161a.wav,much,m,0,14.808,14.848,0.04,0.571,-4.895,0.0,m,0.160222,correct,0.95,rule_based_v1
b694765506bb4805a133bde0488d161a.wav,much,ʌ,1,14.848,14.888,0.04,0.571,-14.0204,14.0203,<pad>,0.133534,substitution,0.95,rule_based_v1
b694765506bb4805a133bde0488d161a.wav,much,t,2,14.888,14.928,0.04,0.667,-6.1395,6.1362,<pad>,0.024217,substitution,0.95,rule_based_v1
b694765506bb4805a133bde0488d161a.wav,much,ʃ,3,14.928,14.968,0.04,0.4,-8.6824,3.4569,<pad>,0.040656,substitution,0.846,rule_based_v1
b694765506bb4805a133bde0488d161a.wav,on,ɔ,0,15.048,15.088,0.04,0.5,-15.7374,15.7373,<pad>,0.124633,substitution,0.95,rule_based_v1
b694765506bb4805a133bde0488d161a.wav,on,n,1,15.088,15.128,0.04,0.667,-2.9223,0.0,n,0.159032,correct,0.95,rule_based_v1
b694765506bb4805a133bde0488d161a.wav,AI,e,0,15.188,15.273,0.085,1.062,-11.2722,9.3758,<pad>,0.106071,substitution,0.95,rule_based_v1
b694765506bb4805a133bde0488d161a.wav,AI,ɪ,1,15.273,15.358,0.085,1.062,-12.5559,12.5555,<pad>,0.126412,substitution,0.95,rule_based_v1
b694765506bb4805a133bde0488d161a.wav,AI,a,2,15.358,15.443,0.085,1.062,-11.3549,9.5009,<pad>,0.149248,substitution,0.95,rule_based_v1
b694765506bb4805a133bde0488d161a.wav,AI,ɪ,3,15.443,15.528,0.085,1.062,-15.481,15.4809,<pad>,0.085342,substitution,0.95,rule_based_v1
b694765506bb4805a133bde0488d161a.wav,without,w,0,15.588,15.6313,0.0433,0.867,-3.2781,0.5773,<pad>,0.088087,correct,0.806,rule_based_v1
b694765506bb4805a133bde0488d161a.wav,without,ɪ,1,15.6313,15.6747,0.0433,0.542,-5.3996,1.2028,<pad>,0.073973,distortion,0.55,rule_based_v1
b694765506bb4805a133bde0488d161a.wav,without,ð,2,15.6747,15.718,0.0433,0.722,-7.6144,2.43,<pad>,0.128424,distortion,0.543,rule_based_v1
b694765506bb4805a133bde0488d161a.wav,without,a,3,15.718,15.7613,0.0433,0.542,-7.1626,2.4288,<pad>,0.168927,distortion,0.543,rule_based_v1
b694765506bb4805a133bde0488d161a.wav,without,ʊ,4,15.7613,15.8047,0.0433,0.542,-14.1957,14.1954,<pad>,0.123226,substitution,0.95,rule_based_v1
b694765506bb4805a133bde0488d161a.wav,without,t,5,15.8047,15.848,0.0433,0.722,-3.3391,3.02,<pad>,0.009383,substitution,0.802,rule_based_v1
b694765506bb4805a133bde0488d161a.wav,checking,t,0,15.888,15.938,0.05,0.833,-7.6126,3.8128,<pad>,0.066372,substitution,0.881,rule_based_v1
b694765506bb4805a133bde0488d161a.wav,checking,ʃ,1,15.938,15.988,0.05,0.5,-9.3569,4.3248,ɛ,0.15704,substitution,0.932,rule_based_v1
b694765506bb4805a133bde0488d161a.wav,checking,ɛ,2,15.988,16.038,0.05,0.625,-13.7814,13.7814,<pad>,0.050164,substitution,0.95,rule_based_v1
b694765506bb4805a133bde0488d161a.wav,checking,k,3,16.038,16.088,0.05,0.714,-9.642,9.6418,<pad>,0.033579,substitution,0.95,rule_based_v1
b694765506bb4805a133bde0488d161a.wav,checking,ɪ,4,16.088,16.138,0.05,0.625,-8.3676,3.7393,k,0.117316,substitution,0.874,rule_based_v1
b694765506bb4805a133bde0488d161a.wav,checking,ŋ,5,16.138,16.188,0.05,0.714,-10.9764,8.3066,<pad>,0.132774,substitution,0.95,rule_based_v1
b694765506bb4805a133bde0488d161a.wav,the,ð,0,16.228,16.278,0.05,0.833,-4.5587,0.0,ð,0.14237,correct,0.95,rule_based_v1
b694765506bb4805a133bde0488d161a.wav,the,ə,1,16.278,16.328,0.05,0.833,-11.6951,11.6906,<pad>,0.16414,substitution,0.95,rule_based_v1
b694765506bb4805a133bde0488d161a.wav,information,ɪ,0,16.368,16.422,0.054,0.675,-12.2163,10.2861,<pad>,0.111685,substitution,0.95,rule_based_v1
b694765506bb4805a133bde0488d161a.wav,information,n,1,16.422,16.476,0.054,0.9,-4.6686,2.1678,<pad>,0.01137,distortion,0.617,rule_based_v1
b694765506bb4805a133bde0488d161a.wav,information,f,2,16.476,16.53,0.054,0.6,-3.2838,0.0,f,0.104594,correct,0.95,rule_based_v1
b694765506bb4805a133bde0488d161a.wav,information,ɚ,3,16.53,16.584,0.054,0.675,-3.6654,0.1717,ɹ,0.130418,correct,0.907,rule_based_v1
b694765506bb4805a133bde0488d161a.wav,information,m,4,16.584,16.638,0.054,0.771,-11.5508,11.5496,<pad>,0.140854,substitution,0.95,rule_based_v1
b694765506bb4805a133bde0488d161a.wav,information,e,5,16.638,16.692,0.054,0.675,-14.4157,13.6385,<pad>,0.117795,substitution,0.95,rule_based_v1
b694765506bb4805a133bde0488d161a.wav,information,ɪ,6,16.692,16.746,0.054,0.675,-14.1372,9.2534,<pad>,0.074534,substitution,0.95,rule_based_v1
b694765506bb4805a133bde0488d161a.wav,information,ʃ,7,16.746,16.8,0.054,0.54,-13.8055,9.2002,<pad>,0.060126,substitution,0.95,rule_based_v1
b694765506bb4805a133bde0488d161a.wav,information,ə,8,16.8,16.854,0.054,0.9,-13.5464,13.546,<pad>,0.112764,substitution,0.95,rule_based_v1
b694765506bb4805a133bde0488d161a.wav,information,n,9,16.854,16.908,0.054,0.9,-11.893,11.8929,<pad>,0.150604,substitution,0.95,rule_based_v1
b694765506bb4805a133bde0488d161a.wav,carefully.,k,0,16.968,17.028,0.06,0.857,-9.9355,6.452,<pad>,0.05504,substitution,0.95,rule_based_v1
b694765506bb4805a133bde0488d161a.wav,carefully.,ɛ,1,17.028,17.088,0.06,0.75,-9.748,6.8284,<pad>,0.169441,substitution,0.95,rule_based_v1
b694765506bb4805a133bde0488d161a.wav,carefully.,ɹ,2,17.088,17.148,0.06,0.75,-4.974,4.9508,<pad>,0.100198,substitution,0.95,rule_based_v1
b694765506bb4805a133bde0488d161a.wav,carefully.,f,3,17.148,17.208,0.06,0.667,-8.1007,4.7402,<pad>,0.007997,substitution,0.95,rule_based_v1
b694765506bb4805a133bde0488d161a.wav,carefully.,ə,4,17.208,17.268,0.06,1.0,-8.6865,6.672,<pad>,0.080712,substitution,0.95,rule_based_v1
b694765506bb4805a133bde0488d161a.wav,carefully.,l,5,17.268,17.328,0.06,1.0,-7.9077,4.2386,<pad>,0.056467,substitution,0.924,rule_based_v1
b694765506bb4805a133bde0488d161a.wav,carefully.,i,6,17.328,17.388,0.06,0.75,-7.8545,7.622,<pad>,0.02937,substitution,0.95,rule_based_v1
b694765506bb4805a133bde0488d161a.wav,I,a,0,18.489,18.519,0.03,0.375,-13.1527,13.1526,<pad>,0.164085,substitution,0.95,rule_based_v1
b694765506bb4805a133bde0488d161a.wav,I,ɪ,1,18.519,18.549,0.03,0.375,-9.9985,9.9979,<pad>,0.114758,substitution,0.95,rule_based_v1
b694765506bb4805a133bde0488d161a.wav,believe,b,0,18.589,18.639,0.05,1.0,-5.2145,0.0,b,0.155933,correct,0.95,rule_based_v1
b694765506bb4805a133bde0488d161a.wav,believe,ᵻ,1,18.639,18.689,0.05,0.625,-6.9549,4.0589,<pad>,0.09515,substitution,0.906,rule_based_v1
b694765506bb4805a133bde0488d161a.wav,believe,l,2,18.689,18.739,0.05,0.833,-5.28,3.6097,<pad>,0.146545,substitution,0.861,rule_based_v1
b694765506bb4805a133bde0488d161a.wav,believe,i,3,18.739,18.789,0.05,0.625,-12.8169,10.6465,<pad>,0.179989,substitution,0.95,rule_based_v1
b694765506bb4805a133bde0488d161a.wav,believe,ː,4,18.789,18.839,0.05,0.625,-0.0768,-4.1409,<pad>,0.16714,correct,0.95,rule_based_v1
b694765506bb4805a133bde0488d161a.wav,believe,v,5,18.839,18.889,0.05,0.714,-16.348,16.348,<pad>,0.054905,substitution,0.95,rule_based_v1
b694765506bb4805a133bde0488d161a.wav,that,ð,0,18.929,18.9757,0.0467,0.778,-4.1446,0.0517,<pad>,0.085861,correct,0.937,rule_based_v1
b694765506bb4805a133bde0488d161a.wav,that,æ,1,18.9757,19.0223,0.0467,0.519,-7.4994,4.4608,<pad>,0.158881,substitution,0.946,rule_based_v1
b694765506bb4805a133bde0488d161a.wav,that,t,2,19.0223,19.069,0.0467,0.778,-3.5267,0.9618,<pad>,0.140306,correct,0.71,rule_based_v1
b694765506bb4805a133bde0488d161a.wav,AI,e,0,19.109,19.174,0.065,0.812,-11.8925,11.8923,<pad>,0.150325,substitution,0.95,rule_based_v1
b694765506bb4805a133bde0488d161a.wav,AI,ɪ,1,19.174,19.239,0.065,0.812,-10.7727,10.7717,<pad>,0.15673,substitution,0.95,rule_based_v1
b694765506bb4805a133bde0488d161a.wav,AI,a,2,19.239,19.304,0.065,0.812,-10.9918,7.5912,<pad>,0.155954,substitution,0.95,rule_based_v1
b694765506bb4805a133bde0488d161a.wav,AI,ɪ,3,19.304,19.369,0.065,0.812,-14.2485,14.2482,<pad>,0.121356,substitution,0.95,rule_based_v1
b694765506bb4805a133bde0488d161a.wav,should,ʃ,0,19.409,19.469,0.06,0.6,-5.032,2.4047,<pad>,0.059778,distortion,0.54,rule_based_v1
b694765506bb4805a133bde0488d161a.wav,should,ʊ,1,19.469,19.529,0.06,0.75,-8.3583,6.1439,<pad>,0.114939,substitution,0.95,rule_based_v1
b694765506bb4805a133bde0488d161a.wav,should,d,2,19.529,19.589,0.06,1.2,-2.3731,0.2523,<pad>,0.091386,correct,0.887,rule_based_v1
b694765506bb4805a133bde0488d161a.wav,assist,ɐ,0,19.629,19.689,0.06,0.75,-10.6543,8.412,<pad>,0.050402,substitution,0.95,rule_based_v1
b694765506bb4805a133bde0488d161a.wav,assist,s,1,19.689,19.749,0.06,0.6,-1.5784,0.4573,<pad>,0.047973,correct,0.836,rule_based_v1
b694765506bb4805a133bde0488d161a.wav,assist,ɪ,2,19.749,19.809,0.06,0.75,-7.8518,4.1498,<pad>,0.129763,substitution,0.915,rule_based_v1
b694765506bb4805a133bde0488d161a.wav,assist,s,3,19.809,19.869,0.06,0.6,-5.9605,3.2141,<pad>,0.069879,substitution,0.821,rule_based_v1
b694765506bb4805a133bde0488d161a.wav,assist,t,4,19.869,19.929,0.06,1.0,-4.6716,1.6821,<pad>,0.01807,distortion,0.568,rule_based_v1
b694765506bb4805a133bde0488d161a.wav,humans,h,0,19.969,20.0165,0.0475,0.792,-1.1732,0.0,h,0.051603,correct,0.95,rule_based_v1
b694765506bb4805a133bde0488d161a.wav,humans,j,1,20.0165,20.064,0.0475,0.95,-3.3936,0.0,j,0.131835,correct,0.95,rule_based_v1
b694765506bb4805a133bde0488d161a.wav,humans,u,2,20.064,20.1115,0.0475,0.594,-9.0874,9.0867,<pad>,0.1304,substitution,0.95,rule_based_v1
b694765506bb4805a133bde0488d161a.wav,humans,ː,3,20.1115,20.159,0.0475,0.594,-0.0006,0.0,<pad>,0.164469,correct,0.95,rule_based_v1
b694765506bb4805a133bde0488d161a.wav,humans,m,4,20.159,20.2065,0.0475,0.679,-5.9085,0.9663,<pad>,0.152374,correct,0.708,rule_based_v1
b694765506bb4805a133bde0488d161a.wav,humans,ə,5,20.2065,20.254,0.0475,0.792,-5.1687,1.4529,<pad>,0.121022,distortion,0.55,rule_based_v1
b694765506bb4805a133bde0488d161a.wav,humans,n,6,20.254,20.3015,0.0475,0.792,-10.085,10.0849,<pad>,0.08697,substitution,0.95,rule_based_v1
b694765506bb4805a133bde0488d161a.wav,humans,z,7,20.3015,20.349,0.0475,0.594,-12.9641,10.0492,n,0.032383,substitution,0.95,rule_based_v1
b694765506bb4805a133bde0488d161a.wav,instead,ɪ,0,20.429,20.4757,0.0467,0.583,-13.5632,9.1055,<pad>,0.115406,substitution,0.95,rule_based_v1
b694765506bb4805a133bde0488d161a.wav,instead,n,1,20.4757,20.5223,0.0467,0.778,-6.6066,6.5105,<pad>,0.037831,substitution,0.95,rule_based_v1
b694765506bb4805a133bde0488d161a.wav,instead,s,2,20.5223,20.569,0.0467,0.467,-2.9519,0.0,s,0.029282,correct,0.95,rule_based_v1
b694765506bb4805a133bde0488d161a.wav,instead,t,3,20.569,20.6157,0.0467,0.778,-7.2672,7.2662,<pad>,0.078251,substitution,0.95,rule_based_v1
b694765506bb4805a133bde0488d161a.wav,instead,ɛ,4,20.6157,20.6623,0.0467,0.583,-10.6919,7.3058,<pad>,0.169992,substitution,0.95,rule_based_v1
b694765506bb4805a133bde0488d161a.wav,instead,d,5,20.6623,20.709,0.0467,0.933,-9.5534,4.6254,<pad>,0.080347,substitution,0.95,rule_based_v1
b694765506bb4805a133bde0488d161a.wav,of,ʌ,0,20.749,20.7795,0.0305,0.436,-11.3755,11.3749,<pad>,0.043908,substitution,0.95,rule_based_v1
b694765506bb4805a133bde0488d161a.wav,of,v,1,20.7795,20.81,0.0305,0.436,-8.2278,8.2274,<pad>,0.034223,substitution,0.95,rule_based_v1
b694765506bb4805a133bde0488d161a.wav,replacing,ɹ,0,20.85,20.9011,0.0511,0.639,-7.2102,5.0712,<pad>,0.115314,substitution,0.95,rule_based_v1
b694765506bb4805a133bde0488d161a.wav,replacing,ᵻ,1,20.9011,20.9522,0.0511,0.639,-14.5053,14.5052,<pad>,0.017933,substitution,0.95,rule_based_v1
b694765506bb4805a133bde0488d161a.wav,replacing,p,2,20.9522,21.0033,0.0511,0.852,-11.3189,11.3188,<pad>,0.014029,substitution,0.95,rule_based_v1
b694765506bb4805a133bde0488d161a.wav,replacing,l,3,21.0033,21.0544,0.0511,0.852,-8.2116,3.7567,p,0.107171,substitution,0.876,rule_based_v1
b694765506bb4805a133bde0488d161a.wav,replacing,e,4,21.0544,21.1056,0.0511,0.639,-12.3797,12.1767,l,0.143434,substitution,0.95,rule_based_v1
b694765506bb4805a133bde0488d161a.wav,replacing,ɪ,5,21.1056,21.1567,0.0511,0.639,-10.3065,6.5901,<pad>,0.064496,substitution,0.95,rule_based_v1
b694765506bb4805a133bde0488d161a.wav,replacing,s,6,21.1567,21.2078,0.0511,0.511,-12.6902,12.6897,<pad>,0.041704,substitution,0.95,rule_based_v1
b694765506bb4805a133bde0488d161a.wav,replacing,ɪ,7,21.2078,21.2589,0.0511,0.639,-12.7682,12.7681,<pad>,0.136623,substitution,0.95,rule_based_v1
b694765506bb4805a133bde0488d161a.wav,replacing,ŋ,8,21.2589,21.31,0.0511,0.73,-13.0785,10.0066,s,0.161879,substitution,0.95,rule_based_v1
b694765506bb4805a133bde0488d161a.wav,them,ð,0,21.35,21.39,0.04,0.667,-6.8933,3.6783,<pad>,0.12037,substitution,0.868,rule_based_v1
b694765506bb4805a133bde0488d161a.wav,them,ɛ,1,21.39,21.43,0.04,0.5,-15.4949,15.4948,<pad>,0.119423,substitution,0.95,rule_based_v1
b694765506bb4805a133bde0488d161a.wav,them,m,2,21.43,21.47,0.04,0.571,-4.6572,0.4773,<pad>,0.051966,correct,0.831,rule_based_v1
b694765506bb4805a133bde0488d161a.wav,completely.,k,0,21.51,21.562,0.052,0.743,-9.0468,9.0443,<pad>,0.112766,substitution,0.95,rule_based_v1
b694765506bb4805a133bde0488d161a.wav,completely.,ə,1,21.562,21.614,0.052,0.867,-6.9054,3.3955,<pad>,0.142227,substitution,0.84,rule_based_v1
b694765506bb4805a133bde0488d161a.wav,completely.,m,2,21.614,21.666,0.052,0.743,-0.9461,0.0,m,0.020769,correct,0.95,rule_based_v1
b694765506bb4805a133bde0488d161a.wav,completely.,p,3,21.666,21.718,0.052,0.867,-6.299,2.4153,<pad>,0.010232,distortion,0.642,rule_based_v1
b694765506bb4805a133bde0488d161a.wav,completely.,l,4,21.718,21.77,0.052,0.867,-10.4189,10.4187,<pad>,0.107296,substitution,0.95,rule_based_v1
b694765506bb4805a133bde0488d161a.wav,completely.,i,5,21.77,21.822,0.052,0.65,-11.4461,11.2516,l,0.103468,substitution,0.95,rule_based_v1
b694765506bb4805a133bde0488d161a.wav,completely.,ː,6,21.822,21.874,0.052,0.65,-0.173,-4.427,<pad>,0.039576,correct,0.95,rule_based_v1
b694765506bb4805a133bde0488d161a.wav,completely.,t,7,21.874,21.926,0.052,0.867,-13.4217,13.4217,<pad>,0.038652,substitution,0.95,rule_based_v1
b694765506bb4805a133bde0488d161a.wav,completely.,l,8,21.926,21.978,0.052,0.867,-12.6803,12.68,<pad>,0.061389,substitution,0.95,rule_based_v1
b694765506bb4805a133bde0488d161a.wav,completely.,i,9,21.978,22.03,0.052,0.65,-10.122,7.6799,t,0.032385,substitution,0.95,rule_based_v1
d0fff9471be54b44b4b922a72c855190.wav,Good,ɡ,0,0.271,0.331,0.06,1.2,-6.6996,4.3068,<pad>,0.137871,substitution,0.931,rule_based_v1
d0fff9471be54b44b4b922a72c855190.wav,Good,ʊ,1,0.331,0.391,0.06,0.75,-8.9909,6.9248,<pad>,0.162748,substitution,0.95,rule_based_v1
d0fff9471be54b44b4b922a72c855190.wav,Good,d,2,0.391,0.451,0.06,1.2,-4.5823,2.0943,<pad>,0.050514,distortion,0.509,rule_based_v1
d0fff9471be54b44b4b922a72c855190.wav,morning,m,0,0.531,0.5797,0.0487,0.696,-0.0097,0.0,m,0.171842,correct,0.95,rule_based_v1
d0fff9471be54b44b4b922a72c855190.wav,morning,ɔ,1,0.5797,0.6284,0.0487,0.609,-11.4094,5.8069,<pad>,0.131286,substitution,0.95,rule_based_v1
d0fff9471be54b44b4b922a72c855190.wav,morning,ː,2,0.6284,0.6771,0.0487,0.609,-0.0,0.0,<pad>,0.113147,correct,0.95,rule_based_v1
d0fff9471be54b44b4b922a72c855190.wav,morning,ɹ,3,0.6771,0.7259,0.0487,0.609,-7.3643,7.3619,<pad>,0.050955,substitution,0.95,rule_based_v1
d0fff9471be54b44b4b922a72c855190.wav,morning,n,4,0.7259,0.7746,0.0487,0.812,-7.0923,7.0907,<pad>,0.073048,substitution,0.95,rule_based_v1
d0fff9471be54b44b4b922a72c855190.wav,morning,ɪ,5,0.7746,0.8233,0.0487,0.609,-9.5569,5.7573,n,0.061614,substitution,0.95,rule_based_v1
d0fff9471be54b44b4b922a72c855190.wav,morning,ŋ,6,0.8233,0.872,0.0487,0.696,-10.1982,7.1098,<pad>,0.032624,substitution,0.95,rule_based_v1
d0fff9471be54b44b4b922a72c855190.wav,everyone.,ɛ,0,1.032,1.1006,0.0686,0.857,-13.7067,13.7064,<pad>,0.065108,substitution,0.95,rule_based_v1
d0fff9471be54b44b4b922a72c855190.wav,everyone.,v,1,1.1006,1.1691,0.0686,0.98,-3.0117,0.0,v,0.103979,correct,0.95,rule_based_v1
d0fff9471be54b44b4b922a72c855190.wav,everyone.,ɹ,2,1.1691,1.2377,0.0686,0.857,-8.0789,4.4873,<pad>,0.154306,substitution,0.949,rule_based_v1
d0fff9471be54b44b4b922a72c855190.wav,everyone.,ɪ,3,1.2377,1.3063,0.0686,0.857,-13.3412,13.341,<pad>,0.067642,substitution,0.95,rule_based_v1
d0fff9471be54b44b4b922a72c855190.wav,everyone.,w,4,1.3063,1.3749,0.0686,1.371,-4.4101,2.5265,<pad>,0.103528,distortion,0.553,rule_based_v1
d0fff9471be54b44b4b922a72c855190.wav,everyone.,ʌ,5,1.3749,1.4434,0.0686,0.98,-9.2994,6.7634,<pad>,0.057924,substitution,0.95,rule_based_v1
d0fff9471be54b44b4b922a72c855190.wav,everyone.,n,6,1.4434,1.512,0.0686,1.143,-10.7141,10.714,<pad>,0.036013,substitution,0.95,rule_based_v1
d0fff9471be54b44b4b922a72c855190.wav,Today,t,0,2.553,2.617,0.064,1.067,-6.0228,3.9545,<pad>,0.098138,substitution,0.895,rule_based_v1
d0fff9471be54b44b4b922a72c855190.wav,Today,ə,1,2.617,2.681,0.064,1.067,-6.9321,4.9524,<pad>,0.134164,substitution,0.95,rule_based_v1
d0fff9471be54b44b4b922a72c855190.wav,Today,d,2,2.681,2.745,0.064,1.28,-6.6443,3.443,<pad>,0.139485,substitution,0.844,rule_based_v1
d0fff9471be54b44b4b922a72c855190.wav,Today,e,3,2.745,2.809,0.064,0.8,-11.7957,9.3015,<pad>,0.139638,substitution,0.95,rule_based_v1
d0fff9471be54b44b4b922a72c855190.wav,Today,ɪ,4,2.809,2.873,0.064,0.8,-12.5115,12.5112,<pad>,0.071637,substitution,0.95,rule_based_v1
d0fff9471be54b44b4b922a72c855190.wav,I,a,0,2.993,3.033,0.04,0.5,-13.4733,13.4733,<pad>,0.121071,substitution,0.95,rule_based_v1
d0fff9471be54b44b4b922a72c855190.wav,I,ɪ,1,3.033,3.073,0.04,0.5,-8.3688,8.3662,<pad>,0.084207,substitution,0.95,rule_based_v1
d0fff9471be54b44b4b922a72c855190.wav,want,w,0,3.113,3.1732,0.0603,1.205,-3.6163,1.9756,<pad>,0.080237,distortion,0.55,rule_based_v1
d0fff9471be54b44b4b922a72c855190.wav,want,ɔ,1,3.1732,3.2335,0.0603,0.753,-9.526,6.4926,<pad>,0.124981,substitution,0.95,rule_based_v1
d0fff9471be54b44b4b922a72c855190.wav,want,n,2,3.2335,3.2938,0.0603,1.004,-4.6749,4.5787,<pad>,0.097947,substitution,0.95,rule_based_v1
d0fff9471be54b44b4b922a72c855190.wav,want,t,3,3.2938,3.354,0.0603,1.004,-2.1116,0.0,t,0.02864,correct,0.95,rule_based_v1
d0fff9471be54b44b4b922a72c855190.wav,to,t,0,3.394,3.4207,0.0267,0.444,-4.7342,4.7176,<pad>,0.087343,substitution,0.95,rule_based_v1
d0fff9471be54b44b4b922a72c855190.wav,to,u,1,3.4207,3.4473,0.0267,0.333,-8.0979,8.0305,ə,0.080572,substitution,0.95,rule_based_v1
d0fff9471be54b44b4b922a72c855190.wav,to,ː,2,3.4473,3.474,0.0267,0.333,-0.0008,0.0,<pad>,0.043787,correct,0.95,rule_based_v1
d0fff9471be54b44b4b922a72c855190.wav,talk,t,0,3.534,3.589,0.055,0.917,-3.976,0.1666,<pad>,0.156358,correct,0.908,rule_based_v1
d0fff9471be54b44b4b922a72c855190.wav,talk,ɔ,1,3.589,3.644,0.055,0.688,-6.5958,0.825,<pad>,0.157642,correct,0.744,rule_based_v1
d0fff9471be54b44b4b922a72c855190.wav,talk,ː,2,3.644,3.699,0.055,0.688,-0.0,0.0,<pad>,0.075546,correct,0.95,rule_based_v1
d0fff9471be54b44b4b922a72c855190.wav,talk,k,3,3.699,3.754,0.055,0.786,-9.4715,9.4696,<pad>,0.010133,substitution,0.95,rule_based_v1
d0fff9471be54b44b4b922a72c855190.wav,about,ɐ,0,3.814,3.874,0.06,0.75,-12.7516,12.7513,<pad>,0.057681,substitution,0.95,rule_based_v1
d0fff9471be54b44b4b922a72c855190.wav,about,b,1,3.874,3.934,0.06,1.2,-7.0702,1.6258,<pad>,0.164136,distortion,0.55,rule_based_v1
d0fff9471be54b44b4b922a72c855190.wav,about,a,2,3.934,3.994,0.06,0.75,-13.3478,13.3478,<pad>,0.137562,substitution,0.95,rule_based_v1
d0fff9471be54b44b4b922a72c855190.wav,about,ʊ,3,3.994,4.054,0.06,0.75,-12.9133,12.9114,<pad>,0.102733,substitution,0.95,rule_based_v1
d0fff9471be54b44b4b922a72c855190.wav,about,t,4,4.054,4.114,0.06,1.0,-7.4758,7.4672,<pad>,0.051701,substitution,0.95,rule_based_v1
d0fff9471be54b44b4b922a72c855190.wav,healthy,h,0,4.214,4.2902,0.0762,1.27,-3.1938,1.4296,<pad>,0.077741,distortion,0.55,rule_based_v1
d0fff9471be54b44b4b922a72c855190.wav,healthy,ɛ,1,4.2902,4.3664,0.0762,0.952,-8.7604,5.3096,<pad>,0.102381,substitution,0.95,rule_based_v1
d0fff9471be54b44b4b922a72c855190.wav,healthy,l,2,4.3664,4.4426,0.0762,1.27,-1.4778,0.6018,<pad>,0.05873,correct,0.8,rule_based_v1
d0fff9471be54b44b4b922a72c855190.wav,healthy,θ,3,4.4426,4.5188,0.0762,0.847,-7.8571,4.5744,<pad>,0.142888,substitution,0.95,rule_based_v1
d0fff9471be54b44b4b922a72c855190.wav,healthy,i,4,4.5188,4.595,0.0762,0.952,-6.6863,4.5396,<pad>,0.106037,substitution,0.95,rule_based_v1
d0fff9471be54b44b4b922a72c855190.wav,lifestyle.,l,0,4.655,4.7306,0.0756,1.259,-4.1639,1.0256,<pad>,0.132076,distortion,0.55,rule_based_v1
d0fff9471be54b44b4b922a72c855190.wav,lifestyle.,a,1,4.7306,4.8061,0.0756,0.944,-11.3315,7.513,<pad>,0.096969,substitution,0.95,rule_based_v1
d0fff9471be54b44b4b922a72c855190.wav,lifestyle.,ɪ,2,4.8061,4.8817,0.0756,0.944,-8.778,8.776,<pad>,0.028193,substitution,0.95,rule_based_v1
d0fff9471be54b44b4b922a72c855190.wav,lifestyle.,f,3,4.8817,4.9572,0.0756,0.84,-6.7574,4.7036,<pad>,0.031259,substitution,0.95,rule_based_v1
d0fff9471be54b44b4b922a72c855190.wav,lifestyle.,s,4,4.9572,5.0328,0.0756,0.756,-4.8057,1.4826,<pad>,0.032273,distortion,0.55,rule_based_v1
d0fff9471be54b44b4b922a72c855190.wav,lifestyle.,t,5,5.0328,5.1083,0.0756,1.259,-8.8194,8.8191,<pad>,0.107384,substitution,0.95,rule_based_v1
d0fff9471be54b44b4b922a72c855190.wav,lifestyle.,a,6,5.1083,5.1839,0.0756,0.944,-11.0543,8.6173,<pad>,0.038008,substitution,0.95,rule_based_v1
d0fff9471be54b44b4b922a72c855190.wav,lifestyle.,ɪ,7,5.1839,5.2594,0.0756,0.944,-14.2571,10.3224,<pad>,0.023127,substitution,0.95,rule_based_v1
d0fff9471be54b44b4b922a72c855190.wav,lifestyle.,l,8,5.2594,5.335,0.0756,1.259,-12.7389,12.7388,<pad>,0.016308,substitution,0.95,rule_based_v1
d0fff9471be54b44b4b922a72c855190.wav,People,p,0,6.376,6.4327,0.0567,0.944,-0.7742,0.0,p,0.146666,correct,0.95,rule_based_v1
d0fff9471be54b44b4b922a72c855190.wav,People,i,1,6.4327,6.4893,0.0567,0.708,-6.461,2.5082,<pad>,0.161367,distortion,0.551,rule_based_v1
d0fff9471be54b44b4b922a72c855190.wav,People,ː,2,6.4893,6.546,0.0567,0.708,-0.0,0.0,<pad>,0.123186,correct,0.95,rule_based_v1
d0fff9471be54b44b4b922a72c855190.wav,People,p,3,6.546,6.6027,0.0567,0.944,-12.1275,12.1272,<pad>,0.001796,substitution,0.95,rule_based_v1
d0fff9471be54b44b4b922a72c855190.wav,People,ə,4,6.6027,6.6593,0.0567,0.944,-12.6478,12.6478,<pad>,0.167864,substitution,0.95,rule_based_v1
d0fff9471be54b44b4b922a72c855190.wav,People,l,5,6.6593,6.716,0.0567,0.944,-11.5217,7.0753,<pad>,0.190953,substitution,0.95,rule_based_v1
d0fff9471be54b44b4b922a72c855190.wav,should,ʃ,0,6.796,6.856,0.06,0.6,-4.7433,1.2964,<pad>,0.062248,distortion,0.55,rule_based_v1
d0fff9471be54b44b4b922a72c855190.wav,should,ʊ,1,6.856,6.916,0.06,0.75,-7.0989,4.7052,<pad>,0.126855,substitution,0.95,rule_based_v1
d0fff9471be54b44b4b922a72c855190.wav,should,d,2,6.916,6.976,0.06,1.2,-5.3967,2.7804,<pad>,0.025751,distortion,0.578,rule_based_v1
d0fff9471be54b44b4b922a72c855190.wav,exercise,ɛ,0,7.097,7.1695,0.0725,0.906,-13.3706,11.1537,<pad>,0.015251,substitution,0.95,rule_based_v1
d0fff9471be54b44b4b922a72c855190.wav,exercise,k,1,7.1695,7.242,0.0725,1.036,-7.5323,3.267,<pad>,0.03168,substitution,0.827,rule_based_v1
d0fff9471be54b44b4b922a72c855190.wav,exercise,s,2,7.242,7.3145,0.0725,0.725,-6.0633,6.0549,<pad>,0.127641,substitution,0.95,rule_based_v1
d0fff9471be54b44b4b922a72c855190.wav,exercise,ɚ,3,7.3145,7.387,0.0725,0.906,-6.4367,3.9644,<pad>,0.028961,substitution,0.896,rule_based_v1
d0fff9471be54b44b4b922a72c855190.wav,exercise,s,4,7.387,7.4595,0.0725,0.725,-5.5558,2.5105,<pad>,0.130954,distortion,0.551,rule_based_v1
d0fff9471be54b44b4b922a72c855190.wav,exercise,a,5,7.4595,7.532,0.0725,0.906,-12.3406,12.3403,<pad>,0.154556,substitution,0.95,rule_based_v1
d0fff9471be54b44b4b922a72c855190.wav,exercise,ɪ,6,7.532,7.6045,0.0725,0.906,-14.263,11.1214,<pad>,0.105834,substitution,0.95,rule_based_v1
d0fff9471be54b44b4b922a72c855190.wav,exercise,z,7,7.6045,7.677,0.0725,0.906,-16.5708,16.5708,<pad>,0.034304,substitution,0.95,rule_based_v1
d0fff9471be54b44b4b922a72c855190.wav,every,ɛ,0,7.877,7.942,0.065,0.813,-13.718,13.7179,<pad>,0.051398,substitution,0.95,rule_based_v1
d0fff9471be54b44b4b922a72c855190.wav,every,v,1,7.942,8.007,0.065,0.929,-3.6227,0.8126,<pad>,0.025577,correct,0.747,rule_based_v1
d0fff9471be54b44b4b922a72c855190.wav,every,ɹ,2,8.007,8.072,0.065,0.813,-3.0678,0.5803,<pad>,0.17791,correct,0.805,rule_based_v1
d0fff9471be54b44b4b922a72c855190.wav,every,i,3,8.072,8.137,0.065,0.813,-8.4204,6.0315,<pad>,0.156074,substitution,0.95,rule_based_v1
d0fff9471be54b44b4b922a72c855190.wav,day,d,0,8.197,8.2573,0.0603,1.207,-6.3962,3.5911,<pad>,0.155842,substitution,0.859,rule_based_v1
d0fff9471be54b44b4b922a72c855190.wav,day,e,1,8.2573,8.3177,0.0603,0.754,-11.1676,8.6088,<pad>,0.138104,substitution,0.95,rule_based_v1
d0fff9471be54b44b4b922a72c855190.wav,day,ɪ,2,8.3177,8.378,0.0603,0.754,-15.3085,15.3085,<pad>,0.061045,substitution,0.95,rule_based_v1
d0fff9471be54b44b4b922a72c855190.wav,and,æ,0,8.658,8.6847,0.0267,0.296,-13.9881,13.9879,<pad>,0.096532,substitution,0.95,rule_based_v1
d0fff9471be54b44b4b922a72c855190.wav,and,n,1,8.6847,8.7113,0.0267,0.444,-5.0576,5.0508,<pad>,0.069979,substitution,0.95,rule_based_v1
d0fff9471be54b44b4b922a72c855190.wav,and,d,2,8.7113,8.738,0.0267,0.533,-9.69,9.5793,<pad>,0.072306,substitution,0.95,rule_based_v1
d0fff9471be54b44b4b922a72c855190.wav,eat,i,0,8.818,8.8647,0.0467,0.583,-9.0124,5.8554,<pad>,0.106756,substitution,0.95,rule_based_v1
d0fff9471be54b44b4b922a72c855190.wav,eat,ː,1,8.8647,8.9113,0.0467,0.583,-0.0002,0.0,<pad>,0.070627,correct,0.95,rule_based_v1
d0fff9471be54b44b4b922a72c855190.wav,eat,t,2,8.9113,8.958,0.0467,0.778,-6.7109,6.7089,<pad>,0.005169,substitution,0.95,rule_based_v1
d0fff9471be54b44b4b922a72c855190.wav,vegetables,v,0,9.038,9.0926,0.0546,0.781,-0.0999,0.0,v,0.174187,correct,0.95,rule_based_v1
d0fff9471be54b44b4b922a72c855190.wav,vegetables,ɛ,1,9.0926,9.1473,0.0546,0.683,-5.2645,5.1889,<pad>,0.133632,substitution,0.95,rule_based_v1
d0fff9471be54b44b4b922a72c855190.wav,vegetables,d,2,9.1473,9.2019,0.0546,1.093,-9.6079,9.6061,<pad>,0.0372,substitution,0.95,rule_based_v1
d0fff9471be54b44b4b922a72c855190.wav,vegetables,ʒ,3,9.2019,9.2565,0.0546,0.683,-10.2566,5.8946,<pad>,0.070464,substitution,0.95,rule_based_v1
d0fff9471be54b44b4b922a72c855190.wav,vegetables,ɪ,4,9.2565,9.3112,0.0546,0.683,-4.9395,3.0506,<pad>,0.045748,substitution,0.805,rule_based_v1
d0fff9471be54b44b4b922a72c855190.wav,vegetables,ɾ,5,9.3112,9.3658,0.0546,0.683,-10.7938,10.7933,<pad>,0.115251,substitution,0.95,rule_based_v1
d0fff9471be54b44b4b922a72c855190.wav,vegetables,ə,6,9.3658,9.4205,0.0546,0.911,-8.5497,5.1704,<pad>,0.085519,substitution,0.95,rule_based_v1
d0fff9471be54b44b4b922a72c855190.wav,vegetables,b,7,9.4205,9.4751,0.0546,1.093,-11.0044,8.9724,<pad>,0.078195,substitution,0.95,rule_based_v1
d0fff9471be54b44b4b922a72c855190.wav,vegetables,ə,8,9.4751,9.5297,0.0546,0.911,-15.5088,15.5087,<pad>,0.110197,substitution,0.95,rule_based_v1
d0fff9471be54b44b4b922a72c855190.wav,vegetables,l,9,9.5297,9.5844,0.0546,0.911,-12.8695,12.8695,<pad>,0.061423,substitution,0.95,rule_based_v1
d0fff9471be54b44b4b922a72c855190.wav,vegetables,z,10,9.5844,9.639,0.0546,0.683,-14.0528,8.875,<pad>,0.03167,substitution,0.95,rule_based_v1
d0fff9471be54b44b4b922a72c855190.wav,regularly.,ɹ,0,9.759,9.8212,0.0622,0.778,-8.5874,3.3495,<pad>,0.179778,substitution,0.835,rule_based_v1
d0fff9471be54b44b4b922a72c855190.wav,regularly.,ɛ,1,9.8212,9.8834,0.0622,0.778,-14.6879,14.6878,<pad>,0.06299,substitution,0.95,rule_based_v1
d0fff9471be54b44b4b922a72c855190.wav,regularly.,ɡ,2,9.8834,9.9457,0.0622,1.244,-7.278,3.9714,<pad>,0.095214,substitution,0.897,rule_based_v1
d0fff9471be54b44b4b922a72c855190.wav,regularly.,j,3,9.9457,10.0079,0.0622,1.244,-6.1764,4.3442,<pad>,0.118073,substitution,0.934,rule_based_v1
d0fff9471be54b44b4b922a72c855190.wav,regularly.,ʊ,4,10.0079,10.0701,0.0622,0.778,-14.6075,12.553,<pad>,0.11355,substitution,0.95,rule_based_v1
d0fff9471be54b44b4b922a72c855190.wav,regularly.,l,5,10.0701,10.1323,0.0622,1.037,-10.7928,8.2336,<pad>,0.073864,substitution,0.95,rule_based_v1
d0fff9471be54b44b4b922a72c855190.wav,regularly.,ɚ,6,10.1323,10.1946,0.0622,0.778,-11.149,11.0593,<pad>,0.05515,substitution,0.95,rule_based_v1
d0fff9471be54b44b4b922a72c855190.wav,regularly.,l,7,10.1946,10.2568,0.0622,1.037,-7.992,4.6791,<pad>,0.0587,substitution,0.95,rule_based_v1
d0fff9471be54b44b4b922a72c855190.wav,regularly.,i,8,10.2568,10.319,0.0622,0.778,-12.251,12.251,<pad>,0.018396,substitution,0.95,rule_based_v1
d0fff9471be54b44b4b922a72c855190.wav,Many,m,0,11.44,11.5,0.06,0.857,-8.4314,1.9908,<pad>,0.176351,distortion,0.55,rule_based_v1
d0fff9471be54b44b4b922a72c855190.wav,Many,ɛ,1,11.5,11.56,0.06,0.75,-12.7489,12.7478,<pad>,0.093818,substitution,0.95,rule_based_v1
d0fff9471be54b44b4b922a72c855190.wav,Many,n,2,11.56,11.62,0.06,1.0,-5.9523,1.3346,<pad>,0.086008,distortion,0.55,rule_based_v1
d0fff9471be54b44b4b922a72c855190.wav,Many,i,3,11.62,11.68,0.06,0.75,-11.9446,11.9446,<pad>,0.118351,substitution,0.95,rule_based_v1
d0fff9471be54b44b4b922a72c855190.wav,people's,p,0,11.74,11.7943,0.0543,0.905,-5.3788,0.6115,<pad>,0.186027,correct,0.797,rule_based_v1
d0fff9471be54b44b4b922a72c855190.wav,people's,i,1,11.7943,11.8486,0.0543,0.679,-9.1256,4.8649,<pad>,0.172552,substitution,0.95,rule_based_v1
d0fff9471be54b44b4b922a72c855190.wav,people's,ː,2,11.8486,11.9029,0.0543,0.679,-0.0001,0.0,<pad>,0.01352,correct,0.95,rule_based_v1
d0fff9471be54b44b4b922a72c855190.wav,people's,p,3,11.9029,11.9571,0.0543,0.905,-10.9299,10.9298,<pad>,0.072445,substitution,0.95,rule_based_v1
d0fff9471be54b44b4b922a72c855190.wav,people's,ə,4,11.9571,12.0114,0.0543,0.905,-8.9139,5.1343,<pad>,0.105831,substitution,0.95,rule_based_v1
d0fff9471be54b44b4b922a72c855190.wav,people's,l,5,12.0114,12.0657,0.0543,0.905,-7.1308,3.9496,<pad>,0.08269,substitution,0.895,rule_based_v1
d0fff9471be54b44b4b922a72c855190.wav,people's,z,6,12.0657,12.12,0.0543,0.679,-11.9392,11.8985,<pad>,0.025123,substitution,0.95,rule_based_v1
d0fff9471be54b44b4b922a72c855190.wav,thinks,θ,0,12.201,12.257,0.056,0.622,-6.8444,3.6938,<pad>,0.056335,substitution,0.869,rule_based_v1
d0fff9471be54b44b4b922a72c855190.wav,thinks,ɪ,1,12.257,12.313,0.056,0.7,-6.1046,1.9152,<pad>,0.124224,distortion,0.55,rule_based_v1
d0fff9471be54b44b4b922a72c855190.wav,thinks,ŋ,2,12.313,12.369,0.056,0.8,-14.0546,14.0546,<pad>,0.06339,substitution,0.95,rule_based_v1
d0fff9471be54b44b4b922a72c855190.wav,thinks,k,3,12.369,12.425,0.056,0.8,-12.1577,12.1576,<pad>,0.050068,substitution,0.95,rule_based_v1
d0fff9471be54b44b4b922a72c855190.wav,thinks,s,4,12.425,12.481,0.056,0.56,-8.9517,7.8424,ŋ,0.021023,substitution,0.95,rule_based_v1
d0fff9471be54b44b4b922a72c855190.wav,that,ð,0,12.561,12.621,0.06,1.0,-6.2218,1.0811,<pad>,0.167931,distortion,0.55,rule_based_v1
d0fff9471be54b44b4b922a72c855190.wav,that,æ,1,12.621,12.681,0.06,0.667,-12.2769,12.2729,<pad>,0.095536,substitution,0.95,rule_based_v1
d0fff9471be54b44b4b922a72c855190.wav,that,t,2,12.681,12.741,0.06,1.0,-2.8253,1.0411,<pad>,0.003361,distortion,0.55,rule_based_v1
d0fff9471be54b44b4b922a72c855190.wav,sleeping,s,0,12.821,12.8753,0.0543,0.543,-8.912,8.9109,<pad>,0.022069,substitution,0.95,rule_based_v1
d0fff9471be54b44b4b922a72c855190.wav,sleeping,l,1,12.8753,12.9296,0.0543,0.905,-3.5786,0.3289,<pad>,0.08416,correct,0.868,rule_based_v1
d0fff9471be54b44b4b922a72c855190.wav,sleeping,i,2,12.9296,12.9839,0.0543,0.679,-8.1181,3.3611,<pad>,0.117174,substitution,0.836,rule_based_v1
d0fff9471be54b44b4b922a72c855190.wav,sleeping,ː,3,12.9839,13.0381,0.0543,0.679,-0.0001,0.0,<pad>,0.013988,correct,0.95,rule_based_v1
d0fff9471be54b44b4b922a72c855190.wav,sleeping,p,4,13.0381,13.0924,0.0543,0.905,-10.6493,10.6492,<pad>,0.083104,substitution,0.95,rule_based_v1
d0fff9471be54b44b4b922a72c855190.wav,sleeping,ɪ,5,13.0924,13.1467,0.0543,0.679,-13.7612,8.47,<pad>,0.067598,substitution,0.95,rule_based_v1
d0fff9471be54b44b4b922a72c855190.wav,sleeping,ŋ,6,13.1467,13.201,0.0543,0.776,-10.5723,7.0356,ɪ,0.040777,substitution,0.95,rule_based_v1
d0fff9471be54b44b4b922a72c855190.wav,5,f,0,13.281,13.3262,0.0452,0.503,-5.6738,2.772,<pad>,0.024136,distortion,0.577,rule_based_v1
d0fff9471be54b44b4b922a72c855190.wav,5,a,1,13.3262,13.3715,0.0452,0.566,-12.1494,12.1493,<pad>,0.178188,substitution,0.95,rule_based_v1
d0fff9471be54b44b4b922a72c855190.wav,5,ɪ,2,13.3715,13.4168,0.0452,0.566,-13.1919,8.3376,<pad>,0.137479,substitution,0.95,rule_based_v1
d0fff9471be54b44b4b922a72c855190.wav,5,v,3,13.4168,13.462,0.0452,0.646,-16.8186,16.8186,<pad>,0.109468,substitution,0.95,rule_based_v1
d0fff9471be54b44b4b922a72c855190.wav,hours,a,0,13.542,13.607,0.065,0.812,-12.574,10.0825,<pad>,0.009029,substitution,0.95,rule_based_v1
d0fff9471be54b44b4b922a72c855190.wav,hours,ʊ,1,13.607,13.672,0.065,0.812,-14.1612,14.1608,<pad>,0.021314,substitution,0.95,rule_based_v1
d0fff9471be54b44b4b922a72c855190.wav,hours,ɚ,2,13.672,13.737,0.065,0.812,-9.1691,6.4127,<pad>,0.148941,substitution,0.95,rule_based_v1
d0fff9471be54b44b4b922a72c855190.wav,hours,z,3,13.737,13.802,0.065,0.812,-11.9691,11.9093,<pad>,0.096175,substitution,0.95,rule_based_v1
d0fff9471be54b44b4b922a72c855190.wav,is,ɪ,0,13.862,13.912,0.05,0.625,-10.093,10.0921,<pad>,0.070311,substitution,0.95,rule_based_v1
d0fff9471be54b44b4b922a72c855190.wav,is,z,1,13.912,13.962,0.05,0.625,-0.0541,0.0,z,0.044984,correct,0.95,rule_based_v1
d0fff9471be54b44b4b922a72c855190.wav,enough,ɪ,0,14.042,14.112,0.07,0.875,-13.5582,10.5617,<pad>,0.085066,substitution,0.95,rule_based_v1
d0fff9471be54b44b4b922a72c855190.wav,enough,n,1,14.112,14.182,0.07,1.167,-10.6787,8.519,<pad>,0.066106,substitution,0.95,rule_based_v1
d0fff9471be54b44b4b922a72c855190.wav,enough,ʌ,2,14.182,14.252,0.07,1.0,-14.5795,14.5795,<pad>,0.055581,substitution,0.95,rule_based_v1
d0fff9471be54b44b4b922a72c855190.wav,enough,f,3,14.252,14.322,0.07,0.778,-11.4029,11.4028,<pad>,0.009247,substitution,0.95,rule_based_v1
d0fff9471be54b44b4b922a72c855190.wav,but,b,0,14.662,14.7157,0.0537,1.073,-0.2191,0.0,b,0.165309,correct,0.95,rule_based_v1
d0fff9471be54b44b4b922a72c855190.wav,but,ʌ,1,14.7157,14.7693,0.0537,0.767,-6.1709,2.1967,<pad>,0.122721,distortion,0.52,rule_based_v1
d0fff9471be54b44b4b922a72c855190.wav,but,t,2,14.7693,14.823,0.0537,0.894,-4.9123,4.8967,<pad>,0.052507,substitution,0.95,rule_based_v1
d0fff9471be54b44b4b922a72c855190.wav,it,ɪ,0,14.863,14.893,0.03,0.375,-9.1224,9.1196,<pad>,0.031021,substitution,0.95,rule_based_v1
d0fff9471be54b44b4b922a72c855190.wav,it,t,1,14.893,14.923,0.03,0.5,-4.9976,4.9886,<pad>,0.014805,substitution,0.95,rule_based_v1
d0fff9471be54b44b4b922a72c855190.wav,is,ɪ,0,15.003,15.053,0.05,0.625,-9.9137,9.2122,<pad>,0.050746,substitution,0.95,rule_based_v1
d0fff9471be54b44b4b922a72c855190.wav,is,z,1,15.053,15.103,0.05,0.625,-4.3542,1.1759,<pad>,0.035831,distortion,0.55,rule_based_v1
d0fff9471be54b44b4b922a72c855190.wav,not.,n,0,15.163,15.218,0.055,0.917,-9.6404,4.9446,<pad>,0.097375,substitution,0.95,rule_based_v1
d0fff9471be54b44b4b922a72c855190.wav,not.,ɑ,1,15.218,15.273,0.055,0.687,-17.4068,17.4068,<pad>,0.051697,substitution,0.95,rule_based_v1
d0fff9471be54b44b4b922a72c855190.wav,not.,ː,2,15.273,15.328,0.055,0.687,-0.0,0.0,<pad>,0.014364,correct,0.95,rule_based_v1
d0fff9471be54b44b4b922a72c855190.wav,not.,t,3,15.328,15.383,0.055,0.917,-7.0401,7.0381,<pad>,0.001375,substitution,0.95,rule_based_v1
d0fff9471be54b44b4b922a72c855190.wav,If,ɪ,0,16.544,16.584,0.04,0.5,-11.5467,11.5465,<pad>,0.018817,substitution,0.95,rule_based_v1
d0fff9471be54b44b4b922a72c855190.wav,If,f,1,16.584,16.624,0.04,0.444,-6.1894,1.2096,<pad>,0.007857,distortion,0.55,rule_based_v1
d0fff9471be54b44b4b922a72c855190.wav,you,j,0,16.664,16.7173,0.0533,1.067,-0.4115,0.0,j,0.211258,correct,0.95,rule_based_v1
d0fff9471be54b44b4b922a72c855190.wav,you,u,1,16.7173,16.7707,0.0533,0.667,-8.0478,4.1067,<pad>,0.227312,substitution,0.911,rule_based_v1
d0fff9471be54b44b4b922a72c855190.wav,you,ː,2,16.7707,16.824,0.0533,0.667,-0.0013,0.0,<pad>,0.087583,correct,0.95,rule_based_v1
d0fff9471be54b44b4b922a72c855190.wav,take,t,0,16.884,16.934,0.05,0.833,-10.6953,10.6949,<pad>,0.129616,substitution,0.95,rule_based_v1
d0fff9471be54b44b4b922a72c855190.wav,take,e,1,16.934,16.984,0.05,0.625,-10.9198,6.5921,<pad>,0.119597,substitution,0.95,rule_based_v1
d0fff9471be54b44b4b922a72c855190.wav,take,ɪ,2,16.984,17.034,0.05,0.625,-11.4529,11.4524,<pad>,0.072274,substitution,0.95,rule_based_v1
d0fff9471be54b44b4b922a72c855190.wav,take,k,3,17.034,17.084,0.05,0.714,-6.4786,6.4766,<pad>,0.000382,substitution,0.95,rule_based_v1
d0fff9471be54b44b4b922a72c855190.wav,care,k,0,17.144,17.231,0.087,1.243,-12.2782,10.012,<pad>,0.158822,substitution,0.95,rule_based_v1
d0fff9471be54b44b4b922a72c855190.wav,care,ɛ,1,17.231,17.318,0.087,1.088,-13.81,13.8099,<pad>,0.108605,substitution,0.95,rule_based_v1
d0fff9471be54b44b4b922a72c855190.wav,care,ɹ,2,17.318,17.405,0.087,1.088,-5.7379,5.6817,<pad>,0.067705,substitution,0.95,rule_based_v1
d0fff9471be54b44b4b922a72c855190.wav,of,ʌ,0,17.485,17.525,0.04,0.571,-8.6021,8.5994,<pad>,0.020015,substitution,0.95,rule_based_v1
d0fff9471be54b44b4b922a72c855190.wav,of,v,1,17.525,17.565,0.04,0.571,-4.3634,1.3565,<pad>,0.009933,distortion,0.55,rule_based_v1
d0fff9471be54b44b4b922a72c855190.wav,your,j,0,17.605,17.6583,0.0533,1.067,-0.4404,0.0,j,0.156663,correct,0.95,rule_based_v1
d0fff9471be54b44b4b922a72c855190.wav,your,ʊ,1,17.6583,17.7117,0.0533,0.667,-11.232,4.9677,<pad>,0.148772,substitution,0.95,rule_based_v1
d0fff9471be54b44b4b922a72c855190.wav,your,ɹ,2,17.7117,17.765,0.0533,0.667,-6.4908,6.4848,<pad>,0.073796,substitution,0.95,rule_based_v1
d0fff9471be54b44b4b922a72c855190.wav,"body,",b,0,17.805,17.873,0.068,1.36,-6.1946,0.0,b,0.135988,correct,0.95,rule_based_v1
d0fff9471be54b44b4b922a72c855190.wav,"body,",ɑ,1,17.873,17.941,0.068,0.85,-17.6322,17.6322,<pad>,0.115844,substitution,0.95,rule_based_v1
d0fff9471be54b44b4b922a72c855190.wav,"body,",ː,2,17.941,18.009,0.068,0.85,-0.0002,0.0,<pad>,0.03158,correct,0.95,rule_based_v1
d0fff9471be54b44b4b922a72c855190.wav,"body,",d,3,18.009,18.077,0.068,1.36,-7.4043,2.6442,<pad>,0.07753,distortion,0.564,rule_based_v1
d0fff9471be54b44b4b922a72c855190.wav,"body,",i,4,18.077,18.145,0.068,0.85,-8.393,8.1944,<pad>,0.054115,substitution,0.95,rule_based_v1
d0fff9471be54b44b4b922a72c855190.wav,your,j,0,18.525,18.5853,0.0603,1.207,-2.2254,0.0555,<pad>,0.131399,correct,0.936,rule_based_v1
d0fff9471be54b44b4b922a72c855190.wav,your,ʊ,1,18.5853,18.6457,0.0603,0.754,-12.8076,8.4552,<pad>,0.188855,substitution,0.95,rule_based_v1
d0fff9471be54b44b4b922a72c855190.wav,your,ɹ,2,18.6457,18.706,0.0603,0.754,-6.4962,6.4751,<pad>,0.092888,substitution,0.95,rule_based_v1
d0fff9471be54b44b4b922a72c855190.wav,life,l,0,18.786,18.851,0.065,1.083,-8.3577,7.8006,<pad>,0.154696,substitution,0.95,rule_based_v1
d0fff9471be54b44b4b922a72c855190.wav,life,a,1,18.851,18.916,0.065,0.812,-13.4394,13.4394,<pad>,0.074187,substitution,0.95,rule_based_v1
d0fff9471be54b44b4b922a72c855190.wav,life,ɪ,2,18.916,18.981,0.065,0.812,-8.3522,8.3494,<pad>,0.059381,substitution,0.95,rule_based_v1
d0fff9471be54b44b4b922a72c855190.wav,life,f,3,18.981,19.046,0.065,0.722,-11.703,11.7029,<pad>,0.005276,substitution,0.95,rule_based_v1
d0fff9471be54b44b4b922a72c855190.wav,become,b,0,19.146,19.21,0.064,1.28,-11.7245,8.8436,<pad>,0.181881,substitution,0.95,rule_based_v1
d0fff9471be54b44b4b922a72c855190.wav,become,ɪ,1,19.21,19.274,0.064,0.8,-12.5842,12.5838,<pad>,0.008458,substitution,0.95,rule_based_v1
d0fff9471be54b44b4b922a72c855190.wav,become,k,2,19.274,19.338,0.064,0.914,-8.1763,5.0016,<pad>,0.150011,substitution,0.95,rule_based_v1
d0fff9471be54b44b4b922a72c855190.wav,become,ʌ,3,19.338,19.402,0.064,0.914,-7.4714,5.0837,<pad>,0.143318,substitution,0.95,rule_based_v1
d0fff9471be54b44b4b922a72c855190.wav,become,m,4,19.402,19.466,0.064,0.914,-3.714,1.4353,<pad>,0.076095,distortion,0.55,rule_based_v1
d0fff9471be54b44b4b922a72c855190.wav,much,m,0,19.526,19.576,0.05,0.714,-7.6331,3.7829,<pad>,0.119918,substitution,0.878,rule_based_v1
d0fff9471be54b44b4b922a72c855190.wav,much,ʌ,1,19.576,19.626,0.05,0.714,-13.8587,13.8586,<pad>,0.085198,substitution,0.95,rule_based_v1
d0fff9471be54b44b4b922a72c855190.wav,much,t,2,19.626,19.676,0.05,0.833,-6.5985,6.5957,<pad>,0.006262,substitution,0.95,rule_based_v1
d0fff9471be54b44b4b922a72c855190.wav,much,ʃ,3,19.676,19.726,0.05,0.5,-10.6899,10.4106,<pad>,0.042692,substitution,0.95,rule_based_v1
d0fff9471be54b44b4b922a72c855190.wav,better.,b,0,19.826,19.8963,0.0702,1.405,-13.4103,9.7533,<pad>,0.116461,substitution,0.95,rule_based_v1
d0fff9471be54b44b4b922a72c855190.wav,better.,ɛ,1,19.8963,19.9665,0.0702,0.878,-12.2311,12.2305,<pad>,0.016759,substitution,0.95,rule_based_v1
d0fff9471be54b44b4b922a72c855190.wav,better.,ɾ,2,19.9665,20.0367,0.0702,0.878,-4.1137,2.7608,<pad>,0.074891,distortion,0.576,rule_based_v1
d0fff9471be54b44b4b922a72c855190.wav,better.,ɚ,3,20.0367,20.107,0.0702,0.878,-6.5272,3.5621,<pad>,0.03742,substitution,0.856,rule_based_v1
da6215fd83504549be52ce1acc62483f.wav,The,ð,0,0.191,0.251,0.06,1.0,-7.4688,5.1899,<pad>,0.121917,substitution,0.95,rule_based_v1
da6215fd83504549be52ce1acc62483f.wav,The,ə,1,0.251,0.311,0.06,1.0,-6.4945,3.8478,<pad>,0.117444,substitution,0.885,rule_based_v1
da6215fd83504549be52ce1acc62483f.wav,squirrel,s,0,0.351,0.4077,0.0567,0.567,-10.8116,10.8115,<pad>,0.013495,substitution,0.95,rule_based_v1
da6215fd83504549be52ce1acc62483f.wav,squirrel,k,1,0.4077,0.4643,0.0567,0.81,-5.809,2.3266,<pad>,0.051041,distortion,0.533,rule_based_v1
da6215fd83504549be52ce1acc62483f.wav,squirrel,w,2,0.4643,0.521,0.0567,1.133,-2.254,1.2736,<pad>,0.156526,distortion,0.55,rule_based_v1
da6215fd83504549be52ce1acc62483f.wav,squirrel,ɜ,3,0.521,0.5777,0.0567,0.708,-14.1672,9.8401,<pad>,0.166941,substitution,0.95,rule_based_v1
da6215fd83504549be52ce1acc62483f.wav,squirrel,ː,4,0.5777,0.6343,0.0567,0.708,-0.0172,0.0,<pad>,0.165371,correct,0.95,rule_based_v1
da6215fd83504549be52ce1acc62483f.wav,squirrel,l,5,0.6343,0.691,0.0567,0.944,-6.1173,5.8607,<pad>,0.02994,substitution,0.95,rule_based_v1
da6215fd83504549be52ce1acc62483f.wav,quietly,k,0,0.731,0.7835,0.0525,0.75,-5.064,0.0603,<pad>,0.009225,correct,0.935,rule_based_v1
da6215fd83504549be52ce1acc62483f.wav,quietly,w,1,0.7835,0.836,0.0525,1.05,-1.1036,0.0,w,0.150805,correct,0.95,rule_based_v1
da6215fd83504549be52ce1acc62483f.wav,quietly,a,2,0.836,0.8885,0.0525,0.656,-7.5834,2.7598,w,0.160082,distortion,0.576,rule_based_v1
da6215fd83504549be52ce1acc62483f.wav,quietly,ɪ,3,0.8885,0.941,0.0525,0.656,-16.2642,16.2642,<pad>,0.151516,substitution,0.95,rule_based_v1
da6215fd83504549be52ce1acc62483f.wav,quietly,ə,4,0.941,0.9935,0.0525,0.875,-12.9611,12.9546,<pad>,0.12917,substitution,0.95,rule_based_v1
da6215fd83504549be52ce1acc62483f.wav,quietly,t,5,0.9935,1.046,0.0525,0.875,-6.9461,4.4661,<pad>,0.04055,substitution,0.947,rule_based_v1
da6215fd83504549be52ce1acc62483f.wav,quietly,l,6,1.046,1.0985,0.0525,0.875,-7.2551,6.904,<pad>,0.09279,substitution,0.95,rule_based_v1
da6215fd83504549be52ce1acc62483f.wav,quietly,i,7,1.0985,1.151,0.0525,0.656,-9.2569,8.8974,t,0.064955,substitution,0.95,rule_based_v1
da6215fd83504549be52ce1acc62483f.wav,climbed,k,0,1.231,1.2845,0.0535,0.764,-10.5033,10.5026,<pad>,0.008102,substitution,0.95,rule_based_v1
da6215fd83504549be52ce1acc62483f.wav,climbed,l,1,1.2845,1.338,0.0535,0.892,-0.5808,0.0,l,0.092373,correct,0.95,rule_based_v1
da6215fd83504549be52ce1acc62483f.wav,climbed,a,2,1.338,1.3915,0.0535,0.669,-8.3945,3.4678,<pad>,0.113576,substitution,0.847,rule_based_v1
da6215fd83504549be52ce1acc62483f.wav,climbed,ɪ,3,1.3915,1.445,0.0535,0.669,-15.3399,15.3397,<pad>,0.100731,substitution,0.95,rule_based_v1
da6215fd83504549be52ce1acc62483f.wav,climbed,m,4,1.445,1.4985,0.0535,0.764,-13.7987,13.7987,<pad>,0.073926,substitution,0.95,rule_based_v1
da6215fd83504549be52ce1acc62483f.wav,climbed,d,5,1.4985,1.552,0.0535,1.07,-15.5331,15.533,<pad>,0.050658,substitution,0.95,rule_based_v1
da6215fd83504549be52ce1acc62483f.wav,through,θ,0,1.592,1.637,0.045,0.5,-15.1961,15.196,<pad>,0.009863,substitution,0.95,rule_based_v1
da6215fd83504549be52ce1acc62483f.wav,through,ɹ,1,1.637,1.682,0.045,0.562,-5.7642,1.0676,<pad>,0.010973,distortion,0.55,rule_based_v1
da6215fd83504549be52ce1acc62483f.wav,through,u,2,1.682,1.727,0.045,0.562,-7.4498,4.8826,ɹ,0.100827,substitution,0.95,rule_based_v1
da6215fd83504549be52ce1acc62483f.wav,through,ː,3,1.727,1.772,0.045,0.562,-0.0013,0.0,<pad>,0.051373,correct,0.95,rule_based_v1
da6215fd83504549be52ce1acc62483f.wav,the,ð,0,1.792,1.832,0.04,0.667,-5.8362,2.8262,<pad>,0.122349,distortion,0.583,rule_based_v1
da6215fd83504549be52ce1acc62483f.wav,the,ə,1,1.832,1.872,0.04,0.667,-9.5586,9.5577,<pad>,0.07767,substitution,0.95,rule_based_v1
da6215fd83504549be52ce1acc62483f.wav,rural,ɹ,0,1.912,1.952,0.04,0.5,-1.5377,0.0,ɹ,0.081618,correct,0.95,rule_based_v1
da6215fd83504549be52ce1acc62483f.wav,rural,ʊ,1,1.952,1.992,0.04,0.5,-11.1091,6.6282,<pad>,0.106415,substitution,0.95,rule_based_v1
da6215fd83504549be52ce1acc62483f.wav,rural,ɹ,2,1.992,2.032,0.04,0.5,-8.5434,8.5405,<pad>,0.108442,substitution,0.95,rule_based_v1
da6215fd83504549be52ce1acc62483f.wav,rural,ɹ,3,2.032,2.072,0.04,0.5,-3.3228,0.1922,<pad>,0.098517,correct,0.902,rule_based_v1
da6215fd83504549be52ce1acc62483f.wav,rural,ə,4,2.072,2.112,0.04,0.667,-8.022,7.9611,<pad>,0.085794,substitution,0.95,rule_based_v1
da6215fd83504549be52ce1acc62483f.wav,rural,l,5,2.112,2.152,0.04,0.667,-8.737,8.736,<pad>,0.076196,substitution,0.95,rule_based_v1
da6215fd83504549be52ce1acc62483f.wav,neighborhood.,n,0,2.172,2.2295,0.0575,0.958,-5.542,0.7956,<pad>,0.092443,correct,0.751,rule_based_v1
da6215fd83504549be52ce1acc62483f.wav,neighborhood.,e,1,2.2295,2.287,0.0575,0.719,-9.9731,4.8731,<pad>,0.084149,substitution,0.95,rule_based_v1
da6215fd83504549be52ce1acc62483f.wav,neighborhood.,ɪ,2,2.287,2.3445,0.0575,0.719,-11.7782,11.7781,<pad>,0.035248,substitution,0.95,rule_based_v1
da6215fd83504549be52ce1acc62483f.wav,neighborhood.,b,3,2.3445,2.402,0.0575,1.15,-12.6613,12.6613,<pad>,0.083984,substitution,0.95,rule_based_v1
da6215fd83504549be52ce1acc62483f.wav,neighborhood.,ɚ,4,2.402,2.4595,0.0575,0.719,-5.2193,0.0,ɚ,0.032213,correct,0.95,rule_based_v1
da6215fd83504549be52ce1acc62483f.wav,neighborhood.,h,5,2.4595,2.517,0.0575,0.958,-13.1418,13.1417,<pad>,0.077416,substitution,0.95,rule_based_v1
da6215fd83504549be52ce1acc62483f.wav,neighborhood.,ʊ,6,2.517,2.5745,0.0575,0.719,-13.0726,12.0454,<pad>,0.06674,substitution,0.95,rule_based_v1
da6215fd83504549be52ce1acc62483f.wav,neighborhood.,d,7,2.5745,2.632,0.0575,1.15,-11.0111,8.7213,<pad>,0.031531,substitution,0.95,rule_based_v1
da6215fd83504549be52ce1acc62483f.wav,She,ʃ,0,3.672,3.7057,0.0337,0.337,-0.2029,0.0,ʃ,0.074642,correct,0.95,rule_based_v1
da6215fd83504549be52ce1acc62483f.wav,She,i,1,3.7057,3.7393,0.0337,0.421,-12.4897,12.4896,<pad>,0.122775,substitution,0.95,rule_based_v1
da6215fd83504549be52ce1acc62483f.wav,She,ː,2,3.7393,3.773,0.0337,0.421,-0.0001,0.0,<pad>,0.154985,correct,0.95,rule_based_v1
da6215fd83504549be52ce1acc62483f.wav,bought,b,0,3.813,3.858,0.045,0.9,-4.3619,0.0,b,0.148077,correct,0.95,rule_based_v1
da6215fd83504549be52ce1acc62483f.wav,bought,ɔ,1,3.858,3.903,0.045,0.562,-7.0295,2.9989,<pad>,0.277959,distortion,0.6,rule_based_v1
da6215fd83504549be52ce1acc62483f.wav,bought,ː,2,3.903,3.948,0.045,0.562,-0.0001,0.0,<pad>,0.174654,correct,0.95,rule_based_v1
da6215fd83504549be52ce1acc62483f.wav,bought,t,3,3.948,3.993,0.045,0.75,-4.2009,1.3123,<pad>,0.148052,distortion,0.55,rule_based_v1
da6215fd83504549be52ce1acc62483f.wav,a,e,0,4.013,4.033,0.02,0.25,-10.8554,10.8377,<pad>,0.018447,substitution,0.95,rule_based_v1
da6215fd83504549be52ce1acc62483f.wav,a,ɪ,1,4.033,4.053,0.02,0.25,-11.9167,11.9162,<pad>,0.001683,substitution,0.95,rule_based_v1
da6215fd83504549be52ce1acc62483f.wav,comfortable,k,0,4.113,4.1641,0.0511,0.73,-11.2743,11.274,<pad>,0.042606,substitution,0.95,rule_based_v1
da6215fd83504549be52ce1acc62483f.wav,comfortable,ʌ,1,4.1641,4.2152,0.0511,0.73,-4.8743,0.8233,<pad>,0.147336,correct,0.744,rule_based_v1
da6215fd83504549be52ce1acc62483f.wav,comfortable,m,2,4.2152,4.2663,0.0511,0.73,-5.0684,5.021,<pad>,0.072668,substitution,0.95,rule_based_v1
da6215fd83504549be52ce1acc62483f.wav,comfortable,f,3,4.2663,4.3174,0.0511,0.568,-9.5734,7.7119,m,0.005933,substitution,0.95,rule_based_v1
da6215fd83504549be52ce1acc62483f.wav,comfortable,t,4,4.3174,4.3686,0.0511,0.852,-7.8832,6.5002,f,0.021665,substitution,0.95,rule_based_v1
da6215fd83504549be52ce1acc62483f.wav,comfortable,ə,5,4.3686,4.4197,0.0511,0.852,-8.3882,8.3844,<pad>,0.11017,substitution,0.95,rule_based_v1
da6215fd83504549be52ce1acc62483f.wav,comfortable,b,6,4.4197,4.4708,0.0511,1.022,-10.0651,6.8292,t,0.042118,substitution,0.95,rule_based_v1
da6215fd83504549be52ce1acc62483f.wav,comfortable,ə,7,4.4708,4.5219,0.0511,0.852,-4.459,3.0122,<pad>,0.132611,substitution,0.801,rule_based_v1
da6215fd83504549be52ce1acc62483f.wav,comfortable,l,8,4.5219,4.573,0.0511,0.852,-10.425,6.6655,b,0.041619,substitution,0.95,rule_based_v1
da6215fd83504549be52ce1acc62483f.wav,pair,p,0,4.613,4.6797,0.0667,1.111,-9.0976,5.2689,<pad>,0.012097,substitution,0.95,rule_based_v1
da6215fd83504549be52ce1acc62483f.wav,pair,ɛ,1,4.6797,4.7463,0.0667,0.833,-8.2018,4.733,<pad>,0.11163,substitution,0.95,rule_based_v1
da6215fd83504549be52ce1acc62483f.wav,pair,ɹ,2,4.7463,4.813,0.0667,0.833,-12.3076,12.3076,<pad>,0.112292,substitution,0.95,rule_based_v1
da6215fd83504549be52ce1acc62483f.wav,of,ʌ,0,4.833,4.863,0.03,0.429,-5.1166,5.1087,<pad>,0.028983,substitution,0.95,rule_based_v1
da6215fd83504549be52ce1acc62483f.wav,of,v,1,4.863,4.893,0.03,0.429,-14.3354,14.3354,<pad>,0.002149,substitution,0.95,rule_based_v1
da6215fd83504549be52ce1acc62483f.wav,clothes,k,0,4.973,5.0363,0.0633,0.905,-10.4909,10.4905,<pad>,0.008202,substitution,0.95,rule_based_v1
da6215fd83504549be52ce1acc62483f.wav,clothes,l,1,5.0363,5.0997,0.0633,1.056,-1.5083,0.0,l,0.123252,correct,0.95,rule_based_v1
da6215fd83504549be52ce1acc62483f.wav,clothes,o,2,5.0997,5.163,0.0633,0.792,-12.1753,9.0132,<pad>,0.178299,substitution,0.95,rule_based_v1
da6215fd83504549be52ce1acc62483f.wav,clothes,ʊ,3,5.163,5.2263,0.0633,0.792,-15.2159,15.2159,<pad>,0.097497,substitution,0.95,rule_based_v1
da6215fd83504549be52ce1acc62483f.wav,clothes,ð,4,5.2263,5.2897,0.0633,1.056,-14.3226,14.3224,<pad>,0.058644,substitution,0.95,rule_based_v1
da6215fd83504549be52ce1acc62483f.wav,clothes,z,5,5.2897,5.353,0.0633,0.792,-6.3888,5.504,<pad>,0.016121,substitution,0.95,rule_based_v1
da6215fd83504549be52ce1acc62483f.wav,at,æ,0,5.413,5.453,0.04,0.444,-6.4115,2.5662,<pad>,0.092073,distortion,0.557,rule_based_v1
da6215fd83504549be52ce1acc62483f.wav,at,t,1,5.453,5.493,0.04,0.667,-1.8171,0.4411,<pad>,0.0043,correct,0.84,rule_based_v1
da6215fd83504549be52ce1acc62483f.wav,the,ð,0,5.513,5.553,0.04,0.667,-3.4441,0.0,ð,0.082551,correct,0.95,rule_based_v1
da6215fd83504549be52ce1acc62483f.wav,the,ə,1,5.553,5.593,0.04,0.667,-4.4993,1.4281,<pad>,0.060419,distortion,0.55,rule_based_v1
da6215fd83504549be52ce1acc62483f.wav,jewelry,d,0,5.633,5.678,0.045,0.9,-6.7975,1.7541,dʒ,0.065421,distortion,0.55,rule_based_v1
da6215fd83504549be52ce1acc62483f.wav,jewelry,ʒ,1,5.678,5.723,0.045,0.563,-10.9107,10.8914,<pad>,0.140659,substitution,0.95,rule_based_v1
da6215fd83504549be52ce1acc62483f.wav,jewelry,u,2,5.723,5.768,0.045,0.563,-9.3473,5.8813,<pad>,0.122301,substitution,0.95,rule_based_v1
da6215fd83504549be52ce1acc62483f.wav,jewelry,ː,3,5.768,5.813,0.045,0.563,-0.0004,0.0,<pad>,0.100636,correct,0.95,rule_based_v1
da6215fd83504549be52ce1acc62483f.wav,jewelry,ə,4,5.813,5.858,0.045,0.75,-5.4049,4.6991,<pad>,0.076528,substitution,0.95,rule_based_v1
da6215fd83504549be52ce1acc62483f.wav,jewelry,l,5,5.858,5.903,0.045,0.75,-6.6894,6.6778,<pad>,0.071771,substitution,0.95,rule_based_v1
da6215fd83504549be52ce1acc62483f.wav,jewelry,ɹ,6,5.903,5.948,0.045,0.563,-0.1513,0.0,ɹ,0.080746,correct,0.95,rule_based_v1
da6215fd83504549be52ce1acc62483f.wav,jewelry,i,7,5.948,5.993,0.045,0.563,-5.5158,1.2291,<pad>,0.039242,distortion,0.55,rule_based_v1
da6215fd83504549be52ce1acc62483f.wav,store.,s,0,6.053,6.1172,0.0642,0.642,-12.3697,12.3693,<pad>,0.022195,substitution,0.95,rule_based_v1
da6215fd83504549be52ce1acc62483f.wav,store.,t,1,6.1172,6.1814,0.0642,1.07,-6.7162,2.2558,<pad>,0.09423,distortion,0.526,rule_based_v1
da6215fd83504549be52ce1acc62483f.wav,store.,ɔ,2,6.1814,6.2456,0.0642,0.802,-16.5833,16.5833,<pad>,0.074036,substitution,0.95,rule_based_v1
da6215fd83504549be52ce1acc62483f.wav,store.,ː,3,6.2456,6.3098,0.0642,0.802,-0.0,0.0,<pad>,0.060842,correct,0.95,rule_based_v1
da6215fd83504549be52ce1acc62483f.wav,store.,ɹ,4,6.3098,6.374,0.0642,0.802,-7.8926,7.8917,<pad>,0.039979,substitution,0.95,rule_based_v1
da6215fd83504549be52ce1acc62483f.wav,The,ð,0,7.394,7.444,0.05,0.833,-0.3812,0.0,ð,0.166241,correct,0.95,rule_based_v1
da6215fd83504549be52ce1acc62483f.wav,The,ə,1,7.444,7.494,0.05,0.833,-5.3572,1.4581,<pad>,0.117698,distortion,0.55,rule_based_v1
da6215fd83504549be52ce1acc62483f.wav,sixth,s,0,7.534,7.582,0.048,0.48,-2.6371,0.0,s,0.034737,correct,0.95,rule_based_v1
da6215fd83504549be52ce1acc62483f.wav,sixth,ɪ,1,7.582,7.63,0.048,0.6,-9.9101,9.9095,<pad>,0.178668,substitution,0.95,rule_based_v1
da6215fd83504549be52ce1acc62483f.wav,sixth,k,2,7.63,7.678,0.048,0.686,-10.9553,6.7201,<pad>,0.027479,substitution,0.95,rule_based_v1
da6215fd83504549be52ce1acc62483f.wav,sixth,s,3,7.678,7.726,0.048,0.48,-13.7696,13.7696,<pad>,0.029393,substitution,0.95,rule_based_v1
da6215fd83504549be52ce1acc62483f.wav,sixth,θ,4,7.726,7.774,0.048,0.533,-11.4336,7.2966,<pad>,0.024376,substitution,0.95,rule_based_v1
da6215fd83504549be52ce1acc62483f.wav,athlete,æ,0,7.914,7.974,0.06,0.667,-13.9207,13.9206,<pad>,0.115007,substitution,0.95,rule_based_v1
da6215fd83504549be52ce1acc62483f.wav,athlete,θ,1,7.974,8.034,0.06,0.667,-15.749,15.749,<pad>,0.003914,substitution,0.95,rule_based_v1
da6215fd83504549be52ce1acc62483f.wav,athlete,l,2,8.034,8.094,0.06,1.0,-4.6791,0.5125,<pad>,0.061036,correct,0.822,rule_based_v1
da6215fd83504549be52ce1acc62483f.wav,athlete,i,3,8.094,8.154,0.06,0.75,-6.3902,3.2867,<pad>,0.123544,substitution,0.829,rule_based_v1
da6215fd83504549be52ce1acc62483f.wav,athlete,ː,4,8.154,8.214,0.06,0.75,-0.0001,0.0,<pad>,0.073478,correct,0.95,rule_based_v1
da6215fd83504549be52ce1acc62483f.wav,athlete,t,5,8.214,8.274,0.06,1.0,-3.6574,1.846,<pad>,0.005154,distortion,0.585,rule_based_v1
da6215fd83504549be52ce1acc62483f.wav,successfully,s,0,8.334,8.3961,0.0621,0.621,-3.4634,0.92,<pad>,0.093001,correct,0.72,rule_based_v1
da6215fd83504549be52ce1acc62483f.wav,successfully,ə,1,8.3961,8.4582,0.0621,1.035,-12.2975,12.2974,<pad>,0.011786,substitution,0.95,rule_based_v1
da6215fd83504549be52ce1acc62483f.wav,successfully,k,2,8.4582,8.5203,0.0621,0.887,-5.4797,2.2835,<pad>,0.030322,distortion,0.528,rule_based_v1
da6215fd83504549be52ce1acc62483f.wav,successfully,s,3,8.5203,8.5824,0.0621,0.621,-3.8154,0.0,s,0.100931,correct,0.95,rule_based_v1
da6215fd83504549be52ce1acc62483f.wav,successfully,ɛ,4,8.5824,8.6445,0.0621,0.776,-9.4298,6.2203,<pad>,0.142359,substitution,0.95,rule_based_v1
da6215fd83504549be52ce1acc62483f.wav,successfully,s,5,8.6445,8.7066,0.0621,0.621,-6.5915,3.0164,<pad>,0.034965,substitution,0.802,rule_based_v1
da6215fd83504549be52ce1acc62483f.wav,successfully,f,6,8.7066,8.7687,0.0621,0.69,-10.8878,10.8611,<pad>,0.004023,substitution,0.95,rule_based_v1
da6215fd83504549be52ce1acc62483f.wav,successfully,ə,7,8.7687,8.8308,0.0621,1.035,-7.5402,2.7542,<pad>,0.091655,distortion,0.575,rule_based_v1
da6215fd83504549be52ce1acc62483f.wav,successfully,l,8,8.8308,8.8929,0.0621,1.035,-5.9349,4.0957,<pad>,0.098562,substitution,0.91,rule_based_v1
da6215fd83504549be52ce1acc62483f.wav,successfully,i,9,8.8929,8.955,0.0621,0.776,-8.1282,5.3547,<pad>,0.080869,substitution,0.95,rule_based_v1
da6215fd83504549be52ce1acc62483f.wav,solved,s,0,9.015,9.055,0.04,0.4,-2.4225,0.0,s,0.031545,correct,0.95,rule_based_v1
da6215fd83504549be52ce1acc62483f.wav,solved,ɑ,1,9.055,9.095,0.04,0.5,-14.2465,14.2455,<pad>,0.109599,substitution,0.95,rule_based_v1
da6215fd83504549be52ce1acc62483f.wav,solved,ː,2,9.095,9.135,0.04,0.5,-0.6902,-2.6941,<pad>,0.167962,correct,0.95,rule_based_v1
da6215fd83504549be52ce1acc62483f.wav,solved,l,3,9.135,9.175,0.04,0.667,-7.0488,7.0438,<pad>,0.138167,substitution,0.95,rule_based_v1
da6215fd83504549be52ce1acc62483f.wav,solved,v,4,9.175,9.215,0.04,0.571,-6.3471,6.1464,<pad>,0.052865,substitution,0.95,rule_based_v1
da6215fd83504549be52ce1acc62483f.wav,solved,d,5,9.215,9.255,0.04,0.8,-1.7672,0.0,d,0.001985,correct,0.95,rule_based_v1
da6215fd83504549be52ce1acc62483f.wav,the,ð,0,9.295,9.335,0.04,0.667,-5.7644,2.6817,ə,0.077846,distortion,0.568,rule_based_v1
da6215fd83504549be52ce1acc62483f.wav,the,ə,1,9.335,9.375,0.04,0.667,-11.6525,11.6523,<pad>,0.046661,substitution,0.95,rule_based_v1
da6215fd83504549be52ce1acc62483f.wav,statistical,s,0,9.395,9.4495,0.0545,0.545,-7.2776,7.2747,<pad>,0.011679,substitution,0.95,rule_based_v1
da6215fd83504549be52ce1acc62483f.wav,statistical,t,1,9.4495,9.5041,0.0545,0.909,-2.9909,0.0,t,0.08259,correct,0.95,rule_based_v1
da6215fd83504549be52ce1acc62483f.wav,statistical,ɐ,2,9.5041,9.5586,0.0545,0.682,-6.6784,2.9665,<pad>,0.022277,distortion,0.597,rule_based_v1
da6215fd83504549be52ce1acc62483f.wav,statistical,t,3,9.5586,9.6132,0.0545,0.909,-8.8931,8.8928,<pad>,0.051422,substitution,0.95,rule_based_v1
da6215fd83504549be52ce1acc62483f.wav,statistical,ɪ,4,9.6132,9.6677,0.0545,0.682,-11.1284,8.0795,t,0.082893,substitution,0.95,rule_based_v1
da6215fd83504549be52ce1acc62483f.wav,statistical,s,5,9.6677,9.7223,0.0545,0.545,-10.6159,10.6154,<pad>,0.040663,substitution,0.95,rule_based_v1
da6215fd83504549be52ce1acc62483f.wav,statistical,t,6,9.7223,9.7768,0.0545,0.909,-10.229,5.7076,<pad>,0.019766,substitution,0.95,rule_based_v1
da6215fd83504549be52ce1acc62483f.wav,statistical,ɪ,7,9.7768,9.8314,0.0545,0.682,-12.6938,12.642,<pad>,0.079555,substitution,0.95,rule_based_v1
da6215fd83504549be52ce1acc62483f.wav,statistical,k,8,9.8314,9.8859,0.0545,0.779,-10.8919,6.5171,s,0.005541,substitution,0.95,rule_based_v1
da6215fd83504549be52ce1acc62483f.wav,statistical,ə,9,9.8859,9.9405,0.0545,0.909,-10.9169,6.9066,<pad>,0.096739,substitution,0.95,rule_based_v1
da6215fd83504549be52ce1acc62483f.wav,statistical,l,10,9.9405,9.995,0.0545,0.909,-11.0282,7.4427,<pad>,0.044657,substitution,0.95,rule_based_v1
da6215fd83504549be52ce1acc62483f.wav,problem.,p,0,10.035,10.085,0.05,0.833,-4.3453,0.0,p,0.009222,correct,0.95,rule_based_v1
da6215fd83504549be52ce1acc62483f.wav,problem.,ɹ,1,10.085,10.135,0.05,0.625,-0.2224,0.0,ɹ,0.152931,correct,0.95,rule_based_v1
da6215fd83504549be52ce1acc62483f.wav,problem.,ɑ,2,10.135,10.185,0.05,0.625,-9.3572,5.4189,<pad>,0.140478,substitution,0.95,rule_based_v1
da6215fd83504549be52ce1acc62483f.wav,problem.,ː,3,10.185,10.235,0.05,0.625,-0.0,0.0,<pad>,0.053617,correct,0.95,rule_based_v1
da6215fd83504549be52ce1acc62483f.wav,problem.,b,4,10.235,10.285,0.05,1.0,-12.5847,12.5847,<pad>,0.057204,substitution,0.95,rule_based_v1
da6215fd83504549be52ce1acc62483f.wav,problem.,l,5,10.285,10.335,0.05,0.833,-7.196,3.1793,b,0.06804,substitution,0.818,rule_based_v1
da6215fd83504549be52ce1acc62483f.wav,problem.,ə,6,10.335,10.385,0.05,0.833,-8.1168,8.0725,l,0.049184,substitution,0.95,rule_based_v1
da6215fd83504549be52ce1acc62483f.wav,problem.,m,7,10.385,10.435,0.05,0.714,-12.2684,8.8972,<pad>,0.039778,substitution,0.95,rule_based_v1
da6215fd83504549be52ce1acc62483f.wav,The,ð,0,11.436,11.486,0.05,0.833,-6.2846,2.1673,<pad>,0.124159,distortion,0.517,rule_based_v1
da6215fd83504549be52ce1acc62483f.wav,The,ə,1,11.486,11.536,0.05,0.833,-4.813,0.9469,<pad>,0.151081,correct,0.713,rule_based_v1
da6215fd83504549be52ce1acc62483f.wav,brewery,b,0,11.576,11.6274,0.0514,1.029,-5.7662,1.0426,<pad>,0.067018,distortion,0.55,rule_based_v1
da6215fd83504549be52ce1acc62483f.wav,brewery,ɹ,1,11.6274,11.6789,0.0514,0.643,-0.7657,0.0,ɹ,0.202727,correct,0.95,rule_based_v1
da6215fd83504549be52ce1acc62483f.wav,brewery,u,2,11.6789,11.7303,0.0514,0.643,-7.5997,4.3349,ɹ,0.164715,substitution,0.933,rule_based_v1
da6215fd83504549be52ce1acc62483f.wav,brewery,ː,3,11.7303,11.7817,0.0514,0.643,-0.0,0.0,<pad>,0.163339,correct,0.95,rule_based_v1
da6215fd83504549be52ce1acc62483f.wav,brewery,ɚ,4,11.7817,11.8331,0.0514,0.643,-13.6157,13.6151,<pad>,0.185785,substitution,0.95,rule_based_v1
da6215fd83504549be52ce1acc62483f.wav,brewery,ɹ,5,11.8331,11.8846,0.0514,0.643,-4.3865,3.9082,<pad>,0.147877,substitution,0.891,rule_based_v1
da6215fd83504549be52ce1acc62483f.wav,brewery,i,6,11.8846,11.936,0.0514,0.643,-10.0605,8.1517,ɹ,0.077383,substitution,0.95,rule_based_v1
da6215fd83504549be52ce1acc62483f.wav,produced,p,0,11.996,12.041,0.045,0.75,-9.2466,9.0499,ɹ,0.086561,substitution,0.95,rule_based_v1
da6215fd83504549be52ce1acc62483f.wav,produced,ɹ,1,12.041,12.086,0.045,0.562,-8.0049,4.3777,<pad>,0.115329,substitution,0.938,rule_based_v1
da6215fd83504549be52ce1acc62483f.wav,produced,ə,2,12.086,12.131,0.045,0.75,-9.2805,9.2788,<pad>,0.025255,substitution,0.95,rule_based_v1
da6215fd83504549be52ce1acc62483f.wav,produced,d,3,12.131,12.176,0.045,0.9,-5.8918,0.5353,<pad>,0.155818,correct,0.816,rule_based_v1
da6215fd83504549be52ce1acc62483f.wav,produced,u,4,12.176,12.221,0.045,0.562,-6.6074,3.8119,uː,0.138315,substitution,0.881,rule_based_v1
da6215fd83504549be52ce1acc62483f.wav,produced,ː,5,12.221,12.266,0.045,0.562,-0.0001,0.0,<pad>,0.059372,correct,0.95,rule_based_v1
da6215fd83504549be52ce1acc62483f.wav,produced,s,6,12.266,12.311,0.045,0.45,-11.5427,11.5426,<pad>,0.041086,substitution,0.95,rule_based_v1
da6215fd83504549be52ce1acc62483f.wav,produced,t,7,12.311,12.356,0.045,0.75,-8.3488,4.6071,s,0.00662,substitution,0.95,rule_based_v1
da6215fd83504549be52ce1acc62483f.wav,300,θ,0,12.436,12.4851,0.0491,0.545,-7.813,3.335,<pad>,0.009415,substitution,0.834,rule_based_v1
da6215fd83504549be52ce1acc62483f.wav,300,ɹ,1,12.4851,12.5342,0.0491,0.614,-7.1711,7.1687,<pad>,0.084202,substitution,0.95,rule_based_v1
da6215fd83504549be52ce1acc62483f.wav,300,i,2,12.5342,12.5833,0.0491,0.614,-10.9035,10.8762,ɹ,0.140671,substitution,0.95,rule_based_v1
da6215fd83504549be52ce1acc62483f.wav,300,ː,3,12.5833,12.6324,0.0491,0.614,-0.093,-4.3655,<pad>,0.10369,correct,0.95,rule_based_v1
da6215fd83504549be52ce1acc62483f.wav,300,h,4,12.6324,12.6815,0.0491,0.818,-14.3661,14.366,<pad>,0.035323,substitution,0.95,rule_based_v1
da6215fd83504549be52ce1acc62483f.wav,300,ʌ,5,12.6815,12.7305,0.0491,0.701,-15.6791,15.679,<pad>,0.047229,substitution,0.95,rule_based_v1
da6215fd83504549be52ce1acc62483f.wav,300,n,6,12.7305,12.7796,0.0491,0.818,-8.9806,8.16,h,0.121705,substitution,0.95,rule_based_v1
da6215fd83504549be52ce1acc62483f.wav,300,d,7,12.7796,12.8287,0.0491,0.982,-12.3337,8.8496,<pad>,0.055517,substitution,0.95,rule_based_v1
da6215fd83504549be52ce1acc62483f.wav,300,ɹ,8,12.8287,12.8778,0.0491,0.614,-16.0146,15.9854,<pad>,0.101643,substitution,0.95,rule_based_v1
da6215fd83504549be52ce1acc62483f.wav,300,ɪ,9,12.8778,12.9269,0.0491,0.614,-11.098,10.0508,n,0.070819,substitution,0.95,rule_based_v1
da6215fd83504549be52ce1acc62483f.wav,300,d,10,12.9269,12.976,0.0491,0.982,-3.9316,0.0602,ɹ,0.012572,correct,0.935,rule_based_v1
da6215fd83504549be52ce1acc62483f.wav,fresh,f,0,13.016,13.081,0.065,0.722,-6.4553,3.5141,<pad>,0.03441,substitution,0.851,rule_based_v1
da6215fd83504549be52ce1acc62483f.wav,fresh,ɹ,1,13.081,13.146,0.065,0.812,-2.915,0.0,ɹ,0.163441,correct,0.95,rule_based_v1
da6215fd83504549be52ce1acc62483f.wav,fresh,ɛ,2,13.146,13.211,0.065,0.812,-11.1667,11.1664,<pad>,0.062035,substitution,0.95,rule_based_v1
da6215fd83504549be52ce1acc62483f.wav,fresh,ʃ,3,13.211,13.276,0.065,0.65,-4.2694,1.7923,<pad>,0.054852,distortion,0.55,rule_based_v1
da6215fd83504549be52ce1acc62483f.wav,beverages.,b,0,13.316,13.3701,0.0541,1.082,-5.2849,0.959,<pad>,0.135077,correct,0.71,rule_based_v1
da6215fd83504549be52ce1acc62483f.wav,beverages.,ɛ,1,13.3701,13.4242,0.0541,0.676,-5.9952,1.3028,<pad>,0.155682,distortion,0.55,rule_based_v1
da6215fd83504549be52ce1acc62483f.wav,beverages.,v,2,13.4242,13.4783,0.0541,0.773,-14.2965,14.2963,<pad>,0.041697,substitution,0.95,rule_based_v1
da6215fd83504549be52ce1acc62483f.wav,beverages.,ɚ,3,13.4783,13.5324,0.0541,0.676,-16.5539,16.5539,<pad>,0.11274,substitution,0.95,rule_based_v1
da6215fd83504549be52ce1acc62483f.wav,beverages.,ɹ,4,13.5324,13.5865,0.0541,0.676,-2.7293,0.0,ɹ,0.054101,correct,0.95,rule_based_v1
da6215fd83504549be52ce1acc62483f.wav,beverages.,ɪ,5,13.5865,13.6406,0.0541,0.676,-4.5484,1.4569,<pad>,0.045159,distortion,0.55,rule_based_v1
da6215fd83504549be52ce1acc62483f.wav,beverages.,d,6,13.6406,13.6947,0.0541,1.082,-8.7187,8.7183,<pad>,0.095117,substitution,0.95,rule_based_v1
da6215fd83504549be52ce1acc62483f.wav,beverages.,ʒ,7,13.6947,13.7488,0.0541,0.676,-11.0082,5.9327,<pad>,0.062179,substitution,0.95,rule_based_v1
da6215fd83504549be52ce1acc62483f.wav,beverages.,ᵻ,8,13.7488,13.8029,0.0541,0.676,-10.5874,10.5849,<pad>,0.038949,substitution,0.95,rule_based_v1
da6215fd83504549be52ce1acc62483f.wav,beverages.,z,9,13.8029,13.857,0.0541,0.676,-12.0329,8.3351,<pad>,0.027866,substitution,0.95,rule_based_v1
da6215fd83504549be52ce1acc62483f.wav,The,ð,0,14.977,15.017,0.04,0.667,-4.7811,0.8076,<pad>,0.199809,correct,0.748,rule_based_v1
da6215fd83504549be52ce1acc62483f.wav,The,ə,1,15.017,15.057,0.04,0.667,-8.824,5.1978,<pad>,0.204847,substitution,0.95,rule_based_v1
da6215fd83504549be52ce1acc62483f.wav,architecture,ɑ,0,15.157,15.2079,0.0509,0.636,-16.1587,16.1584,<pad>,0.148371,substitution,0.95,rule_based_v1
da6215fd83504549be52ce1acc62483f.wav,architecture,ː,1,15.2079,15.2588,0.0509,0.636,-0.0028,0.0,<pad>,0.004173,correct,0.95,rule_based_v1
da6215fd83504549be52ce1acc62483f.wav,architecture,ɹ,2,15.2588,15.3097,0.0509,0.636,-14.7707,14.77,<pad>,0.10087,substitution,0.95,rule_based_v1
da6215fd83504549be52ce1acc62483f.wav,architecture,k,3,15.3097,15.3606,0.0509,0.727,-4.3638,0.0,k,0.082558,correct,0.95,rule_based_v1
da6215fd83504549be52ce1acc62483f.wav,architecture,ɪ,4,15.3606,15.4115,0.0509,0.636,-6.338,2.984,<pad>,0.060521,distortion,0.598,rule_based_v1
da6215fd83504549be52ce1acc62483f.wav,architecture,t,5,15.4115,15.4625,0.0509,0.848,-4.6768,4.0685,<pad>,0.132301,substitution,0.907,rule_based_v1
da6215fd83504549be52ce1acc62483f.wav,architecture,ɛ,6,15.4625,15.5134,0.0509,0.636,-9.2918,6.2715,<pad>,0.139277,substitution,0.95,rule_based_v1
da6215fd83504549be52ce1acc62483f.wav,architecture,k,7,15.5134,15.5643,0.0509,0.727,-11.2961,6.2513,ɛ,0.012415,substitution,0.95,rule_based_v1
da6215fd83504549be52ce1acc62483f.wav,architecture,t,8,15.5643,15.6152,0.0509,0.848,-12.5118,12.5118,<pad>,0.090418,substitution,0.95,rule_based_v1
da6215fd83504549be52ce1acc62483f.wav,architecture,ʃ,9,15.6152,15.6661,0.0509,0.509,-17.5334,17.5334,<pad>,0.077176,substitution,0.95,rule_based_v1
da6215fd83504549be52ce1acc62483f.wav,architecture,ɚ,10,15.6661,15.717,0.0509,0.636,-14.6573,10.2578,<pad>,0.154652,substitution,0.95,rule_based_v1
da6215fd83504549be52ce1acc62483f.wav,of,ʌ,0,15.757,15.777,0.02,0.286,-11.8205,11.8205,<pad>,0.032624,substitution,0.95,rule_based_v1
da6215fd83504549be52ce1acc62483f.wav,of,v,1,15.777,15.797,0.02,0.286,-2.7765,2.7103,<pad>,0.012804,deletion,0.786,rule_based_v1
da6215fd83504549be52ce1acc62483f.wav,the,ð,0,15.837,15.877,0.04,0.667,-4.151,0.1138,ə,0.146247,correct,0.922,rule_based_v1
da6215fd83504549be52ce1acc62483f.wav,the,ə,1,15.877,15.917,0.04,0.667,-7.4801,7.4746,<pad>,0.096318,substitution,0.95,rule_based_v1
da6215fd83504549be52ce1acc62483f.wav,library,l,0,15.957,16.0121,0.0551,0.919,-3.1772,0.0,l,0.157681,correct,0.95,rule_based_v1
da6215fd83504549be52ce1acc62483f.wav,library,a,1,16.0121,16.0672,0.0551,0.689,-9.3636,4.1269,<pad>,0.170048,substitution,0.913,rule_based_v1
da6215fd83504549be52ce1acc62483f.wav,library,ɪ,2,16.0672,16.1224,0.0551,0.689,-16.2425,16.2425,<pad>,0.096507,substitution,0.95,rule_based_v1
da6215fd83504549be52ce1acc62483f.wav,library,b,3,16.1224,16.1775,0.0551,1.102,-14.1086,14.1083,<pad>,0.008359,substitution,0.95,rule_based_v1
da6215fd83504549be52ce1acc62483f.wav,library,ɹ,4,16.1775,16.2326,0.0551,0.689,-13.0146,13.0144,<pad>,0.125045,substitution,0.95,rule_based_v1
da6215fd83504549be52ce1acc62483f.wav,library,ɛ,5,16.2326,16.2878,0.0551,0.689,-10.5623,7.0784,b,0.101567,substitution,0.95,rule_based_v1
da6215fd83504549be52ce1acc62483f.wav,library,ɹ,6,16.2878,16.3429,0.0551,0.689,-2.4572,0.0,ɹ,0.09136,correct,0.95,rule_based_v1
da6215fd83504549be52ce1acc62483f.wav,library,i,7,16.3429,16.398,0.0551,0.689,-16.5659,16.5658,<pad>,0.11291,substitution,0.95,rule_based_v1
da6215fd83504549be52ce1acc62483f.wav,is,ɪ,0,16.498,16.538,0.04,0.5,-11.1177,11.1172,<pad>,0.053363,substitution,0.95,rule_based_v1
da6215fd83504549be52ce1acc62483f.wav,is,z,1,16.538,16.578,0.04,0.5,-0.0701,0.0,z,0.039111,correct,0.95,rule_based_v1
da6215fd83504549be52ce1acc62483f.wav,extraordinary.,ɛ,0,16.658,16.6994,0.0414,0.518,-13.5901,9.2991,<pad>,0.033375,substitution,0.95,rule_based_v1
da6215fd83504549be52ce1acc62483f.wav,extraordinary.,k,1,16.6994,16.7409,0.0414,0.592,-10.7445,7.3474,s,0.076631,substitution,0.95,rule_based_v1
da6215fd83504549be52ce1acc62483f.wav,extraordinary.,s,2,16.7409,16.7823,0.0414,0.414,-10.7681,10.768,<pad>,0.011241,substitution,0.95,rule_based_v1
da6215fd83504549be52ce1acc62483f.wav,extraordinary.,t,3,16.7823,16.8237,0.0414,0.69,-3.7531,0.0,t,0.076013,correct,0.95,rule_based_v1
da6215fd83504549be52ce1acc62483f.wav,extraordinary.,ɹ,4,16.8237,16.8651,0.0414,0.518,-1.8037,0.357,<pad>,0.112983,correct,0.861,rule_based_v1
da6215fd83504549be52ce1acc62483f.wav,extraordinary.,ɔ,5,16.8651,16.9066,0.0414,0.518,-11.325,4.6909,<pad>,0.099296,substitution,0.95,rule_based_v1
da6215fd83504549be52ce1acc62483f.wav,extraordinary.,ː,6,16.9066,16.948,0.0414,0.518,-0.0002,0.0,<pad>,0.069602,correct,0.95,rule_based_v1
da6215fd83504549be52ce1acc62483f.wav,extraordinary.,ɹ,7,16.948,16.9894,0.0414,0.518,-11.5322,8.2268,<pad>,0.082522,substitution,0.95,rule_based_v1
da6215fd83504549be52ce1acc62483f.wav,extraordinary.,d,8,16.9894,17.0309,0.0414,0.829,-9.5759,9.5252,<pad>,0.082577,substitution,0.95,rule_based_v1
da6215fd83504549be52ce1acc62483f.wav,extraordinary.,ɪ,9,17.0309,17.0723,0.0414,0.518,-12.2447,8.0469,<pad>,0.078488,substitution,0.95,rule_based_v1
da6215fd83504549be52ce1acc62483f.wav,extraordinary.,n,10,17.0723,17.1137,0.0414,0.69,-11.393,6.8189,<pad>,0.07216,substitution,0.95,rule_based_v1
da6215fd83504549be52ce1acc62483f.wav,extraordinary.,ɛ,11,17.1137,17.1551,0.0414,0.518,-16.6187,16.6187,<pad>,0.061114,substitution,0.95,rule_based_v1
da6215fd83504549be52ce1acc62483f.wav,extraordinary.,ɹ,12,17.1551,17.1966,0.0414,0.518,-0.0908,0.0,ɹ,0.056989,correct,0.95,rule_based_v1
da6215fd83504549be52ce1acc62483f.wav,extraordinary.,i,13,17.1966,17.238,0.0414,0.518,-5.9382,2.965,<pad>,0.052425,distortion,0.597,rule_based_v1
